,idx,day,trial,reward_zone_start,reward_zone_end,swap_zone_start,swap_zone_end,trial_type,swap_type,omit,animal
0,0,3,0,320,370,80.0,130.0,pre_swap,swap_proximal,False,GCAMP3
1,1,3,1,320,370,80.0,130.0,pre_swap,swap_proximal,False,GCAMP3
2,2,3,2,320,370,80.0,130.0,pre_swap,swap_proximal,False,GCAMP3
3,3,3,3,320,370,80.0,130.0,pre_swap,swap_proximal,False,GCAMP3
4,4,3,4,320,370,80.0,130.0,pre_swap,swap_proximal,False,GCAMP3
5,5,3,5,320,370,80.0,130.0,pre_swap,swap_proximal,False,GCAMP3
6,6,3,6,320,370,80.0,130.0,pre_swap,swap_proximal,False,GCAMP3
7,7,3,7,320,370,80.0,130.0,pre_swap,swap_proximal,False,GCAMP3
8,8,3,8,320,370,80.0,130.0,pre_swap,swap_proximal,False,GCAMP3
9,9,3,9,320,370,80.0,130.0,pre_swap,swap_proximal,False,GCAMP3
10,10,3,10,320,370,80.0,130.0,pre_swap,swap_proximal,False,GCAMP3
11,11,3,11,320,370,80.0,130.0,pre_swap,swap_proximal,False,GCAMP3
12,12,3,12,320,370,80.0,130.0,pre_swap,swap_proximal,False,GCAMP3
13,13,3,13,320,370,80.0,130.0,pre_swap,swap_proximal,True,GCAMP3
14,14,3,14,320,370,80.0,130.0,pre_swap,swap_proximal,False,GCAMP3
15,15,3,15,320,370,80.0,130.0,pre_swap,swap_proximal,False,GCAMP3
16,16,3,16,320,370,80.0,130.0,pre_swap,swap_proximal,False,GCAMP3
17,17,3,17,320,370,80.0,130.0,pre_swap,swap_proximal,False,GCAMP3
18,18,3,18,320,370,80.0,130.0,pre_swap,swap_proximal,False,GCAMP3
19,19,3,19,320,370,80.0,130.0,pre_swap,swap_proximal,False,GCAMP3
20,20,3,20,320,370,80.0,130.0,pre_swap,swap_proximal,False,GCAMP3
21,21,3,21,320,370,80.0,130.0,pre_swap,swap_proximal,False,GCAMP3
22,22,3,22,320,370,80.0,130.0,pre_swap,swap_proximal,False,GCAMP3
23,23,3,23,320,370,80.0,130.0,pre_swap,swap_proximal,False,GCAMP3
24,24,3,24,320,370,80.0,130.0,pre_swap,swap_proximal,False,GCAMP3
25,25,3,25,320,370,80.0,130.0,pre_swap,swap_proximal,False,GCAMP3
26,26,3,26,320,370,80.0,130.0,pre_swap,swap_proximal,False,GCAMP3
27,27,3,27,320,370,80.0,130.0,pre_swap,swap_proximal,False,GCAMP3
28,28,3,28,320,370,80.0,130.0,pre_swap,swap_proximal,True,GCAMP3
29,29,3,29,320,370,80.0,130.0,pre_swap,swap_proximal,False,GCAMP3
30,30,3,30,80,130,320.0,370.0,post_swap,swap_proximal,False,GCAMP3
31,31,3,31,80,130,320.0,370.0,post_swap,swap_proximal,False,GCAMP3
32,32,3,32,80,130,320.0,370.0,post_swap,swap_proximal,False,GCAMP3
33,33,3,33,80,130,320.0,370.0,post_swap,swap_proximal,False,GCAMP3
34,34,3,34,80,130,320.0,370.0,post_swap,swap_proximal,True,GCAMP3
35,35,3,35,80,130,320.0,370.0,post_swap,swap_proximal,True,GCAMP3
36,36,3,36,80,130,320.0,370.0,post_swap,swap_proximal,False,GCAMP3
37,37,3,37,80,130,320.0,370.0,post_swap,swap_proximal,True,GCAMP3
38,38,3,38,80,130,320.0,370.0,post_swap,swap_proximal,False,GCAMP3
39,39,3,39,80,130,320.0,370.0,post_swap,swap_proximal,False,GCAMP3
40,40,3,40,80,130,320.0,370.0,post_swap,swap_proximal,False,GCAMP3
41,41,3,41,80,130,320.0,370.0,post_swap,swap_proximal,False,GCAMP3
42,42,3,42,80,130,320.0,370.0,post_swap,swap_proximal,False,GCAMP3
43,43,3,43,80,130,320.0,370.0,post_swap,swap_proximal,False,GCAMP3
44,44,3,44,80,130,320.0,370.0,post_swap,swap_proximal,False,GCAMP3
45,45,3,45,80,130,320.0,370.0,post_swap,swap_proximal,False,GCAMP3
46,46,3,46,80,130,320.0,370.0,post_swap,swap_proximal,False,GCAMP3
47,47,3,47,80,130,320.0,370.0,post_swap,swap_proximal,False,GCAMP3
48,48,3,48,80,130,320.0,370.0,post_swap,swap_proximal,True,GCAMP3
49,49,3,49,80,130,320.0,370.0,post_swap,swap_proximal,False,GCAMP3
50,50,3,50,80,130,320.0,370.0,post_swap,swap_proximal,False,GCAMP3
51,51,3,51,80,130,320.0,370.0,post_swap,swap_proximal,False,GCAMP3
52,52,3,52,80,130,320.0,370.0,post_swap,swap_proximal,False,GCAMP3
53,53,3,53,80,130,320.0,370.0,post_swap,swap_proximal,False,GCAMP3
54,54,3,54,80,130,320.0,370.0,post_swap,swap_proximal,False,GCAMP3
55,55,3,55,80,130,320.0,370.0,post_swap,swap_proximal,False,GCAMP3
56,56,3,56,80,130,320.0,370.0,post_swap,swap_proximal,False,GCAMP3
57,57,3,57,80,130,320.0,370.0,post_swap,swap_proximal,False,GCAMP3
58,58,3,58,80,130,320.0,370.0,post_swap,swap_proximal,False,GCAMP3
59,59,3,59,80,130,320.0,370.0,post_swap,swap_proximal,False,GCAMP3
60,60,3,60,80,130,320.0,370.0,post_swap,swap_proximal,False,GCAMP3
61,61,3,61,80,130,320.0,370.0,post_swap,swap_proximal,False,GCAMP3
62,62,3,62,80,130,320.0,370.0,post_swap,swap_proximal,False,GCAMP3
63,63,3,63,80,130,320.0,370.0,post_swap,swap_proximal,False,GCAMP3
64,64,3,64,80,130,320.0,370.0,post_swap,swap_proximal,False,GCAMP3
65,65,3,65,80,130,320.0,370.0,post_swap,swap_proximal,False,GCAMP3
66,66,3,66,80,130,320.0,370.0,post_swap,swap_proximal,False,GCAMP3
67,67,3,67,80,130,320.0,370.0,post_swap,swap_proximal,False,GCAMP3
68,68,3,68,80,130,320.0,370.0,post_swap,swap_proximal,False,GCAMP3
69,69,3,69,80,130,320.0,370.0,post_swap,swap_proximal,True,GCAMP3
70,70,3,70,80,130,320.0,370.0,post_swap,swap_proximal,False,GCAMP3
71,71,3,71,80,130,320.0,370.0,post_swap,swap_proximal,False,GCAMP3
72,72,3,72,80,130,320.0,370.0,post_swap,swap_proximal,False,GCAMP3
73,73,3,73,80,130,320.0,370.0,post_swap,swap_proximal,True,GCAMP3
74,74,3,74,80,130,320.0,370.0,post_swap,swap_proximal,True,GCAMP3
75,75,3,75,80,130,320.0,370.0,post_swap,swap_proximal,False,GCAMP3
76,76,3,76,80,130,320.0,370.0,post_swap,swap_proximal,False,GCAMP3
77,77,3,77,80,130,320.0,370.0,post_swap,swap_proximal,True,GCAMP3
78,78,3,78,80,130,320.0,370.0,post_swap,swap_proximal,False,GCAMP3
79,79,3,79,80,130,320.0,370.0,post_swap,swap_proximal,False,GCAMP3
0,80,5,0,80,130,200.0,250.0,pre_swap,swap_distal,True,GCAMP3
1,81,5,1,80,130,200.0,250.0,pre_swap,swap_distal,False,GCAMP3
2,82,5,2,80,130,200.0,250.0,pre_swap,swap_distal,False,GCAMP3
3,83,5,3,80,130,200.0,250.0,pre_swap,swap_distal,False,GCAMP3
4,84,5,4,80,130,200.0,250.0,pre_swap,swap_distal,False,GCAMP3
5,85,5,5,80,130,200.0,250.0,pre_swap,swap_distal,False,GCAMP3
6,86,5,6,80,130,200.0,250.0,pre_swap,swap_distal,False,GCAMP3
7,87,5,7,80,130,200.0,250.0,pre_swap,swap_distal,True,GCAMP3
8,88,5,8,80,130,200.0,250.0,pre_swap,swap_distal,False,GCAMP3
9,89,5,9,80,130,200.0,250.0,pre_swap,swap_distal,False,GCAMP3
10,90,5,10,80,130,200.0,250.0,pre_swap,swap_distal,False,GCAMP3
11,91,5,11,80,130,200.0,250.0,pre_swap,swap_distal,False,GCAMP3
12,92,5,12,80,130,200.0,250.0,pre_swap,swap_distal,True,GCAMP3
13,93,5,13,80,130,200.0,250.0,pre_swap,swap_distal,False,GCAMP3
14,94,5,14,80,130,200.0,250.0,pre_swap,swap_distal,False,GCAMP3
15,95,5,15,80,130,200.0,250.0,pre_swap,swap_distal,False,GCAMP3
16,96,5,16,80,130,200.0,250.0,pre_swap,swap_distal,False,GCAMP3
17,97,5,17,80,130,200.0,250.0,pre_swap,swap_distal,False,GCAMP3
18,98,5,18,80,130,200.0,250.0,pre_swap,swap_distal,False,GCAMP3
19,99,5,19,80,130,200.0,250.0,pre_swap,swap_distal,False,GCAMP3
20,100,5,20,80,130,200.0,250.0,pre_swap,swap_distal,False,GCAMP3
21,101,5,21,80,130,200.0,250.0,pre_swap,swap_distal,False,GCAMP3
22,102,5,22,80,130,200.0,250.0,pre_swap,swap_distal,False,GCAMP3
23,103,5,23,80,130,200.0,250.0,pre_swap,swap_distal,False,GCAMP3
24,104,5,24,80,130,200.0,250.0,pre_swap,swap_distal,False,GCAMP3
25,105,5,25,80,130,200.0,250.0,pre_swap,swap_distal,False,GCAMP3
26,106,5,26,80,130,200.0,250.0,pre_swap,swap_distal,False,GCAMP3
27,107,5,27,80,130,200.0,250.0,pre_swap,swap_distal,False,GCAMP3
28,108,5,28,80,130,200.0,250.0,pre_swap,swap_distal,False,GCAMP3
29,109,5,29,80,130,200.0,250.0,pre_swap,swap_distal,True,GCAMP3
30,110,5,30,200,250,80.0,130.0,post_swap,swap_distal,False,GCAMP3
31,111,5,31,200,250,80.0,130.0,post_swap,swap_distal,False,GCAMP3
32,112,5,32,200,250,80.0,130.0,post_swap,swap_distal,True,GCAMP3
33,113,5,33,200,250,80.0,130.0,post_swap,swap_distal,False,GCAMP3
34,114,5,34,200,250,80.0,130.0,post_swap,swap_distal,False,GCAMP3
35,115,5,35,200,250,80.0,130.0,post_swap,swap_distal,False,GCAMP3
36,116,5,36,200,250,80.0,130.0,post_swap,swap_distal,False,GCAMP3
37,117,5,37,200,250,80.0,130.0,post_swap,swap_distal,False,GCAMP3
38,118,5,38,200,250,80.0,130.0,post_swap,swap_distal,True,GCAMP3
39,119,5,39,200,250,80.0,130.0,post_swap,swap_distal,False,GCAMP3
40,120,5,40,200,250,80.0,130.0,post_swap,swap_distal,False,GCAMP3
41,121,5,41,200,250,80.0,130.0,post_swap,swap_distal,False,GCAMP3
42,122,5,42,200,250,80.0,130.0,post_swap,swap_distal,False,GCAMP3
43,123,5,43,200,250,80.0,130.0,post_swap,swap_distal,False,GCAMP3
44,124,5,44,200,250,80.0,130.0,post_swap,swap_distal,False,GCAMP3
45,125,5,45,200,250,80.0,130.0,post_swap,swap_distal,False,GCAMP3
46,126,5,46,200,250,80.0,130.0,post_swap,swap_distal,False,GCAMP3
47,127,5,47,200,250,80.0,130.0,post_swap,swap_distal,False,GCAMP3
48,128,5,48,200,250,80.0,130.0,post_swap,swap_distal,False,GCAMP3
49,129,5,49,200,250,80.0,130.0,post_swap,swap_distal,False,GCAMP3
50,130,5,50,200,250,80.0,130.0,post_swap,swap_distal,False,GCAMP3
51,131,5,51,200,250,80.0,130.0,post_swap,swap_distal,False,GCAMP3
52,132,5,52,200,250,80.0,130.0,post_swap,swap_distal,False,GCAMP3
53,133,5,53,200,250,80.0,130.0,post_swap,swap_distal,False,GCAMP3
54,134,5,54,200,250,80.0,130.0,post_swap,swap_distal,False,GCAMP3
55,135,5,55,200,250,80.0,130.0,post_swap,swap_distal,False,GCAMP3
56,136,5,56,200,250,80.0,130.0,post_swap,swap_distal,False,GCAMP3
57,137,5,57,200,250,80.0,130.0,post_swap,swap_distal,False,GCAMP3
58,138,5,58,200,250,80.0,130.0,post_swap,swap_distal,False,GCAMP3
59,139,5,59,200,250,80.0,130.0,post_swap,swap_distal,False,GCAMP3
60,140,5,60,200,250,80.0,130.0,post_swap,swap_distal,True,GCAMP3
61,141,5,61,200,250,80.0,130.0,post_swap,swap_distal,False,GCAMP3
62,142,5,62,200,250,80.0,130.0,post_swap,swap_distal,False,GCAMP3
63,143,5,63,200,250,80.0,130.0,post_swap,swap_distal,True,GCAMP3
64,144,5,64,200,250,80.0,130.0,post_swap,swap_distal,False,GCAMP3
65,145,5,65,200,250,80.0,130.0,post_swap,swap_distal,False,GCAMP3
66,146,5,66,200,250,80.0,130.0,post_swap,swap_distal,True,GCAMP3
67,147,5,67,200,250,80.0,130.0,post_swap,swap_distal,False,GCAMP3
68,148,5,68,200,250,80.0,130.0,post_swap,swap_distal,False,GCAMP3
69,149,5,69,200,250,80.0,130.0,post_swap,swap_distal,True,GCAMP3
70,150,5,70,200,250,80.0,130.0,post_swap,swap_distal,False,GCAMP3
71,151,5,71,200,250,80.0,130.0,post_swap,swap_distal,False,GCAMP3
72,152,5,72,200,250,80.0,130.0,post_swap,swap_distal,False,GCAMP3
73,153,5,73,200,250,80.0,130.0,post_swap,swap_distal,False,GCAMP3
74,154,5,74,200,250,80.0,130.0,post_swap,swap_distal,False,GCAMP3
75,155,5,75,200,250,80.0,130.0,post_swap,swap_distal,False,GCAMP3
76,156,5,76,200,250,80.0,130.0,post_swap,swap_distal,True,GCAMP3
77,157,5,77,200,250,80.0,130.0,post_swap,swap_distal,False,GCAMP3
78,158,5,78,200,250,80.0,130.0,post_swap,swap_distal,True,GCAMP3
79,159,5,79,200,250,80.0,130.0,post_swap,swap_distal,False,GCAMP3
0,160,7,0,200,250,320.0,370.0,pre_swap,swap_distal,True,GCAMP3
1,161,7,1,200,250,320.0,370.0,pre_swap,swap_distal,False,GCAMP3
2,162,7,2,200,250,320.0,370.0,pre_swap,swap_distal,False,GCAMP3
3,163,7,3,200,250,320.0,370.0,pre_swap,swap_distal,False,GCAMP3
4,164,7,4,200,250,320.0,370.0,pre_swap,swap_distal,False,GCAMP3
5,165,7,5,200,250,320.0,370.0,pre_swap,swap_distal,False,GCAMP3
6,166,7,6,200,250,320.0,370.0,pre_swap,swap_distal,False,GCAMP3
7,167,7,7,200,250,320.0,370.0,pre_swap,swap_distal,True,GCAMP3
8,168,7,8,200,250,320.0,370.0,pre_swap,swap_distal,False,GCAMP3
9,169,7,9,200,250,320.0,370.0,pre_swap,swap_distal,False,GCAMP3
10,170,7,10,200,250,320.0,370.0,pre_swap,swap_distal,False,GCAMP3
11,171,7,11,200,250,320.0,370.0,pre_swap,swap_distal,False,GCAMP3
12,172,7,12,200,250,320.0,370.0,pre_swap,swap_distal,False,GCAMP3
13,173,7,13,200,250,320.0,370.0,pre_swap,swap_distal,False,GCAMP3
14,174,7,14,200,250,320.0,370.0,pre_swap,swap_distal,False,GCAMP3
15,175,7,15,200,250,320.0,370.0,pre_swap,swap_distal,False,GCAMP3
16,176,7,16,200,250,320.0,370.0,pre_swap,swap_distal,False,GCAMP3
17,177,7,17,200,250,320.0,370.0,pre_swap,swap_distal,False,GCAMP3
18,178,7,18,200,250,320.0,370.0,pre_swap,swap_distal,True,GCAMP3
19,179,7,19,200,250,320.0,370.0,pre_swap,swap_distal,False,GCAMP3
20,180,7,20,200,250,320.0,370.0,pre_swap,swap_distal,False,GCAMP3
21,181,7,21,200,250,320.0,370.0,pre_swap,swap_distal,False,GCAMP3
22,182,7,22,200,250,320.0,370.0,pre_swap,swap_distal,False,GCAMP3
23,183,7,23,200,250,320.0,370.0,pre_swap,swap_distal,False,GCAMP3
24,184,7,24,200,250,320.0,370.0,pre_swap,swap_distal,False,GCAMP3
25,185,7,25,200,250,320.0,370.0,pre_swap,swap_distal,False,GCAMP3
26,186,7,26,200,250,320.0,370.0,pre_swap,swap_distal,False,GCAMP3
27,187,7,27,200,250,320.0,370.0,pre_swap,swap_distal,False,GCAMP3
28,188,7,28,200,250,320.0,370.0,pre_swap,swap_distal,False,GCAMP3
29,189,7,29,200,250,320.0,370.0,pre_swap,swap_distal,False,GCAMP3
30,190,7,30,320,370,200.0,250.0,post_swap,swap_distal,False,GCAMP3
31,191,7,31,320,370,200.0,250.0,post_swap,swap_distal,False,GCAMP3
32,192,7,32,320,370,200.0,250.0,post_swap,swap_distal,True,GCAMP3
33,193,7,33,320,370,200.0,250.0,post_swap,swap_distal,False,GCAMP3
34,194,7,34,320,370,200.0,250.0,post_swap,swap_distal,False,GCAMP3
35,195,7,35,320,370,200.0,250.0,post_swap,swap_distal,False,GCAMP3
36,196,7,36,320,370,200.0,250.0,post_swap,swap_distal,True,GCAMP3
37,197,7,37,320,370,200.0,250.0,post_swap,swap_distal,False,GCAMP3
38,198,7,38,320,370,200.0,250.0,post_swap,swap_distal,True,GCAMP3
39,199,7,39,320,370,200.0,250.0,post_swap,swap_distal,False,GCAMP3
40,200,7,40,320,370,200.0,250.0,post_swap,swap_distal,False,GCAMP3
41,201,7,41,320,370,200.0,250.0,post_swap,swap_distal,False,GCAMP3
42,202,7,42,320,370,200.0,250.0,post_swap,swap_distal,False,GCAMP3
43,203,7,43,320,370,200.0,250.0,post_swap,swap_distal,False,GCAMP3
44,204,7,44,320,370,200.0,250.0,post_swap,swap_distal,False,GCAMP3
45,205,7,45,320,370,200.0,250.0,post_swap,swap_distal,False,GCAMP3
46,206,7,46,320,370,200.0,250.0,post_swap,swap_distal,False,GCAMP3
47,207,7,47,320,370,200.0,250.0,post_swap,swap_distal,False,GCAMP3
48,208,7,48,320,370,200.0,250.0,post_swap,swap_distal,False,GCAMP3
49,209,7,49,320,370,200.0,250.0,post_swap,swap_distal,False,GCAMP3
50,210,7,50,320,370,200.0,250.0,post_swap,swap_distal,True,GCAMP3
51,211,7,51,320,370,200.0,250.0,post_swap,swap_distal,False,GCAMP3
52,212,7,52,320,370,200.0,250.0,post_swap,swap_distal,False,GCAMP3
53,213,7,53,320,370,200.0,250.0,post_swap,swap_distal,False,GCAMP3
54,214,7,54,320,370,200.0,250.0,post_swap,swap_distal,False,GCAMP3
55,215,7,55,320,370,200.0,250.0,post_swap,swap_distal,False,GCAMP3
56,216,7,56,320,370,200.0,250.0,post_swap,swap_distal,False,GCAMP3
57,217,7,57,320,370,200.0,250.0,post_swap,swap_distal,False,GCAMP3
58,218,7,58,320,370,200.0,250.0,post_swap,swap_distal,False,GCAMP3
59,219,7,59,320,370,200.0,250.0,post_swap,swap_distal,False,GCAMP3
60,220,7,60,320,370,200.0,250.0,post_swap,swap_distal,False,GCAMP3
61,221,7,61,320,370,200.0,250.0,post_swap,swap_distal,False,GCAMP3
62,222,7,62,320,370,200.0,250.0,post_swap,swap_distal,False,GCAMP3
63,223,7,63,320,370,200.0,250.0,post_swap,swap_distal,False,GCAMP3
64,224,7,64,320,370,200.0,250.0,post_swap,swap_distal,False,GCAMP3
65,225,7,65,320,370,200.0,250.0,post_swap,swap_distal,False,GCAMP3
66,226,7,66,320,370,200.0,250.0,post_swap,swap_distal,True,GCAMP3
67,227,7,67,320,370,200.0,250.0,post_swap,swap_distal,False,GCAMP3
68,228,7,68,320,370,200.0,250.0,post_swap,swap_distal,False,GCAMP3
69,229,7,69,320,370,200.0,250.0,post_swap,swap_distal,False,GCAMP3
70,230,7,70,320,370,200.0,250.0,post_swap,swap_distal,False,GCAMP3
71,231,7,71,320,370,200.0,250.0,post_swap,swap_distal,False,GCAMP3
72,232,7,72,320,370,200.0,250.0,post_swap,swap_distal,False,GCAMP3
73,233,7,73,320,370,200.0,250.0,post_swap,swap_distal,True,GCAMP3
74,234,7,74,320,370,200.0,250.0,post_swap,swap_distal,False,GCAMP3
75,235,7,75,320,370,200.0,250.0,post_swap,swap_distal,False,GCAMP3
76,236,7,76,320,370,200.0,250.0,post_swap,swap_distal,False,GCAMP3
77,237,7,77,320,370,200.0,250.0,post_swap,swap_distal,False,GCAMP3
78,238,7,78,320,370,200.0,250.0,post_swap,swap_distal,False,GCAMP3
79,239,7,79,320,370,200.0,250.0,post_swap,swap_distal,False,GCAMP3
0,240,8,0,320,370,200.0,250.0,pre_swap,swap_proximal,False,GCAMP3
1,241,8,1,320,370,200.0,250.0,pre_swap,swap_proximal,False,GCAMP3
2,242,8,2,320,370,200.0,250.0,pre_swap,swap_proximal,False,GCAMP3
3,243,8,3,320,370,200.0,250.0,pre_swap,swap_proximal,False,GCAMP3
4,244,8,4,320,370,200.0,250.0,pre_swap,swap_proximal,False,GCAMP3
5,245,8,5,320,370,200.0,250.0,pre_swap,swap_proximal,False,GCAMP3
6,246,8,6,320,370,200.0,250.0,pre_swap,swap_proximal,False,GCAMP3
7,247,8,7,320,370,200.0,250.0,pre_swap,swap_proximal,True,GCAMP3
8,248,8,8,320,370,200.0,250.0,pre_swap,swap_proximal,False,GCAMP3
9,249,8,9,320,370,200.0,250.0,pre_swap,swap_proximal,False,GCAMP3
10,250,8,10,320,370,200.0,250.0,pre_swap,swap_proximal,False,GCAMP3
11,251,8,11,320,370,200.0,250.0,pre_swap,swap_proximal,False,GCAMP3
12,252,8,12,320,370,200.0,250.0,pre_swap,swap_proximal,False,GCAMP3
13,253,8,13,320,370,200.0,250.0,pre_swap,swap_proximal,True,GCAMP3
14,254,8,14,320,370,200.0,250.0,pre_swap,swap_proximal,False,GCAMP3
15,255,8,15,320,370,200.0,250.0,pre_swap,swap_proximal,False,GCAMP3
16,256,8,16,320,370,200.0,250.0,pre_swap,swap_proximal,False,GCAMP3
17,257,8,17,320,370,200.0,250.0,pre_swap,swap_proximal,False,GCAMP3
18,258,8,18,320,370,200.0,250.0,pre_swap,swap_proximal,False,GCAMP3
19,259,8,19,320,370,200.0,250.0,pre_swap,swap_proximal,True,GCAMP3
20,260,8,20,320,370,200.0,250.0,pre_swap,swap_proximal,False,GCAMP3
21,261,8,21,320,370,200.0,250.0,pre_swap,swap_proximal,False,GCAMP3
22,262,8,22,320,370,200.0,250.0,pre_swap,swap_proximal,False,GCAMP3
23,263,8,23,320,370,200.0,250.0,pre_swap,swap_proximal,False,GCAMP3
24,264,8,24,320,370,200.0,250.0,pre_swap,swap_proximal,False,GCAMP3
25,265,8,25,320,370,200.0,250.0,pre_swap,swap_proximal,False,GCAMP3
26,266,8,26,320,370,200.0,250.0,pre_swap,swap_proximal,False,GCAMP3
27,267,8,27,320,370,200.0,250.0,pre_swap,swap_proximal,False,GCAMP3
28,268,8,28,320,370,200.0,250.0,pre_swap,swap_proximal,False,GCAMP3
29,269,8,29,320,370,200.0,250.0,pre_swap,swap_proximal,True,GCAMP3
30,270,8,30,200,250,320.0,370.0,post_swap,swap_proximal,True,GCAMP3
31,271,8,31,200,250,320.0,370.0,post_swap,swap_proximal,False,GCAMP3
32,272,8,32,200,250,320.0,370.0,post_swap,swap_proximal,False,GCAMP3
33,273,8,33,200,250,320.0,370.0,post_swap,swap_proximal,True,GCAMP3
34,274,8,34,200,250,320.0,370.0,post_swap,swap_proximal,False,GCAMP3
35,275,8,35,200,250,320.0,370.0,post_swap,swap_proximal,False,GCAMP3
36,276,8,36,200,250,320.0,370.0,post_swap,swap_proximal,False,GCAMP3
37,277,8,37,200,250,320.0,370.0,post_swap,swap_proximal,False,GCAMP3
38,278,8,38,200,250,320.0,370.0,post_swap,swap_proximal,False,GCAMP3
39,279,8,39,200,250,320.0,370.0,post_swap,swap_proximal,False,GCAMP3
40,280,8,40,200,250,320.0,370.0,post_swap,swap_proximal,False,GCAMP3
41,281,8,41,200,250,320.0,370.0,post_swap,swap_proximal,False,GCAMP3
42,282,8,42,200,250,320.0,370.0,post_swap,swap_proximal,True,GCAMP3
43,283,8,43,200,250,320.0,370.0,post_swap,swap_proximal,False,GCAMP3
44,284,8,44,200,250,320.0,370.0,post_swap,swap_proximal,False,GCAMP3
45,285,8,45,200,250,320.0,370.0,post_swap,swap_proximal,False,GCAMP3
46,286,8,46,200,250,320.0,370.0,post_swap,swap_proximal,True,GCAMP3
47,287,8,47,200,250,320.0,370.0,post_swap,swap_proximal,True,GCAMP3
48,288,8,48,200,250,320.0,370.0,post_swap,swap_proximal,False,GCAMP3
49,289,8,49,200,250,320.0,370.0,post_swap,swap_proximal,False,GCAMP3
50,290,8,50,200,250,320.0,370.0,post_swap,swap_proximal,False,GCAMP3
51,291,8,51,200,250,320.0,370.0,post_swap,swap_proximal,False,GCAMP3
52,292,8,52,200,250,320.0,370.0,post_swap,swap_proximal,False,GCAMP3
53,293,8,53,200,250,320.0,370.0,post_swap,swap_proximal,False,GCAMP3
54,294,8,54,200,250,320.0,370.0,post_swap,swap_proximal,False,GCAMP3
55,295,8,55,200,250,320.0,370.0,post_swap,swap_proximal,False,GCAMP3
56,296,8,56,200,250,320.0,370.0,post_swap,swap_proximal,False,GCAMP3
57,297,8,57,200,250,320.0,370.0,post_swap,swap_proximal,True,GCAMP3
58,298,8,58,200,250,320.0,370.0,post_swap,swap_proximal,False,GCAMP3
59,299,8,59,200,250,320.0,370.0,post_swap,swap_proximal,False,GCAMP3
60,300,8,60,200,250,320.0,370.0,post_swap,swap_proximal,False,GCAMP3
61,301,8,61,200,250,320.0,370.0,post_swap,swap_proximal,False,GCAMP3
62,302,8,62,200,250,320.0,370.0,post_swap,swap_proximal,False,GCAMP3
63,303,8,63,200,250,320.0,370.0,post_swap,swap_proximal,False,GCAMP3
64,304,8,64,200,250,320.0,370.0,post_swap,swap_proximal,False,GCAMP3
65,305,8,65,200,250,320.0,370.0,post_swap,swap_proximal,True,GCAMP3
66,306,8,66,200,250,320.0,370.0,post_swap,swap_proximal,False,GCAMP3
67,307,8,67,200,250,320.0,370.0,post_swap,swap_proximal,False,GCAMP3
68,308,8,68,200,250,320.0,370.0,post_swap,swap_proximal,False,GCAMP3
69,309,8,69,200,250,320.0,370.0,post_swap,swap_proximal,False,GCAMP3
70,310,8,70,200,250,320.0,370.0,post_swap,swap_proximal,False,GCAMP3
71,311,8,71,200,250,320.0,370.0,post_swap,swap_proximal,True,GCAMP3
72,312,8,72,200,250,320.0,370.0,post_swap,swap_proximal,False,GCAMP3
73,313,8,73,200,250,320.0,370.0,post_swap,swap_proximal,False,GCAMP3
74,314,8,74,200,250,320.0,370.0,post_swap,swap_proximal,False,GCAMP3
75,315,8,75,200,250,320.0,370.0,post_swap,swap_proximal,False,GCAMP3
76,316,8,76,200,250,320.0,370.0,post_swap,swap_proximal,False,GCAMP3
77,317,8,77,200,250,320.0,370.0,post_swap,swap_proximal,True,GCAMP3
78,318,8,78,200,250,320.0,370.0,post_swap,swap_proximal,False,GCAMP3
79,319,8,79,200,250,320.0,370.0,post_swap,swap_proximal,False,GCAMP3
0,320,10,0,200,250,80.0,130.0,pre_swap,swap_proximal,False,GCAMP3
2,322,10,2,200,250,80.0,130.0,pre_swap,swap_proximal,False,GCAMP3
3,323,10,3,200,250,80.0,130.0,pre_swap,swap_proximal,False,GCAMP3
4,324,10,4,200,250,80.0,130.0,pre_swap,swap_proximal,False,GCAMP3
5,325,10,5,200,250,80.0,130.0,pre_swap,swap_proximal,False,GCAMP3
6,326,10,6,200,250,80.0,130.0,pre_swap,swap_proximal,False,GCAMP3
7,327,10,7,200,250,80.0,130.0,pre_swap,swap_proximal,False,GCAMP3
8,328,10,8,200,250,80.0,130.0,pre_swap,swap_proximal,False,GCAMP3
9,329,10,9,200,250,80.0,130.0,pre_swap,swap_proximal,False,GCAMP3
10,330,10,10,200,250,80.0,130.0,pre_swap,swap_proximal,False,GCAMP3
11,331,10,11,200,250,80.0,130.0,pre_swap,swap_proximal,False,GCAMP3
12,332,10,12,200,250,80.0,130.0,pre_swap,swap_proximal,False,GCAMP3
13,333,10,13,200,250,80.0,130.0,pre_swap,swap_proximal,False,GCAMP3
14,334,10,14,200,250,80.0,130.0,pre_swap,swap_proximal,False,GCAMP3
15,335,10,15,200,250,80.0,130.0,pre_swap,swap_proximal,False,GCAMP3
16,336,10,16,200,250,80.0,130.0,pre_swap,swap_proximal,False,GCAMP3
17,337,10,17,200,250,80.0,130.0,pre_swap,swap_proximal,False,GCAMP3
18,338,10,18,200,250,80.0,130.0,pre_swap,swap_proximal,True,GCAMP3
19,339,10,19,200,250,80.0,130.0,pre_swap,swap_proximal,False,GCAMP3
20,340,10,20,200,250,80.0,130.0,pre_swap,swap_proximal,False,GCAMP3
21,341,10,21,200,250,80.0,130.0,pre_swap,swap_proximal,False,GCAMP3
22,342,10,22,200,250,80.0,130.0,pre_swap,swap_proximal,False,GCAMP3
23,343,10,23,200,250,80.0,130.0,pre_swap,swap_proximal,False,GCAMP3
24,344,10,24,200,250,80.0,130.0,pre_swap,swap_proximal,False,GCAMP3
25,345,10,25,200,250,80.0,130.0,pre_swap,swap_proximal,False,GCAMP3
26,346,10,26,200,250,80.0,130.0,pre_swap,swap_proximal,True,GCAMP3
27,347,10,27,200,250,80.0,130.0,pre_swap,swap_proximal,False,GCAMP3
28,348,10,28,200,250,80.0,130.0,pre_swap,swap_proximal,False,GCAMP3
29,349,10,29,200,250,80.0,130.0,pre_swap,swap_proximal,False,GCAMP3
30,350,10,30,80,130,200.0,250.0,post_swap,swap_proximal,False,GCAMP3
31,351,10,31,80,130,200.0,250.0,post_swap,swap_proximal,False,GCAMP3
32,352,10,32,80,130,200.0,250.0,post_swap,swap_proximal,False,GCAMP3
33,353,10,33,80,130,200.0,250.0,post_swap,swap_proximal,False,GCAMP3
34,354,10,34,80,130,200.0,250.0,post_swap,swap_proximal,True,GCAMP3
35,355,10,35,80,130,200.0,250.0,post_swap,swap_proximal,False,GCAMP3
36,356,10,36,80,130,200.0,250.0,post_swap,swap_proximal,False,GCAMP3
37,357,10,37,80,130,200.0,250.0,post_swap,swap_proximal,False,GCAMP3
38,358,10,38,80,130,200.0,250.0,post_swap,swap_proximal,False,GCAMP3
39,359,10,39,80,130,200.0,250.0,post_swap,swap_proximal,True,GCAMP3
40,360,10,40,80,130,200.0,250.0,post_swap,swap_proximal,False,GCAMP3
41,361,10,41,80,130,200.0,250.0,post_swap,swap_proximal,False,GCAMP3
42,362,10,42,80,130,200.0,250.0,post_swap,swap_proximal,False,GCAMP3
43,363,10,43,80,130,200.0,250.0,post_swap,swap_proximal,False,GCAMP3
44,364,10,44,80,130,200.0,250.0,post_swap,swap_proximal,False,GCAMP3
45,365,10,45,80,130,200.0,250.0,post_swap,swap_proximal,False,GCAMP3
46,366,10,46,80,130,200.0,250.0,post_swap,swap_proximal,False,GCAMP3
47,367,10,47,80,130,200.0,250.0,post_swap,swap_proximal,False,GCAMP3
48,368,10,48,80,130,200.0,250.0,post_swap,swap_proximal,False,GCAMP3
49,369,10,49,80,130,200.0,250.0,post_swap,swap_proximal,True,GCAMP3
50,370,10,50,80,130,200.0,250.0,post_swap,swap_proximal,False,GCAMP3
51,371,10,51,80,130,200.0,250.0,post_swap,swap_proximal,True,GCAMP3
52,372,10,52,80,130,200.0,250.0,post_swap,swap_proximal,False,GCAMP3
53,373,10,53,80,130,200.0,250.0,post_swap,swap_proximal,True,GCAMP3
54,374,10,54,80,130,200.0,250.0,post_swap,swap_proximal,True,GCAMP3
55,375,10,55,80,130,200.0,250.0,post_swap,swap_proximal,False,GCAMP3
56,376,10,56,80,130,200.0,250.0,post_swap,swap_proximal,False,GCAMP3
57,377,10,57,80,130,200.0,250.0,post_swap,swap_proximal,False,GCAMP3
58,378,10,58,80,130,200.0,250.0,post_swap,swap_proximal,False,GCAMP3
59,379,10,59,80,130,200.0,250.0,post_swap,swap_proximal,True,GCAMP3
60,380,10,60,80,130,200.0,250.0,post_swap,swap_proximal,False,GCAMP3
61,381,10,61,80,130,200.0,250.0,post_swap,swap_proximal,False,GCAMP3
62,382,10,62,80,130,200.0,250.0,post_swap,swap_proximal,False,GCAMP3
63,383,10,63,80,130,200.0,250.0,post_swap,swap_proximal,False,GCAMP3
64,384,10,64,80,130,200.0,250.0,post_swap,swap_proximal,False,GCAMP3
65,385,10,65,80,130,200.0,250.0,post_swap,swap_proximal,True,GCAMP3
66,386,10,66,80,130,200.0,250.0,post_swap,swap_proximal,False,GCAMP3
67,387,10,67,80,130,200.0,250.0,post_swap,swap_proximal,False,GCAMP3
68,388,10,68,80,130,200.0,250.0,post_swap,swap_proximal,False,GCAMP3
69,389,10,69,80,130,200.0,250.0,post_swap,swap_proximal,True,GCAMP3
70,390,10,70,80,130,200.0,250.0,post_swap,swap_proximal,True,GCAMP3
71,391,10,71,80,130,200.0,250.0,post_swap,swap_proximal,False,GCAMP3
72,392,10,72,80,130,200.0,250.0,post_swap,swap_proximal,False,GCAMP3
73,393,10,73,80,130,200.0,250.0,post_swap,swap_proximal,False,GCAMP3
74,394,10,74,80,130,200.0,250.0,post_swap,swap_proximal,True,GCAMP3
75,395,10,75,80,130,200.0,250.0,post_swap,swap_proximal,False,GCAMP3
76,396,10,76,80,130,200.0,250.0,post_swap,swap_proximal,False,GCAMP3
77,397,10,77,80,130,200.0,250.0,post_swap,swap_proximal,True,GCAMP3
78,398,10,78,80,130,200.0,250.0,post_swap,swap_proximal,False,GCAMP3
79,399,10,79,80,130,200.0,250.0,post_swap,swap_proximal,False,GCAMP3
80,400,10,80,80,130,200.0,250.0,post_swap,swap_proximal,False,GCAMP3
81,401,10,81,80,130,200.0,250.0,post_swap,swap_proximal,False,GCAMP3
82,402,10,82,80,130,200.0,250.0,post_swap,swap_proximal,False,GCAMP3
83,403,10,83,80,130,200.0,250.0,post_swap,swap_proximal,False,GCAMP3
84,404,10,84,80,130,200.0,250.0,post_swap,swap_proximal,True,GCAMP3
85,405,10,85,80,130,200.0,250.0,post_swap,swap_proximal,False,GCAMP3
86,406,10,86,80,130,200.0,250.0,post_swap,swap_proximal,True,GCAMP3
87,407,10,87,80,130,200.0,250.0,post_swap,swap_proximal,False,GCAMP3
88,408,10,88,80,130,200.0,250.0,post_swap,swap_proximal,False,GCAMP3
89,409,10,89,80,130,200.0,250.0,post_swap,swap_proximal,False,GCAMP3
0,410,12,0,80,130,320.0,370.0,pre_swap,swap_distal,False,GCAMP3
1,411,12,1,80,130,320.0,370.0,pre_swap,swap_distal,False,GCAMP3
2,412,12,2,80,130,320.0,370.0,pre_swap,swap_distal,False,GCAMP3
3,413,12,3,80,130,320.0,370.0,pre_swap,swap_distal,False,GCAMP3
4,414,12,4,80,130,320.0,370.0,pre_swap,swap_distal,False,GCAMP3
5,415,12,5,80,130,320.0,370.0,pre_swap,swap_distal,False,GCAMP3
6,416,12,6,80,130,320.0,370.0,pre_swap,swap_distal,False,GCAMP3
7,417,12,7,80,130,320.0,370.0,pre_swap,swap_distal,False,GCAMP3
8,418,12,8,80,130,320.0,370.0,pre_swap,swap_distal,False,GCAMP3
9,419,12,9,80,130,320.0,370.0,pre_swap,swap_distal,False,GCAMP3
10,420,12,10,80,130,320.0,370.0,pre_swap,swap_distal,False,GCAMP3
11,421,12,11,80,130,320.0,370.0,pre_swap,swap_distal,False,GCAMP3
12,422,12,12,80,130,320.0,370.0,pre_swap,swap_distal,False,GCAMP3
13,423,12,13,80,130,320.0,370.0,pre_swap,swap_distal,False,GCAMP3
14,424,12,14,80,130,320.0,370.0,pre_swap,swap_distal,False,GCAMP3
15,425,12,15,80,130,320.0,370.0,pre_swap,swap_distal,False,GCAMP3
16,426,12,16,80,130,320.0,370.0,pre_swap,swap_distal,True,GCAMP3
17,427,12,17,80,130,320.0,370.0,pre_swap,swap_distal,False,GCAMP3
18,428,12,18,80,130,320.0,370.0,pre_swap,swap_distal,True,GCAMP3
19,429,12,19,80,130,320.0,370.0,pre_swap,swap_distal,True,GCAMP3
20,430,12,20,80,130,320.0,370.0,pre_swap,swap_distal,False,GCAMP3
21,431,12,21,80,130,320.0,370.0,pre_swap,swap_distal,False,GCAMP3
22,432,12,22,80,130,320.0,370.0,pre_swap,swap_distal,True,GCAMP3
23,433,12,23,80,130,320.0,370.0,pre_swap,swap_distal,True,GCAMP3
24,434,12,24,80,130,320.0,370.0,pre_swap,swap_distal,False,GCAMP3
25,435,12,25,80,130,320.0,370.0,pre_swap,swap_distal,False,GCAMP3
26,436,12,26,80,130,320.0,370.0,pre_swap,swap_distal,False,GCAMP3
27,437,12,27,80,130,320.0,370.0,pre_swap,swap_distal,False,GCAMP3
28,438,12,28,80,130,320.0,370.0,pre_swap,swap_distal,True,GCAMP3
29,439,12,29,80,130,320.0,370.0,pre_swap,swap_distal,False,GCAMP3
30,440,12,30,320,370,80.0,130.0,post_swap,swap_distal,False,GCAMP3
31,441,12,31,320,370,80.0,130.0,post_swap,swap_distal,False,GCAMP3
32,442,12,32,320,370,80.0,130.0,post_swap,swap_distal,False,GCAMP3
33,443,12,33,320,370,80.0,130.0,post_swap,swap_distal,False,GCAMP3
34,444,12,34,320,370,80.0,130.0,post_swap,swap_distal,True,GCAMP3
35,445,12,35,320,370,80.0,130.0,post_swap,swap_distal,False,GCAMP3
36,446,12,36,320,370,80.0,130.0,post_swap,swap_distal,False,GCAMP3
37,447,12,37,320,370,80.0,130.0,post_swap,swap_distal,True,GCAMP3
38,448,12,38,320,370,80.0,130.0,post_swap,swap_distal,False,GCAMP3
39,449,12,39,320,370,80.0,130.0,post_swap,swap_distal,False,GCAMP3
40,450,12,40,320,370,80.0,130.0,post_swap,swap_distal,False,GCAMP3
41,451,12,41,320,370,80.0,130.0,post_swap,swap_distal,False,GCAMP3
42,452,12,42,320,370,80.0,130.0,post_swap,swap_distal,False,GCAMP3
43,453,12,43,320,370,80.0,130.0,post_swap,swap_distal,False,GCAMP3
44,454,12,44,320,370,80.0,130.0,post_swap,swap_distal,False,GCAMP3
45,455,12,45,320,370,80.0,130.0,post_swap,swap_distal,True,GCAMP3
46,456,12,46,320,370,80.0,130.0,post_swap,swap_distal,True,GCAMP3
47,457,12,47,320,370,80.0,130.0,post_swap,swap_distal,False,GCAMP3
48,458,12,48,320,370,80.0,130.0,post_swap,swap_distal,False,GCAMP3
49,459,12,49,320,370,80.0,130.0,post_swap,swap_distal,False,GCAMP3
50,460,12,50,320,370,80.0,130.0,post_swap,swap_distal,False,GCAMP3
51,461,12,51,320,370,80.0,130.0,post_swap,swap_distal,False,GCAMP3
52,462,12,52,320,370,80.0,130.0,post_swap,swap_distal,False,GCAMP3
53,463,12,53,320,370,80.0,130.0,post_swap,swap_distal,True,GCAMP3
54,464,12,54,320,370,80.0,130.0,post_swap,swap_distal,True,GCAMP3
55,465,12,55,320,370,80.0,130.0,post_swap,swap_distal,False,GCAMP3
56,466,12,56,320,370,80.0,130.0,post_swap,swap_distal,False,GCAMP3
57,467,12,57,320,370,80.0,130.0,post_swap,swap_distal,False,GCAMP3
58,468,12,58,320,370,80.0,130.0,post_swap,swap_distal,False,GCAMP3
59,469,12,59,320,370,80.0,130.0,post_swap,swap_distal,False,GCAMP3
60,470,12,60,320,370,80.0,130.0,post_swap,swap_distal,False,GCAMP3
61,471,12,61,320,370,80.0,130.0,post_swap,swap_distal,False,GCAMP3
62,472,12,62,320,370,80.0,130.0,post_swap,swap_distal,False,GCAMP3
63,473,12,63,320,370,80.0,130.0,post_swap,swap_distal,False,GCAMP3
64,474,12,64,320,370,80.0,130.0,post_swap,swap_distal,False,GCAMP3
65,475,12,65,320,370,80.0,130.0,post_swap,swap_distal,False,GCAMP3
66,476,12,66,320,370,80.0,130.0,post_swap,swap_distal,False,GCAMP3
67,477,12,67,320,370,80.0,130.0,post_swap,swap_distal,False,GCAMP3
69,479,12,69,320,370,80.0,130.0,post_swap,swap_distal,False,GCAMP3
70,480,12,70,320,370,80.0,130.0,post_swap,swap_distal,False,GCAMP3
71,481,12,71,320,370,80.0,130.0,post_swap,swap_distal,True,GCAMP3
72,482,12,72,320,370,80.0,130.0,post_swap,swap_distal,False,GCAMP3
73,483,12,73,320,370,80.0,130.0,post_swap,swap_distal,False,GCAMP3
74,484,12,74,320,370,80.0,130.0,post_swap,swap_distal,True,GCAMP3
75,485,12,75,320,370,80.0,130.0,post_swap,swap_distal,False,GCAMP3
76,486,12,76,320,370,80.0,130.0,post_swap,swap_distal,True,GCAMP3
77,487,12,77,320,370,80.0,130.0,post_swap,swap_distal,False,GCAMP3
78,488,12,78,320,370,80.0,130.0,post_swap,swap_distal,False,GCAMP3
79,489,12,79,320,370,80.0,130.0,post_swap,swap_distal,False,GCAMP3
0,490,14,0,320,370,200.0,250.0,pre_swap,swap_proximal,False,GCAMP3
1,491,14,1,320,370,200.0,250.0,pre_swap,swap_proximal,False,GCAMP3
2,492,14,2,320,370,200.0,250.0,pre_swap,swap_proximal,False,GCAMP3
3,493,14,3,320,370,200.0,250.0,pre_swap,swap_proximal,False,GCAMP3
4,494,14,4,320,370,200.0,250.0,pre_swap,swap_proximal,False,GCAMP3
5,495,14,5,320,370,200.0,250.0,pre_swap,swap_proximal,False,GCAMP3
6,496,14,6,320,370,200.0,250.0,pre_swap,swap_proximal,False,GCAMP3
7,497,14,7,320,370,200.0,250.0,pre_swap,swap_proximal,True,GCAMP3
8,498,14,8,320,370,200.0,250.0,pre_swap,swap_proximal,False,GCAMP3
9,499,14,9,320,370,200.0,250.0,pre_swap,swap_proximal,False,GCAMP3
10,500,14,10,320,370,200.0,250.0,pre_swap,swap_proximal,False,GCAMP3
11,501,14,11,320,370,200.0,250.0,pre_swap,swap_proximal,False,GCAMP3
12,502,14,12,320,370,200.0,250.0,pre_swap,swap_proximal,False,GCAMP3
13,503,14,13,320,370,200.0,250.0,pre_swap,swap_proximal,False,GCAMP3
14,504,14,14,320,370,200.0,250.0,pre_swap,swap_proximal,True,GCAMP3
15,505,14,15,320,370,200.0,250.0,pre_swap,swap_proximal,False,GCAMP3
16,506,14,16,320,370,200.0,250.0,pre_swap,swap_proximal,False,GCAMP3
17,507,14,17,320,370,200.0,250.0,pre_swap,swap_proximal,False,GCAMP3
18,508,14,18,320,370,200.0,250.0,pre_swap,swap_proximal,True,GCAMP3
19,509,14,19,320,370,200.0,250.0,pre_swap,swap_proximal,False,GCAMP3
20,510,14,20,320,370,200.0,250.0,pre_swap,swap_proximal,False,GCAMP3
21,511,14,21,320,370,200.0,250.0,pre_swap,swap_proximal,False,GCAMP3
22,512,14,22,320,370,200.0,250.0,pre_swap,swap_proximal,False,GCAMP3
23,513,14,23,320,370,200.0,250.0,pre_swap,swap_proximal,True,GCAMP3
24,514,14,24,320,370,200.0,250.0,pre_swap,swap_proximal,True,GCAMP3
25,515,14,25,320,370,200.0,250.0,pre_swap,swap_proximal,False,GCAMP3
26,516,14,26,320,370,200.0,250.0,pre_swap,swap_proximal,False,GCAMP3
27,517,14,27,320,370,200.0,250.0,pre_swap,swap_proximal,False,GCAMP3
28,518,14,28,320,370,200.0,250.0,pre_swap,swap_proximal,True,GCAMP3
29,519,14,29,320,370,200.0,250.0,pre_swap,swap_proximal,False,GCAMP3
30,520,14,30,200,250,320.0,370.0,post_swap,swap_proximal,False,GCAMP3
31,521,14,31,200,250,320.0,370.0,post_swap,swap_proximal,False,GCAMP3
32,522,14,32,200,250,320.0,370.0,post_swap,swap_proximal,False,GCAMP3
33,523,14,33,200,250,320.0,370.0,post_swap,swap_proximal,False,GCAMP3
34,524,14,34,200,250,320.0,370.0,post_swap,swap_proximal,False,GCAMP3
35,525,14,35,200,250,320.0,370.0,post_swap,swap_proximal,False,GCAMP3
36,526,14,36,200,250,320.0,370.0,post_swap,swap_proximal,False,GCAMP3
37,527,14,37,200,250,320.0,370.0,post_swap,swap_proximal,False,GCAMP3
38,528,14,38,200,250,320.0,370.0,post_swap,swap_proximal,False,GCAMP3
39,529,14,39,200,250,320.0,370.0,post_swap,swap_proximal,False,GCAMP3
40,530,14,40,200,250,320.0,370.0,post_swap,swap_proximal,False,GCAMP3
41,531,14,41,200,250,320.0,370.0,post_swap,swap_proximal,False,GCAMP3
42,532,14,42,200,250,320.0,370.0,post_swap,swap_proximal,False,GCAMP3
43,533,14,43,200,250,320.0,370.0,post_swap,swap_proximal,True,GCAMP3
44,534,14,44,200,250,320.0,370.0,post_swap,swap_proximal,False,GCAMP3
45,535,14,45,200,250,320.0,370.0,post_swap,swap_proximal,False,GCAMP3
46,536,14,46,200,250,320.0,370.0,post_swap,swap_proximal,True,GCAMP3
47,537,14,47,200,250,320.0,370.0,post_swap,swap_proximal,False,GCAMP3
48,538,14,48,200,250,320.0,370.0,post_swap,swap_proximal,False,GCAMP3
49,539,14,49,200,250,320.0,370.0,post_swap,swap_proximal,False,GCAMP3
50,540,14,50,200,250,320.0,370.0,post_swap,swap_proximal,False,GCAMP3
51,541,14,51,200,250,320.0,370.0,post_swap,swap_proximal,False,GCAMP3
52,542,14,52,200,250,320.0,370.0,post_swap,swap_proximal,False,GCAMP3
53,543,14,53,200,250,320.0,370.0,post_swap,swap_proximal,False,GCAMP3
54,544,14,54,200,250,320.0,370.0,post_swap,swap_proximal,False,GCAMP3
55,545,14,55,200,250,320.0,370.0,post_swap,swap_proximal,False,GCAMP3
56,546,14,56,200,250,320.0,370.0,post_swap,swap_proximal,False,GCAMP3
57,547,14,57,200,250,320.0,370.0,post_swap,swap_proximal,False,GCAMP3
58,548,14,58,200,250,320.0,370.0,post_swap,swap_proximal,False,GCAMP3
59,549,14,59,200,250,320.0,370.0,post_swap,swap_proximal,False,GCAMP3
60,550,14,60,200,250,320.0,370.0,post_swap,swap_proximal,False,GCAMP3
61,551,14,61,200,250,320.0,370.0,post_swap,swap_proximal,False,GCAMP3
62,552,14,62,200,250,320.0,370.0,post_swap,swap_proximal,False,GCAMP3
63,553,14,63,200,250,320.0,370.0,post_swap,swap_proximal,False,GCAMP3
64,554,14,64,200,250,320.0,370.0,post_swap,swap_proximal,False,GCAMP3
65,555,14,65,200,250,320.0,370.0,post_swap,swap_proximal,False,GCAMP3
66,556,14,66,200,250,320.0,370.0,post_swap,swap_proximal,False,GCAMP3
67,557,14,67,200,250,320.0,370.0,post_swap,swap_proximal,False,GCAMP3
68,558,14,68,200,250,320.0,370.0,post_swap,swap_proximal,False,GCAMP3
69,559,14,69,200,250,320.0,370.0,post_swap,swap_proximal,False,GCAMP3
70,560,14,70,200,250,320.0,370.0,post_swap,swap_proximal,False,GCAMP3
71,561,14,71,200,250,320.0,370.0,post_swap,swap_proximal,False,GCAMP3
72,562,14,72,200,250,320.0,370.0,post_swap,swap_proximal,False,GCAMP3
73,563,14,73,200,250,320.0,370.0,post_swap,swap_proximal,True,GCAMP3
74,564,14,74,200,250,320.0,370.0,post_swap,swap_proximal,False,GCAMP3
75,565,14,75,200,250,320.0,370.0,post_swap,swap_proximal,False,GCAMP3
76,566,14,76,200,250,320.0,370.0,post_swap,swap_proximal,False,GCAMP3
77,567,14,77,200,250,320.0,370.0,post_swap,swap_proximal,False,GCAMP3
78,568,14,78,200,250,320.0,370.0,post_swap,swap_proximal,True,GCAMP3
79,569,14,79,200,250,320.0,370.0,post_swap,swap_proximal,False,GCAMP3
80,570,14,80,200,250,320.0,370.0,post_swap,swap_proximal,False,GCAMP3
81,571,14,81,200,250,320.0,370.0,post_swap,swap_proximal,False,GCAMP3
82,572,14,82,200,250,320.0,370.0,post_swap,swap_proximal,False,GCAMP3
83,573,14,83,200,250,320.0,370.0,post_swap,swap_proximal,False,GCAMP3
84,574,14,84,200,250,320.0,370.0,post_swap,swap_proximal,False,GCAMP3
85,575,14,85,200,250,320.0,370.0,post_swap,swap_proximal,False,GCAMP3
86,576,14,86,200,250,320.0,370.0,post_swap,swap_proximal,False,GCAMP3
87,577,14,87,200,250,320.0,370.0,post_swap,swap_proximal,False,GCAMP3
88,578,14,88,200,250,320.0,370.0,post_swap,swap_proximal,True,GCAMP3
89,579,14,89,200,250,320.0,370.0,post_swap,swap_proximal,False,GCAMP3
90,580,14,90,200,250,320.0,370.0,post_swap,swap_proximal,False,GCAMP3
91,581,14,91,200,250,320.0,370.0,post_swap,swap_proximal,True,GCAMP3
92,582,14,92,200,250,320.0,370.0,post_swap,swap_proximal,False,GCAMP3
93,583,14,93,200,250,320.0,370.0,post_swap,swap_proximal,False,GCAMP3
94,584,14,94,200,250,320.0,370.0,post_swap,swap_proximal,False,GCAMP3
95,585,14,95,200,250,320.0,370.0,post_swap,swap_proximal,False,GCAMP3
96,586,14,96,200,250,320.0,370.0,post_swap,swap_proximal,False,GCAMP3
97,587,14,97,200,250,320.0,370.0,post_swap,swap_proximal,False,GCAMP3
98,588,14,98,200,250,320.0,370.0,post_swap,swap_proximal,False,GCAMP3
99,589,14,99,200,250,320.0,370.0,post_swap,swap_proximal,False,GCAMP3
0,590,3,0,200,250,80.0,130.0,pre_swap,swap_proximal,False,GCAMP4
1,591,3,1,200,250,80.0,130.0,pre_swap,swap_proximal,False,GCAMP4
2,592,3,2,200,250,80.0,130.0,pre_swap,swap_proximal,False,GCAMP4
3,593,3,3,200,250,80.0,130.0,pre_swap,swap_proximal,False,GCAMP4
4,594,3,4,200,250,80.0,130.0,pre_swap,swap_proximal,False,GCAMP4
5,595,3,5,200,250,80.0,130.0,pre_swap,swap_proximal,False,GCAMP4
6,596,3,6,200,250,80.0,130.0,pre_swap,swap_proximal,False,GCAMP4
7,597,3,7,200,250,80.0,130.0,pre_swap,swap_proximal,False,GCAMP4
8,598,3,8,200,250,80.0,130.0,pre_swap,swap_proximal,False,GCAMP4
9,599,3,9,200,250,80.0,130.0,pre_swap,swap_proximal,False,GCAMP4
10,600,3,10,200,250,80.0,130.0,pre_swap,swap_proximal,False,GCAMP4
11,601,3,11,200,250,80.0,130.0,pre_swap,swap_proximal,False,GCAMP4
12,602,3,12,200,250,80.0,130.0,pre_swap,swap_proximal,False,GCAMP4
13,603,3,13,200,250,80.0,130.0,pre_swap,swap_proximal,False,GCAMP4
14,604,3,14,200,250,80.0,130.0,pre_swap,swap_proximal,False,GCAMP4
15,605,3,15,200,250,80.0,130.0,pre_swap,swap_proximal,False,GCAMP4
16,606,3,16,200,250,80.0,130.0,pre_swap,swap_proximal,False,GCAMP4
17,607,3,17,200,250,80.0,130.0,pre_swap,swap_proximal,False,GCAMP4
18,608,3,18,200,250,80.0,130.0,pre_swap,swap_proximal,False,GCAMP4
19,609,3,19,200,250,80.0,130.0,pre_swap,swap_proximal,True,GCAMP4
20,610,3,20,200,250,80.0,130.0,pre_swap,swap_proximal,False,GCAMP4
21,611,3,21,200,250,80.0,130.0,pre_swap,swap_proximal,False,GCAMP4
22,612,3,22,200,250,80.0,130.0,pre_swap,swap_proximal,False,GCAMP4
23,613,3,23,200,250,80.0,130.0,pre_swap,swap_proximal,False,GCAMP4
24,614,3,24,200,250,80.0,130.0,pre_swap,swap_proximal,False,GCAMP4
25,615,3,25,200,250,80.0,130.0,pre_swap,swap_proximal,False,GCAMP4
26,616,3,26,200,250,80.0,130.0,pre_swap,swap_proximal,False,GCAMP4
27,617,3,27,200,250,80.0,130.0,pre_swap,swap_proximal,False,GCAMP4
28,618,3,28,200,250,80.0,130.0,pre_swap,swap_proximal,False,GCAMP4
29,619,3,29,200,250,80.0,130.0,pre_swap,swap_proximal,False,GCAMP4
30,620,3,30,80,130,200.0,250.0,post_swap,swap_proximal,False,GCAMP4
31,621,3,31,80,130,200.0,250.0,post_swap,swap_proximal,False,GCAMP4
32,622,3,32,80,130,200.0,250.0,post_swap,swap_proximal,False,GCAMP4
33,623,3,33,80,130,200.0,250.0,post_swap,swap_proximal,True,GCAMP4
34,624,3,34,80,130,200.0,250.0,post_swap,swap_proximal,False,GCAMP4
35,625,3,35,80,130,200.0,250.0,post_swap,swap_proximal,False,GCAMP4
36,626,3,36,80,130,200.0,250.0,post_swap,swap_proximal,True,GCAMP4
37,627,3,37,80,130,200.0,250.0,post_swap,swap_proximal,False,GCAMP4
38,628,3,38,80,130,200.0,250.0,post_swap,swap_proximal,False,GCAMP4
39,629,3,39,80,130,200.0,250.0,post_swap,swap_proximal,False,GCAMP4
40,630,3,40,80,130,200.0,250.0,post_swap,swap_proximal,True,GCAMP4
41,631,3,41,80,130,200.0,250.0,post_swap,swap_proximal,False,GCAMP4
42,632,3,42,80,130,200.0,250.0,post_swap,swap_proximal,False,GCAMP4
43,633,3,43,80,130,200.0,250.0,post_swap,swap_proximal,False,GCAMP4
44,634,3,44,80,130,200.0,250.0,post_swap,swap_proximal,False,GCAMP4
45,635,3,45,80,130,200.0,250.0,post_swap,swap_proximal,False,GCAMP4
46,636,3,46,80,130,200.0,250.0,post_swap,swap_proximal,False,GCAMP4
47,637,3,47,80,130,200.0,250.0,post_swap,swap_proximal,False,GCAMP4
48,638,3,48,80,130,200.0,250.0,post_swap,swap_proximal,False,GCAMP4
49,639,3,49,80,130,200.0,250.0,post_swap,swap_proximal,False,GCAMP4
50,640,3,50,80,130,200.0,250.0,post_swap,swap_proximal,False,GCAMP4
51,641,3,51,80,130,200.0,250.0,post_swap,swap_proximal,False,GCAMP4
52,642,3,52,80,130,200.0,250.0,post_swap,swap_proximal,False,GCAMP4
53,643,3,53,80,130,200.0,250.0,post_swap,swap_proximal,False,GCAMP4
54,644,3,54,80,130,200.0,250.0,post_swap,swap_proximal,True,GCAMP4
55,645,3,55,80,130,200.0,250.0,post_swap,swap_proximal,False,GCAMP4
56,646,3,56,80,130,200.0,250.0,post_swap,swap_proximal,False,GCAMP4
57,647,3,57,80,130,200.0,250.0,post_swap,swap_proximal,False,GCAMP4
58,648,3,58,80,130,200.0,250.0,post_swap,swap_proximal,False,GCAMP4
59,649,3,59,80,130,200.0,250.0,post_swap,swap_proximal,False,GCAMP4
60,650,3,60,80,130,200.0,250.0,post_swap,swap_proximal,True,GCAMP4
61,651,3,61,80,130,200.0,250.0,post_swap,swap_proximal,False,GCAMP4
62,652,3,62,80,130,200.0,250.0,post_swap,swap_proximal,False,GCAMP4
63,653,3,63,80,130,200.0,250.0,post_swap,swap_proximal,False,GCAMP4
64,654,3,64,80,130,200.0,250.0,post_swap,swap_proximal,False,GCAMP4
65,655,3,65,80,130,200.0,250.0,post_swap,swap_proximal,False,GCAMP4
66,656,3,66,80,130,200.0,250.0,post_swap,swap_proximal,False,GCAMP4
67,657,3,67,80,130,200.0,250.0,post_swap,swap_proximal,True,GCAMP4
68,658,3,68,80,130,200.0,250.0,post_swap,swap_proximal,False,GCAMP4
69,659,3,69,80,130,200.0,250.0,post_swap,swap_proximal,True,GCAMP4
70,660,3,70,80,130,200.0,250.0,post_swap,swap_proximal,False,GCAMP4
71,661,3,71,80,130,200.0,250.0,post_swap,swap_proximal,False,GCAMP4
72,662,3,72,80,130,200.0,250.0,post_swap,swap_proximal,False,GCAMP4
73,663,3,73,80,130,200.0,250.0,post_swap,swap_proximal,True,GCAMP4
74,664,3,74,80,130,200.0,250.0,post_swap,swap_proximal,False,GCAMP4
0,665,5,0,80,130,320.0,370.0,pre_swap,swap_distal,False,GCAMP4
1,666,5,1,80,130,320.0,370.0,pre_swap,swap_distal,False,GCAMP4
2,667,5,2,80,130,320.0,370.0,pre_swap,swap_distal,False,GCAMP4
3,668,5,3,80,130,320.0,370.0,pre_swap,swap_distal,True,GCAMP4
4,669,5,4,80,130,320.0,370.0,pre_swap,swap_distal,False,GCAMP4
5,670,5,5,80,130,320.0,370.0,pre_swap,swap_distal,False,GCAMP4
6,671,5,6,80,130,320.0,370.0,pre_swap,swap_distal,False,GCAMP4
7,672,5,7,80,130,320.0,370.0,pre_swap,swap_distal,False,GCAMP4
8,673,5,8,80,130,320.0,370.0,pre_swap,swap_distal,False,GCAMP4
9,674,5,9,80,130,320.0,370.0,pre_swap,swap_distal,False,GCAMP4
10,675,5,10,80,130,320.0,370.0,pre_swap,swap_distal,False,GCAMP4
11,676,5,11,80,130,320.0,370.0,pre_swap,swap_distal,False,GCAMP4
12,677,5,12,80,130,320.0,370.0,pre_swap,swap_distal,False,GCAMP4
13,678,5,13,80,130,320.0,370.0,pre_swap,swap_distal,False,GCAMP4
14,679,5,14,80,130,320.0,370.0,pre_swap,swap_distal,False,GCAMP4
15,680,5,15,80,130,320.0,370.0,pre_swap,swap_distal,False,GCAMP4
16,681,5,16,80,130,320.0,370.0,pre_swap,swap_distal,False,GCAMP4
17,682,5,17,80,130,320.0,370.0,pre_swap,swap_distal,False,GCAMP4
18,683,5,18,80,130,320.0,370.0,pre_swap,swap_distal,False,GCAMP4
19,684,5,19,80,130,320.0,370.0,pre_swap,swap_distal,False,GCAMP4
20,685,5,20,80,130,320.0,370.0,pre_swap,swap_distal,False,GCAMP4
21,686,5,21,80,130,320.0,370.0,pre_swap,swap_distal,False,GCAMP4
22,687,5,22,80,130,320.0,370.0,pre_swap,swap_distal,False,GCAMP4
23,688,5,23,80,130,320.0,370.0,pre_swap,swap_distal,False,GCAMP4
24,689,5,24,80,130,320.0,370.0,pre_swap,swap_distal,False,GCAMP4
25,690,5,25,80,130,320.0,370.0,pre_swap,swap_distal,False,GCAMP4
26,691,5,26,80,130,320.0,370.0,pre_swap,swap_distal,False,GCAMP4
27,692,5,27,80,130,320.0,370.0,pre_swap,swap_distal,False,GCAMP4
28,693,5,28,80,130,320.0,370.0,pre_swap,swap_distal,False,GCAMP4
29,694,5,29,80,130,320.0,370.0,pre_swap,swap_distal,True,GCAMP4
30,695,5,30,320,370,80.0,130.0,post_swap,swap_distal,False,GCAMP4
31,696,5,31,320,370,80.0,130.0,post_swap,swap_distal,False,GCAMP4
32,697,5,32,320,370,80.0,130.0,post_swap,swap_distal,True,GCAMP4
33,698,5,33,320,370,80.0,130.0,post_swap,swap_distal,False,GCAMP4
34,699,5,34,320,370,80.0,130.0,post_swap,swap_distal,False,GCAMP4
35,700,5,35,320,370,80.0,130.0,post_swap,swap_distal,False,GCAMP4
36,701,5,36,320,370,80.0,130.0,post_swap,swap_distal,False,GCAMP4
37,702,5,37,320,370,80.0,130.0,post_swap,swap_distal,False,GCAMP4
38,703,5,38,320,370,80.0,130.0,post_swap,swap_distal,True,GCAMP4
39,704,5,39,320,370,80.0,130.0,post_swap,swap_distal,False,GCAMP4
40,705,5,40,320,370,80.0,130.0,post_swap,swap_distal,False,GCAMP4
41,706,5,41,320,370,80.0,130.0,post_swap,swap_distal,True,GCAMP4
42,707,5,42,320,370,80.0,130.0,post_swap,swap_distal,True,GCAMP4
43,708,5,43,320,370,80.0,130.0,post_swap,swap_distal,False,GCAMP4
44,709,5,44,320,370,80.0,130.0,post_swap,swap_distal,False,GCAMP4
45,710,5,45,320,370,80.0,130.0,post_swap,swap_distal,True,GCAMP4
46,711,5,46,320,370,80.0,130.0,post_swap,swap_distal,False,GCAMP4
47,712,5,47,320,370,80.0,130.0,post_swap,swap_distal,False,GCAMP4
48,713,5,48,320,370,80.0,130.0,post_swap,swap_distal,False,GCAMP4
49,714,5,49,320,370,80.0,130.0,post_swap,swap_distal,False,GCAMP4
50,715,5,50,320,370,80.0,130.0,post_swap,swap_distal,False,GCAMP4
51,716,5,51,320,370,80.0,130.0,post_swap,swap_distal,True,GCAMP4
52,717,5,52,320,370,80.0,130.0,post_swap,swap_distal,False,GCAMP4
53,718,5,53,320,370,80.0,130.0,post_swap,swap_distal,False,GCAMP4
54,719,5,54,320,370,80.0,130.0,post_swap,swap_distal,False,GCAMP4
55,720,5,55,320,370,80.0,130.0,post_swap,swap_distal,False,GCAMP4
56,721,5,56,320,370,80.0,130.0,post_swap,swap_distal,False,GCAMP4
57,722,5,57,320,370,80.0,130.0,post_swap,swap_distal,False,GCAMP4
58,723,5,58,320,370,80.0,130.0,post_swap,swap_distal,True,GCAMP4
59,724,5,59,320,370,80.0,130.0,post_swap,swap_distal,True,GCAMP4
60,725,5,60,320,370,80.0,130.0,post_swap,swap_distal,False,GCAMP4
61,726,5,61,320,370,80.0,130.0,post_swap,swap_distal,False,GCAMP4
62,727,5,62,320,370,80.0,130.0,post_swap,swap_distal,False,GCAMP4
63,728,5,63,320,370,80.0,130.0,post_swap,swap_distal,False,GCAMP4
64,729,5,64,320,370,80.0,130.0,post_swap,swap_distal,True,GCAMP4
65,730,5,65,320,370,80.0,130.0,post_swap,swap_distal,True,GCAMP4
66,731,5,66,320,370,80.0,130.0,post_swap,swap_distal,False,GCAMP4
67,732,5,67,320,370,80.0,130.0,post_swap,swap_distal,True,GCAMP4
68,733,5,68,320,370,80.0,130.0,post_swap,swap_distal,True,GCAMP4
69,734,5,69,320,370,80.0,130.0,post_swap,swap_distal,False,GCAMP4
70,735,5,70,320,370,80.0,130.0,post_swap,swap_distal,False,GCAMP4
71,736,5,71,320,370,80.0,130.0,post_swap,swap_distal,False,GCAMP4
72,737,5,72,320,370,80.0,130.0,post_swap,swap_distal,False,GCAMP4
73,738,5,73,320,370,80.0,130.0,post_swap,swap_distal,False,GCAMP4
74,739,5,74,320,370,80.0,130.0,post_swap,swap_distal,False,GCAMP4
75,740,5,75,320,370,80.0,130.0,post_swap,swap_distal,False,GCAMP4
76,741,5,76,320,370,80.0,130.0,post_swap,swap_distal,False,GCAMP4
77,742,5,77,320,370,80.0,130.0,post_swap,swap_distal,False,GCAMP4
78,743,5,78,320,370,80.0,130.0,post_swap,swap_distal,False,GCAMP4
79,744,5,79,320,370,80.0,130.0,post_swap,swap_distal,False,GCAMP4
0,745,7,0,320,370,200.0,250.0,pre_swap,swap_proximal,True,GCAMP4
1,746,7,1,320,370,200.0,250.0,pre_swap,swap_proximal,False,GCAMP4
2,747,7,2,320,370,200.0,250.0,pre_swap,swap_proximal,False,GCAMP4
3,748,7,3,320,370,200.0,250.0,pre_swap,swap_proximal,False,GCAMP4
4,749,7,4,320,370,200.0,250.0,pre_swap,swap_proximal,False,GCAMP4
5,750,7,5,320,370,200.0,250.0,pre_swap,swap_proximal,False,GCAMP4
6,751,7,6,320,370,200.0,250.0,pre_swap,swap_proximal,False,GCAMP4
7,752,7,7,320,370,200.0,250.0,pre_swap,swap_proximal,False,GCAMP4
8,753,7,8,320,370,200.0,250.0,pre_swap,swap_proximal,False,GCAMP4
9,754,7,9,320,370,200.0,250.0,pre_swap,swap_proximal,False,GCAMP4
11,756,7,11,320,370,200.0,250.0,pre_swap,swap_proximal,True,GCAMP4
12,757,7,12,320,370,200.0,250.0,pre_swap,swap_proximal,True,GCAMP4
13,758,7,13,320,370,200.0,250.0,pre_swap,swap_proximal,False,GCAMP4
14,759,7,14,320,370,200.0,250.0,pre_swap,swap_proximal,False,GCAMP4
15,760,7,15,320,370,200.0,250.0,pre_swap,swap_proximal,False,GCAMP4
16,761,7,16,320,370,200.0,250.0,pre_swap,swap_proximal,True,GCAMP4
17,762,7,17,320,370,200.0,250.0,pre_swap,swap_proximal,False,GCAMP4
18,763,7,18,320,370,200.0,250.0,pre_swap,swap_proximal,False,GCAMP4
19,764,7,19,320,370,200.0,250.0,pre_swap,swap_proximal,False,GCAMP4
20,765,7,20,320,370,200.0,250.0,pre_swap,swap_proximal,False,GCAMP4
21,766,7,21,320,370,200.0,250.0,pre_swap,swap_proximal,False,GCAMP4
22,767,7,22,320,370,200.0,250.0,pre_swap,swap_proximal,False,GCAMP4
23,768,7,23,320,370,200.0,250.0,pre_swap,swap_proximal,False,GCAMP4
24,769,7,24,320,370,200.0,250.0,pre_swap,swap_proximal,False,GCAMP4
25,770,7,25,320,370,200.0,250.0,pre_swap,swap_proximal,False,GCAMP4
26,771,7,26,320,370,200.0,250.0,pre_swap,swap_proximal,False,GCAMP4
27,772,7,27,320,370,200.0,250.0,pre_swap,swap_proximal,True,GCAMP4
28,773,7,28,320,370,200.0,250.0,pre_swap,swap_proximal,True,GCAMP4
29,774,7,29,320,370,200.0,250.0,pre_swap,swap_proximal,False,GCAMP4
30,775,7,30,200,250,320.0,370.0,post_swap,swap_proximal,False,GCAMP4
31,776,7,31,200,250,320.0,370.0,post_swap,swap_proximal,False,GCAMP4
32,777,7,32,200,250,320.0,370.0,post_swap,swap_proximal,False,GCAMP4
33,778,7,33,200,250,320.0,370.0,post_swap,swap_proximal,False,GCAMP4
34,779,7,34,200,250,320.0,370.0,post_swap,swap_proximal,False,GCAMP4
36,781,7,36,200,250,320.0,370.0,post_swap,swap_proximal,True,GCAMP4
37,782,7,37,200,250,320.0,370.0,post_swap,swap_proximal,False,GCAMP4
38,783,7,38,200,250,320.0,370.0,post_swap,swap_proximal,False,GCAMP4
39,784,7,39,200,250,320.0,370.0,post_swap,swap_proximal,True,GCAMP4
40,785,7,40,200,250,320.0,370.0,post_swap,swap_proximal,True,GCAMP4
41,786,7,41,200,250,320.0,370.0,post_swap,swap_proximal,False,GCAMP4
42,787,7,42,200,250,320.0,370.0,post_swap,swap_proximal,False,GCAMP4
43,788,7,43,200,250,320.0,370.0,post_swap,swap_proximal,False,GCAMP4
44,789,7,44,200,250,320.0,370.0,post_swap,swap_proximal,False,GCAMP4
45,790,7,45,200,250,320.0,370.0,post_swap,swap_proximal,False,GCAMP4
46,791,7,46,200,250,320.0,370.0,post_swap,swap_proximal,False,GCAMP4
47,792,7,47,200,250,320.0,370.0,post_swap,swap_proximal,False,GCAMP4
48,793,7,48,200,250,320.0,370.0,post_swap,swap_proximal,False,GCAMP4
49,794,7,49,200,250,320.0,370.0,post_swap,swap_proximal,True,GCAMP4
56,801,7,56,200,250,320.0,370.0,post_swap,swap_proximal,False,GCAMP4
57,802,7,57,200,250,320.0,370.0,post_swap,swap_proximal,False,GCAMP4
58,803,7,58,200,250,320.0,370.0,post_swap,swap_proximal,False,GCAMP4
59,804,7,59,200,250,320.0,370.0,post_swap,swap_proximal,False,GCAMP4
60,805,7,60,200,250,320.0,370.0,post_swap,swap_proximal,False,GCAMP4
61,806,7,61,200,250,320.0,370.0,post_swap,swap_proximal,False,GCAMP4
62,807,7,62,200,250,320.0,370.0,post_swap,swap_proximal,False,GCAMP4
63,808,7,63,200,250,320.0,370.0,post_swap,swap_proximal,False,GCAMP4
64,809,7,64,200,250,320.0,370.0,post_swap,swap_proximal,False,GCAMP4
66,811,7,66,200,250,320.0,370.0,post_swap,swap_proximal,False,GCAMP4
67,812,7,67,200,250,320.0,370.0,post_swap,swap_proximal,False,GCAMP4
68,813,7,68,200,250,320.0,370.0,post_swap,swap_proximal,False,GCAMP4
69,814,7,69,200,250,320.0,370.0,post_swap,swap_proximal,False,GCAMP4
70,815,7,70,200,250,320.0,370.0,post_swap,swap_proximal,False,GCAMP4
71,816,7,71,200,250,320.0,370.0,post_swap,swap_proximal,False,GCAMP4
72,817,7,72,200,250,320.0,370.0,post_swap,swap_proximal,False,GCAMP4
73,818,7,73,200,250,320.0,370.0,post_swap,swap_proximal,False,GCAMP4
74,819,7,74,200,250,320.0,370.0,post_swap,swap_proximal,False,GCAMP4
75,820,7,75,200,250,320.0,370.0,post_swap,swap_proximal,False,GCAMP4
76,821,7,76,200,250,320.0,370.0,post_swap,swap_proximal,False,GCAMP4
77,822,7,77,200,250,320.0,370.0,post_swap,swap_proximal,False,GCAMP4
78,823,7,78,200,250,320.0,370.0,post_swap,swap_proximal,False,GCAMP4
79,824,7,79,200,250,320.0,370.0,post_swap,swap_proximal,False,GCAMP4
0,825,8,0,200,250,320.0,370.0,pre_swap,swap_distal,False,GCAMP4
1,826,8,1,200,250,320.0,370.0,pre_swap,swap_distal,False,GCAMP4
2,827,8,2,200,250,320.0,370.0,pre_swap,swap_distal,False,GCAMP4
3,828,8,3,200,250,320.0,370.0,pre_swap,swap_distal,False,GCAMP4
4,829,8,4,200,250,320.0,370.0,pre_swap,swap_distal,False,GCAMP4
5,830,8,5,200,250,320.0,370.0,pre_swap,swap_distal,False,GCAMP4
6,831,8,6,200,250,320.0,370.0,pre_swap,swap_distal,True,GCAMP4
7,832,8,7,200,250,320.0,370.0,pre_swap,swap_distal,False,GCAMP4
8,833,8,8,200,250,320.0,370.0,pre_swap,swap_distal,False,GCAMP4
9,834,8,9,200,250,320.0,370.0,pre_swap,swap_distal,False,GCAMP4
10,835,8,10,200,250,320.0,370.0,pre_swap,swap_distal,False,GCAMP4
11,836,8,11,200,250,320.0,370.0,pre_swap,swap_distal,False,GCAMP4
12,837,8,12,200,250,320.0,370.0,pre_swap,swap_distal,False,GCAMP4
13,838,8,13,200,250,320.0,370.0,pre_swap,swap_distal,False,GCAMP4
14,839,8,14,200,250,320.0,370.0,pre_swap,swap_distal,False,GCAMP4
15,840,8,15,200,250,320.0,370.0,pre_swap,swap_distal,False,GCAMP4
16,841,8,16,200,250,320.0,370.0,pre_swap,swap_distal,True,GCAMP4
17,842,8,17,200,250,320.0,370.0,pre_swap,swap_distal,False,GCAMP4
18,843,8,18,200,250,320.0,370.0,pre_swap,swap_distal,True,GCAMP4
19,844,8,19,200,250,320.0,370.0,pre_swap,swap_distal,False,GCAMP4
20,845,8,20,200,250,320.0,370.0,pre_swap,swap_distal,False,GCAMP4
21,846,8,21,200,250,320.0,370.0,pre_swap,swap_distal,True,GCAMP4
22,847,8,22,200,250,320.0,370.0,pre_swap,swap_distal,True,GCAMP4
23,848,8,23,200,250,320.0,370.0,pre_swap,swap_distal,False,GCAMP4
24,849,8,24,200,250,320.0,370.0,pre_swap,swap_distal,False,GCAMP4
25,850,8,25,200,250,320.0,370.0,pre_swap,swap_distal,False,GCAMP4
26,851,8,26,200,250,320.0,370.0,pre_swap,swap_distal,False,GCAMP4
27,852,8,27,200,250,320.0,370.0,pre_swap,swap_distal,False,GCAMP4
28,853,8,28,200,250,320.0,370.0,pre_swap,swap_distal,False,GCAMP4
29,854,8,29,200,250,320.0,370.0,pre_swap,swap_distal,False,GCAMP4
30,855,8,30,320,370,200.0,250.0,post_swap,swap_distal,False,GCAMP4
31,856,8,31,320,370,200.0,250.0,post_swap,swap_distal,False,GCAMP4
32,857,8,32,320,370,200.0,250.0,post_swap,swap_distal,False,GCAMP4
33,858,8,33,320,370,200.0,250.0,post_swap,swap_distal,False,GCAMP4
34,859,8,34,320,370,200.0,250.0,post_swap,swap_distal,False,GCAMP4
35,860,8,35,320,370,200.0,250.0,post_swap,swap_distal,False,GCAMP4
36,861,8,36,320,370,200.0,250.0,post_swap,swap_distal,False,GCAMP4
37,862,8,37,320,370,200.0,250.0,post_swap,swap_distal,False,GCAMP4
38,863,8,38,320,370,200.0,250.0,post_swap,swap_distal,True,GCAMP4
39,864,8,39,320,370,200.0,250.0,post_swap,swap_distal,False,GCAMP4
40,865,8,40,320,370,200.0,250.0,post_swap,swap_distal,False,GCAMP4
41,866,8,41,320,370,200.0,250.0,post_swap,swap_distal,False,GCAMP4
42,867,8,42,320,370,200.0,250.0,post_swap,swap_distal,False,GCAMP4
43,868,8,43,320,370,200.0,250.0,post_swap,swap_distal,False,GCAMP4
44,869,8,44,320,370,200.0,250.0,post_swap,swap_distal,False,GCAMP4
45,870,8,45,320,370,200.0,250.0,post_swap,swap_distal,False,GCAMP4
46,871,8,46,320,370,200.0,250.0,post_swap,swap_distal,False,GCAMP4
47,872,8,47,320,370,200.0,250.0,post_swap,swap_distal,False,GCAMP4
48,873,8,48,320,370,200.0,250.0,post_swap,swap_distal,True,GCAMP4
49,874,8,49,320,370,200.0,250.0,post_swap,swap_distal,False,GCAMP4
50,875,8,50,320,370,200.0,250.0,post_swap,swap_distal,False,GCAMP4
51,876,8,51,320,370,200.0,250.0,post_swap,swap_distal,False,GCAMP4
52,877,8,52,320,370,200.0,250.0,post_swap,swap_distal,False,GCAMP4
53,878,8,53,320,370,200.0,250.0,post_swap,swap_distal,False,GCAMP4
54,879,8,54,320,370,200.0,250.0,post_swap,swap_distal,False,GCAMP4
55,880,8,55,320,370,200.0,250.0,post_swap,swap_distal,False,GCAMP4
56,881,8,56,320,370,200.0,250.0,post_swap,swap_distal,False,GCAMP4
57,882,8,57,320,370,200.0,250.0,post_swap,swap_distal,False,GCAMP4
58,883,8,58,320,370,200.0,250.0,post_swap,swap_distal,False,GCAMP4
59,884,8,59,320,370,200.0,250.0,post_swap,swap_distal,False,GCAMP4
60,885,8,60,320,370,200.0,250.0,post_swap,swap_distal,False,GCAMP4
61,886,8,61,320,370,200.0,250.0,post_swap,swap_distal,False,GCAMP4
62,887,8,62,320,370,200.0,250.0,post_swap,swap_distal,False,GCAMP4
63,888,8,63,320,370,200.0,250.0,post_swap,swap_distal,False,GCAMP4
64,889,8,64,320,370,200.0,250.0,post_swap,swap_distal,False,GCAMP4
65,890,8,65,320,370,200.0,250.0,post_swap,swap_distal,False,GCAMP4
66,891,8,66,320,370,200.0,250.0,post_swap,swap_distal,False,GCAMP4
67,892,8,67,320,370,200.0,250.0,post_swap,swap_distal,True,GCAMP4
68,893,8,68,320,370,200.0,250.0,post_swap,swap_distal,False,GCAMP4
69,894,8,69,320,370,200.0,250.0,post_swap,swap_distal,False,GCAMP4
70,895,8,70,320,370,200.0,250.0,post_swap,swap_distal,False,GCAMP4
71,896,8,71,320,370,200.0,250.0,post_swap,swap_distal,True,GCAMP4
72,897,8,72,320,370,200.0,250.0,post_swap,swap_distal,True,GCAMP4
73,898,8,73,320,370,200.0,250.0,post_swap,swap_distal,False,GCAMP4
74,899,8,74,320,370,200.0,250.0,post_swap,swap_distal,False,GCAMP4
75,900,8,75,320,370,200.0,250.0,post_swap,swap_distal,False,GCAMP4
76,901,8,76,320,370,200.0,250.0,post_swap,swap_distal,False,GCAMP4
77,902,8,77,320,370,200.0,250.0,post_swap,swap_distal,False,GCAMP4
78,903,8,78,320,370,200.0,250.0,post_swap,swap_distal,False,GCAMP4
79,904,8,79,320,370,200.0,250.0,post_swap,swap_distal,False,GCAMP4
0,905,10,0,320,370,80.0,130.0,pre_swap,swap_proximal,False,GCAMP4
1,906,10,1,320,370,80.0,130.0,pre_swap,swap_proximal,False,GCAMP4
2,907,10,2,320,370,80.0,130.0,pre_swap,swap_proximal,False,GCAMP4
3,908,10,3,320,370,80.0,130.0,pre_swap,swap_proximal,False,GCAMP4
4,909,10,4,320,370,80.0,130.0,pre_swap,swap_proximal,False,GCAMP4
5,910,10,5,320,370,80.0,130.0,pre_swap,swap_proximal,False,GCAMP4
6,911,10,6,320,370,80.0,130.0,pre_swap,swap_proximal,False,GCAMP4
7,912,10,7,320,370,80.0,130.0,pre_swap,swap_proximal,False,GCAMP4
8,913,10,8,320,370,80.0,130.0,pre_swap,swap_proximal,True,GCAMP4
9,914,10,9,320,370,80.0,130.0,pre_swap,swap_proximal,False,GCAMP4
10,915,10,10,320,370,80.0,130.0,pre_swap,swap_proximal,False,GCAMP4
11,916,10,11,320,370,80.0,130.0,pre_swap,swap_proximal,False,GCAMP4
12,917,10,12,320,370,80.0,130.0,pre_swap,swap_proximal,False,GCAMP4
13,918,10,13,320,370,80.0,130.0,pre_swap,swap_proximal,True,GCAMP4
14,919,10,14,320,370,80.0,130.0,pre_swap,swap_proximal,False,GCAMP4
15,920,10,15,320,370,80.0,130.0,pre_swap,swap_proximal,False,GCAMP4
16,921,10,16,320,370,80.0,130.0,pre_swap,swap_proximal,False,GCAMP4
17,922,10,17,320,370,80.0,130.0,pre_swap,swap_proximal,False,GCAMP4
18,923,10,18,320,370,80.0,130.0,pre_swap,swap_proximal,False,GCAMP4
19,924,10,19,320,370,80.0,130.0,pre_swap,swap_proximal,False,GCAMP4
20,925,10,20,320,370,80.0,130.0,pre_swap,swap_proximal,False,GCAMP4
21,926,10,21,320,370,80.0,130.0,pre_swap,swap_proximal,False,GCAMP4
22,927,10,22,320,370,80.0,130.0,pre_swap,swap_proximal,True,GCAMP4
23,928,10,23,320,370,80.0,130.0,pre_swap,swap_proximal,False,GCAMP4
24,929,10,24,320,370,80.0,130.0,pre_swap,swap_proximal,False,GCAMP4
25,930,10,25,320,370,80.0,130.0,pre_swap,swap_proximal,False,GCAMP4
26,931,10,26,320,370,80.0,130.0,pre_swap,swap_proximal,False,GCAMP4
27,932,10,27,320,370,80.0,130.0,pre_swap,swap_proximal,False,GCAMP4
28,933,10,28,320,370,80.0,130.0,pre_swap,swap_proximal,False,GCAMP4
29,934,10,29,320,370,80.0,130.0,pre_swap,swap_proximal,False,GCAMP4
30,935,10,30,80,130,320.0,370.0,post_swap,swap_proximal,True,GCAMP4
31,936,10,31,80,130,320.0,370.0,post_swap,swap_proximal,False,GCAMP4
32,937,10,32,80,130,320.0,370.0,post_swap,swap_proximal,False,GCAMP4
33,938,10,33,80,130,320.0,370.0,post_swap,swap_proximal,False,GCAMP4
34,939,10,34,80,130,320.0,370.0,post_swap,swap_proximal,True,GCAMP4
35,940,10,35,80,130,320.0,370.0,post_swap,swap_proximal,True,GCAMP4
36,941,10,36,80,130,320.0,370.0,post_swap,swap_proximal,False,GCAMP4
37,942,10,37,80,130,320.0,370.0,post_swap,swap_proximal,False,GCAMP4
38,943,10,38,80,130,320.0,370.0,post_swap,swap_proximal,False,GCAMP4
39,944,10,39,80,130,320.0,370.0,post_swap,swap_proximal,False,GCAMP4
40,945,10,40,80,130,320.0,370.0,post_swap,swap_proximal,False,GCAMP4
41,946,10,41,80,130,320.0,370.0,post_swap,swap_proximal,False,GCAMP4
42,947,10,42,80,130,320.0,370.0,post_swap,swap_proximal,False,GCAMP4
43,948,10,43,80,130,320.0,370.0,post_swap,swap_proximal,False,GCAMP4
44,949,10,44,80,130,320.0,370.0,post_swap,swap_proximal,False,GCAMP4
45,950,10,45,80,130,320.0,370.0,post_swap,swap_proximal,False,GCAMP4
46,951,10,46,80,130,320.0,370.0,post_swap,swap_proximal,False,GCAMP4
47,952,10,47,80,130,320.0,370.0,post_swap,swap_proximal,True,GCAMP4
48,953,10,48,80,130,320.0,370.0,post_swap,swap_proximal,False,GCAMP4
49,954,10,49,80,130,320.0,370.0,post_swap,swap_proximal,False,GCAMP4
50,955,10,50,80,130,320.0,370.0,post_swap,swap_proximal,False,GCAMP4
51,956,10,51,80,130,320.0,370.0,post_swap,swap_proximal,True,GCAMP4
52,957,10,52,80,130,320.0,370.0,post_swap,swap_proximal,True,GCAMP4
53,958,10,53,80,130,320.0,370.0,post_swap,swap_proximal,False,GCAMP4
54,959,10,54,80,130,320.0,370.0,post_swap,swap_proximal,False,GCAMP4
55,960,10,55,80,130,320.0,370.0,post_swap,swap_proximal,False,GCAMP4
56,961,10,56,80,130,320.0,370.0,post_swap,swap_proximal,False,GCAMP4
57,962,10,57,80,130,320.0,370.0,post_swap,swap_proximal,False,GCAMP4
58,963,10,58,80,130,320.0,370.0,post_swap,swap_proximal,True,GCAMP4
59,964,10,59,80,130,320.0,370.0,post_swap,swap_proximal,False,GCAMP4
60,965,10,60,80,130,320.0,370.0,post_swap,swap_proximal,False,GCAMP4
61,966,10,61,80,130,320.0,370.0,post_swap,swap_proximal,False,GCAMP4
63,968,10,63,80,130,320.0,370.0,post_swap,swap_proximal,True,GCAMP4
64,969,10,64,80,130,320.0,370.0,post_swap,swap_proximal,False,GCAMP4
65,970,10,65,80,130,320.0,370.0,post_swap,swap_proximal,False,GCAMP4
66,971,10,66,80,130,320.0,370.0,post_swap,swap_proximal,False,GCAMP4
67,972,10,67,80,130,320.0,370.0,post_swap,swap_proximal,False,GCAMP4
68,973,10,68,80,130,320.0,370.0,post_swap,swap_proximal,True,GCAMP4
69,974,10,69,80,130,320.0,370.0,post_swap,swap_proximal,False,GCAMP4
70,975,10,70,80,130,320.0,370.0,post_swap,swap_proximal,False,GCAMP4
71,976,10,71,80,130,320.0,370.0,post_swap,swap_proximal,False,GCAMP4
72,977,10,72,80,130,320.0,370.0,post_swap,swap_proximal,False,GCAMP4
73,978,10,73,80,130,320.0,370.0,post_swap,swap_proximal,True,GCAMP4
74,979,10,74,80,130,320.0,370.0,post_swap,swap_proximal,True,GCAMP4
75,980,10,75,80,130,320.0,370.0,post_swap,swap_proximal,False,GCAMP4
76,981,10,76,80,130,320.0,370.0,post_swap,swap_proximal,False,GCAMP4
77,982,10,77,80,130,320.0,370.0,post_swap,swap_proximal,False,GCAMP4
78,983,10,78,80,130,320.0,370.0,post_swap,swap_proximal,False,GCAMP4
79,984,10,79,80,130,320.0,370.0,post_swap,swap_proximal,False,GCAMP4
0,985,12,0,80,130,200.0,250.0,pre_swap,swap_distal,False,GCAMP4
1,986,12,1,80,130,200.0,250.0,pre_swap,swap_distal,False,GCAMP4
2,987,12,2,80,130,200.0,250.0,pre_swap,swap_distal,False,GCAMP4
3,988,12,3,80,130,200.0,250.0,pre_swap,swap_distal,False,GCAMP4
4,989,12,4,80,130,200.0,250.0,pre_swap,swap_distal,True,GCAMP4
5,990,12,5,80,130,200.0,250.0,pre_swap,swap_distal,False,GCAMP4
6,991,12,6,80,130,200.0,250.0,pre_swap,swap_distal,True,GCAMP4
7,992,12,7,80,130,200.0,250.0,pre_swap,swap_distal,False,GCAMP4
8,993,12,8,80,130,200.0,250.0,pre_swap,swap_distal,False,GCAMP4
9,994,12,9,80,130,200.0,250.0,pre_swap,swap_distal,False,GCAMP4
10,995,12,10,80,130,200.0,250.0,pre_swap,swap_distal,False,GCAMP4
11,996,12,11,80,130,200.0,250.0,pre_swap,swap_distal,False,GCAMP4
12,997,12,12,80,130,200.0,250.0,pre_swap,swap_distal,False,GCAMP4
13,998,12,13,80,130,200.0,250.0,pre_swap,swap_distal,False,GCAMP4
14,999,12,14,80,130,200.0,250.0,pre_swap,swap_distal,True,GCAMP4
15,1000,12,15,80,130,200.0,250.0,pre_swap,swap_distal,False,GCAMP4
16,1001,12,16,80,130,200.0,250.0,pre_swap,swap_distal,True,GCAMP4
17,1002,12,17,80,130,200.0,250.0,pre_swap,swap_distal,False,GCAMP4
18,1003,12,18,80,130,200.0,250.0,pre_swap,swap_distal,False,GCAMP4
19,1004,12,19,80,130,200.0,250.0,pre_swap,swap_distal,False,GCAMP4
20,1005,12,20,80,130,200.0,250.0,pre_swap,swap_distal,False,GCAMP4
21,1006,12,21,80,130,200.0,250.0,pre_swap,swap_distal,False,GCAMP4
22,1007,12,22,80,130,200.0,250.0,pre_swap,swap_distal,False,GCAMP4
23,1008,12,23,80,130,200.0,250.0,pre_swap,swap_distal,False,GCAMP4
24,1009,12,24,80,130,200.0,250.0,pre_swap,swap_distal,False,GCAMP4
25,1010,12,25,80,130,200.0,250.0,pre_swap,swap_distal,False,GCAMP4
26,1011,12,26,80,130,200.0,250.0,pre_swap,swap_distal,False,GCAMP4
27,1012,12,27,80,130,200.0,250.0,pre_swap,swap_distal,False,GCAMP4
28,1013,12,28,80,130,200.0,250.0,pre_swap,swap_distal,False,GCAMP4
29,1014,12,29,80,130,200.0,250.0,pre_swap,swap_distal,False,GCAMP4
30,1015,12,30,200,250,80.0,130.0,post_swap,swap_distal,False,GCAMP4
31,1016,12,31,200,250,80.0,130.0,post_swap,swap_distal,False,GCAMP4
32,1017,12,32,200,250,80.0,130.0,post_swap,swap_distal,False,GCAMP4
33,1018,12,33,200,250,80.0,130.0,post_swap,swap_distal,False,GCAMP4
34,1019,12,34,200,250,80.0,130.0,post_swap,swap_distal,False,GCAMP4
35,1020,12,35,200,250,80.0,130.0,post_swap,swap_distal,False,GCAMP4
36,1021,12,36,200,250,80.0,130.0,post_swap,swap_distal,False,GCAMP4
37,1022,12,37,200,250,80.0,130.0,post_swap,swap_distal,False,GCAMP4
38,1023,12,38,200,250,80.0,130.0,post_swap,swap_distal,False,GCAMP4
39,1024,12,39,200,250,80.0,130.0,post_swap,swap_distal,True,GCAMP4
40,1025,12,40,200,250,80.0,130.0,post_swap,swap_distal,False,GCAMP4
41,1026,12,41,200,250,80.0,130.0,post_swap,swap_distal,False,GCAMP4
42,1027,12,42,200,250,80.0,130.0,post_swap,swap_distal,False,GCAMP4
43,1028,12,43,200,250,80.0,130.0,post_swap,swap_distal,True,GCAMP4
44,1029,12,44,200,250,80.0,130.0,post_swap,swap_distal,False,GCAMP4
45,1030,12,45,200,250,80.0,130.0,post_swap,swap_distal,False,GCAMP4
46,1031,12,46,200,250,80.0,130.0,post_swap,swap_distal,True,GCAMP4
47,1032,12,47,200,250,80.0,130.0,post_swap,swap_distal,False,GCAMP4
48,1033,12,48,200,250,80.0,130.0,post_swap,swap_distal,True,GCAMP4
49,1034,12,49,200,250,80.0,130.0,post_swap,swap_distal,True,GCAMP4
50,1035,12,50,200,250,80.0,130.0,post_swap,swap_distal,False,GCAMP4
51,1036,12,51,200,250,80.0,130.0,post_swap,swap_distal,False,GCAMP4
52,1037,12,52,200,250,80.0,130.0,post_swap,swap_distal,False,GCAMP4
53,1038,12,53,200,250,80.0,130.0,post_swap,swap_distal,False,GCAMP4
54,1039,12,54,200,250,80.0,130.0,post_swap,swap_distal,False,GCAMP4
55,1040,12,55,200,250,80.0,130.0,post_swap,swap_distal,False,GCAMP4
56,1041,12,56,200,250,80.0,130.0,post_swap,swap_distal,False,GCAMP4
57,1042,12,57,200,250,80.0,130.0,post_swap,swap_distal,False,GCAMP4
58,1043,12,58,200,250,80.0,130.0,post_swap,swap_distal,False,GCAMP4
59,1044,12,59,200,250,80.0,130.0,post_swap,swap_distal,False,GCAMP4
60,1045,12,60,200,250,80.0,130.0,post_swap,swap_distal,False,GCAMP4
61,1046,12,61,200,250,80.0,130.0,post_swap,swap_distal,False,GCAMP4
62,1047,12,62,200,250,80.0,130.0,post_swap,swap_distal,False,GCAMP4
63,1048,12,63,200,250,80.0,130.0,post_swap,swap_distal,False,GCAMP4
64,1049,12,64,200,250,80.0,130.0,post_swap,swap_distal,False,GCAMP4
65,1050,12,65,200,250,80.0,130.0,post_swap,swap_distal,False,GCAMP4
66,1051,12,66,200,250,80.0,130.0,post_swap,swap_distal,False,GCAMP4
67,1052,12,67,200,250,80.0,130.0,post_swap,swap_distal,False,GCAMP4
68,1053,12,68,200,250,80.0,130.0,post_swap,swap_distal,False,GCAMP4
69,1054,12,69,200,250,80.0,130.0,post_swap,swap_distal,False,GCAMP4
70,1055,12,70,200,250,80.0,130.0,post_swap,swap_distal,False,GCAMP4
71,1056,12,71,200,250,80.0,130.0,post_swap,swap_distal,False,GCAMP4
72,1057,12,72,200,250,80.0,130.0,post_swap,swap_distal,False,GCAMP4
73,1058,12,73,200,250,80.0,130.0,post_swap,swap_distal,False,GCAMP4
74,1059,12,74,200,250,80.0,130.0,post_swap,swap_distal,False,GCAMP4
75,1060,12,75,200,250,80.0,130.0,post_swap,swap_distal,False,GCAMP4
76,1061,12,76,200,250,80.0,130.0,post_swap,swap_distal,False,GCAMP4
77,1062,12,77,200,250,80.0,130.0,post_swap,swap_distal,False,GCAMP4
78,1063,12,78,200,250,80.0,130.0,post_swap,swap_distal,False,GCAMP4
79,1064,12,79,200,250,80.0,130.0,post_swap,swap_distal,False,GCAMP4
0,1065,14,0,200,250,320.0,370.0,pre_swap,swap_distal,False,GCAMP4
1,1066,14,1,200,250,320.0,370.0,pre_swap,swap_distal,True,GCAMP4
2,1067,14,2,200,250,320.0,370.0,pre_swap,swap_distal,False,GCAMP4
3,1068,14,3,200,250,320.0,370.0,pre_swap,swap_distal,False,GCAMP4
4,1069,14,4,200,250,320.0,370.0,pre_swap,swap_distal,False,GCAMP4
5,1070,14,5,200,250,320.0,370.0,pre_swap,swap_distal,False,GCAMP4
6,1071,14,6,200,250,320.0,370.0,pre_swap,swap_distal,False,GCAMP4
7,1072,14,7,200,250,320.0,370.0,pre_swap,swap_distal,False,GCAMP4
8,1073,14,8,200,250,320.0,370.0,pre_swap,swap_distal,False,GCAMP4
9,1074,14,9,200,250,320.0,370.0,pre_swap,swap_distal,False,GCAMP4
10,1075,14,10,200,250,320.0,370.0,pre_swap,swap_distal,False,GCAMP4
11,1076,14,11,200,250,320.0,370.0,pre_swap,swap_distal,False,GCAMP4
13,1078,14,13,200,250,320.0,370.0,pre_swap,swap_distal,False,GCAMP4
14,1079,14,14,200,250,320.0,370.0,pre_swap,swap_distal,False,GCAMP4
15,1080,14,15,200,250,320.0,370.0,pre_swap,swap_distal,False,GCAMP4
16,1081,14,16,200,250,320.0,370.0,pre_swap,swap_distal,False,GCAMP4
17,1082,14,17,200,250,320.0,370.0,pre_swap,swap_distal,False,GCAMP4
18,1083,14,18,200,250,320.0,370.0,pre_swap,swap_distal,True,GCAMP4
25,1090,14,25,200,250,320.0,370.0,pre_swap,swap_distal,True,GCAMP4
26,1091,14,26,200,250,320.0,370.0,pre_swap,swap_distal,False,GCAMP4
30,1095,14,30,320,370,200.0,250.0,post_swap,swap_distal,False,GCAMP4
32,1097,14,32,320,370,200.0,250.0,post_swap,swap_distal,True,GCAMP4
33,1098,14,33,320,370,200.0,250.0,post_swap,swap_distal,False,GCAMP4
35,1100,14,35,320,370,200.0,250.0,post_swap,swap_distal,False,GCAMP4
36,1101,14,36,320,370,200.0,250.0,post_swap,swap_distal,True,GCAMP4
43,1108,14,43,320,370,200.0,250.0,post_swap,swap_distal,False,GCAMP4
44,1109,14,44,320,370,200.0,250.0,post_swap,swap_distal,False,GCAMP4
48,1113,14,48,320,370,200.0,250.0,post_swap,swap_distal,False,GCAMP4
49,1114,14,49,320,370,200.0,250.0,post_swap,swap_distal,True,GCAMP4
50,1115,14,50,320,370,200.0,250.0,post_swap,swap_distal,False,GCAMP4
54,1119,14,54,320,370,200.0,250.0,post_swap,swap_distal,False,GCAMP4
55,1120,14,55,320,370,200.0,250.0,post_swap,swap_distal,False,GCAMP4
56,1121,14,56,320,370,200.0,250.0,post_swap,swap_distal,False,GCAMP4
57,1122,14,57,320,370,200.0,250.0,post_swap,swap_distal,False,GCAMP4
62,1127,14,62,320,370,200.0,250.0,post_swap,swap_distal,False,GCAMP4
63,1128,14,63,320,370,200.0,250.0,post_swap,swap_distal,False,GCAMP4
64,1129,14,64,320,370,200.0,250.0,post_swap,swap_distal,True,GCAMP4
67,1132,14,67,320,370,200.0,250.0,post_swap,swap_distal,True,GCAMP4
68,1133,14,68,320,370,200.0,250.0,post_swap,swap_distal,False,GCAMP4
69,1134,14,69,320,370,200.0,250.0,post_swap,swap_distal,False,GCAMP4
70,1135,14,70,320,370,200.0,250.0,post_swap,swap_distal,False,GCAMP4
71,1136,14,71,320,370,200.0,250.0,post_swap,swap_distal,False,GCAMP4
72,1137,14,72,320,370,200.0,250.0,post_swap,swap_distal,False,GCAMP4
73,1138,14,73,320,370,200.0,250.0,post_swap,swap_distal,False,GCAMP4
74,1139,14,74,320,370,200.0,250.0,post_swap,swap_distal,False,GCAMP4
0,1145,3,0,80,130,320.0,370.0,pre_swap,swap_distal,False,GCAMP7
1,1146,3,1,80,130,320.0,370.0,pre_swap,swap_distal,False,GCAMP7
2,1147,3,2,80,130,320.0,370.0,pre_swap,swap_distal,False,GCAMP7
3,1148,3,3,80,130,320.0,370.0,pre_swap,swap_distal,False,GCAMP7
4,1149,3,4,80,130,320.0,370.0,pre_swap,swap_distal,False,GCAMP7
5,1150,3,5,80,130,320.0,370.0,pre_swap,swap_distal,False,GCAMP7
6,1151,3,6,80,130,320.0,370.0,pre_swap,swap_distal,False,GCAMP7
7,1152,3,7,80,130,320.0,370.0,pre_swap,swap_distal,False,GCAMP7
8,1153,3,8,80,130,320.0,370.0,pre_swap,swap_distal,False,GCAMP7
9,1154,3,9,80,130,320.0,370.0,pre_swap,swap_distal,False,GCAMP7
10,1155,3,10,80,130,320.0,370.0,pre_swap,swap_distal,False,GCAMP7
11,1156,3,11,80,130,320.0,370.0,pre_swap,swap_distal,False,GCAMP7
12,1157,3,12,80,130,320.0,370.0,pre_swap,swap_distal,False,GCAMP7
13,1158,3,13,80,130,320.0,370.0,pre_swap,swap_distal,False,GCAMP7
14,1159,3,14,80,130,320.0,370.0,pre_swap,swap_distal,True,GCAMP7
15,1160,3,15,80,130,320.0,370.0,pre_swap,swap_distal,True,GCAMP7
16,1161,3,16,80,130,320.0,370.0,pre_swap,swap_distal,False,GCAMP7
17,1162,3,17,80,130,320.0,370.0,pre_swap,swap_distal,True,GCAMP7
18,1163,3,18,80,130,320.0,370.0,pre_swap,swap_distal,True,GCAMP7
19,1164,3,19,80,130,320.0,370.0,pre_swap,swap_distal,False,GCAMP7
20,1165,3,20,80,130,320.0,370.0,pre_swap,swap_distal,False,GCAMP7
21,1166,3,21,80,130,320.0,370.0,pre_swap,swap_distal,False,GCAMP7
22,1167,3,22,80,130,320.0,370.0,pre_swap,swap_distal,False,GCAMP7
23,1168,3,23,80,130,320.0,370.0,pre_swap,swap_distal,False,GCAMP7
24,1169,3,24,80,130,320.0,370.0,pre_swap,swap_distal,False,GCAMP7
25,1170,3,25,80,130,320.0,370.0,pre_swap,swap_distal,True,GCAMP7
26,1171,3,26,80,130,320.0,370.0,pre_swap,swap_distal,True,GCAMP7
27,1172,3,27,80,130,320.0,370.0,pre_swap,swap_distal,False,GCAMP7
28,1173,3,28,80,130,320.0,370.0,pre_swap,swap_distal,False,GCAMP7
29,1174,3,29,80,130,320.0,370.0,pre_swap,swap_distal,False,GCAMP7
30,1175,3,30,320,370,80.0,130.0,post_swap,swap_distal,True,GCAMP7
31,1176,3,31,320,370,80.0,130.0,post_swap,swap_distal,True,GCAMP7
32,1177,3,32,320,370,80.0,130.0,post_swap,swap_distal,False,GCAMP7
33,1178,3,33,320,370,80.0,130.0,post_swap,swap_distal,False,GCAMP7
34,1179,3,34,320,370,80.0,130.0,post_swap,swap_distal,False,GCAMP7
35,1180,3,35,320,370,80.0,130.0,post_swap,swap_distal,False,GCAMP7
36,1181,3,36,320,370,80.0,130.0,post_swap,swap_distal,False,GCAMP7
37,1182,3,37,320,370,80.0,130.0,post_swap,swap_distal,False,GCAMP7
38,1183,3,38,320,370,80.0,130.0,post_swap,swap_distal,True,GCAMP7
39,1184,3,39,320,370,80.0,130.0,post_swap,swap_distal,True,GCAMP7
40,1185,3,40,320,370,80.0,130.0,post_swap,swap_distal,False,GCAMP7
41,1186,3,41,320,370,80.0,130.0,post_swap,swap_distal,False,GCAMP7
42,1187,3,42,320,370,80.0,130.0,post_swap,swap_distal,False,GCAMP7
43,1188,3,43,320,370,80.0,130.0,post_swap,swap_distal,False,GCAMP7
44,1189,3,44,320,370,80.0,130.0,post_swap,swap_distal,False,GCAMP7
45,1190,3,45,320,370,80.0,130.0,post_swap,swap_distal,False,GCAMP7
46,1191,3,46,320,370,80.0,130.0,post_swap,swap_distal,True,GCAMP7
47,1192,3,47,320,370,80.0,130.0,post_swap,swap_distal,False,GCAMP7
48,1193,3,48,320,370,80.0,130.0,post_swap,swap_distal,False,GCAMP7
49,1194,3,49,320,370,80.0,130.0,post_swap,swap_distal,False,GCAMP7
50,1195,3,50,320,370,80.0,130.0,post_swap,swap_distal,False,GCAMP7
51,1196,3,51,320,370,80.0,130.0,post_swap,swap_distal,False,GCAMP7
52,1197,3,52,320,370,80.0,130.0,post_swap,swap_distal,False,GCAMP7
53,1198,3,53,320,370,80.0,130.0,post_swap,swap_distal,False,GCAMP7
54,1199,3,54,320,370,80.0,130.0,post_swap,swap_distal,False,GCAMP7
55,1200,3,55,320,370,80.0,130.0,post_swap,swap_distal,False,GCAMP7
56,1201,3,56,320,370,80.0,130.0,post_swap,swap_distal,False,GCAMP7
57,1202,3,57,320,370,80.0,130.0,post_swap,swap_distal,True,GCAMP7
58,1203,3,58,320,370,80.0,130.0,post_swap,swap_distal,True,GCAMP7
59,1204,3,59,320,370,80.0,130.0,post_swap,swap_distal,False,GCAMP7
60,1205,3,60,320,370,80.0,130.0,post_swap,swap_distal,False,GCAMP7
61,1206,3,61,320,370,80.0,130.0,post_swap,swap_distal,False,GCAMP7
62,1207,3,62,320,370,80.0,130.0,post_swap,swap_distal,False,GCAMP7
63,1208,3,63,320,370,80.0,130.0,post_swap,swap_distal,False,GCAMP7
64,1209,3,64,320,370,80.0,130.0,post_swap,swap_distal,False,GCAMP7
65,1210,3,65,320,370,80.0,130.0,post_swap,swap_distal,False,GCAMP7
66,1211,3,66,320,370,80.0,130.0,post_swap,swap_distal,False,GCAMP7
67,1212,3,67,320,370,80.0,130.0,post_swap,swap_distal,False,GCAMP7
68,1213,3,68,320,370,80.0,130.0,post_swap,swap_distal,False,GCAMP7
69,1214,3,69,320,370,80.0,130.0,post_swap,swap_distal,False,GCAMP7
70,1215,3,70,320,370,80.0,130.0,post_swap,swap_distal,False,GCAMP7
71,1216,3,71,320,370,80.0,130.0,post_swap,swap_distal,False,GCAMP7
72,1217,3,72,320,370,80.0,130.0,post_swap,swap_distal,False,GCAMP7
73,1218,3,73,320,370,80.0,130.0,post_swap,swap_distal,False,GCAMP7
74,1219,3,74,320,370,80.0,130.0,post_swap,swap_distal,False,GCAMP7
75,1220,3,75,320,370,80.0,130.0,post_swap,swap_distal,False,GCAMP7
76,1221,3,76,320,370,80.0,130.0,post_swap,swap_distal,False,GCAMP7
77,1222,3,77,320,370,80.0,130.0,post_swap,swap_distal,False,GCAMP7
78,1223,3,78,320,370,80.0,130.0,post_swap,swap_distal,False,GCAMP7
79,1224,3,79,320,370,80.0,130.0,post_swap,swap_distal,False,GCAMP7
80,1225,3,80,320,370,80.0,130.0,post_swap,swap_distal,False,GCAMP7
81,1226,3,81,320,370,80.0,130.0,post_swap,swap_distal,False,GCAMP7
82,1227,3,82,320,370,80.0,130.0,post_swap,swap_distal,False,GCAMP7
83,1228,3,83,320,370,80.0,130.0,post_swap,swap_distal,False,GCAMP7
84,1229,3,84,320,370,80.0,130.0,post_swap,swap_distal,False,GCAMP7
85,1230,3,85,320,370,80.0,130.0,post_swap,swap_distal,False,GCAMP7
86,1231,3,86,320,370,80.0,130.0,post_swap,swap_distal,False,GCAMP7
87,1232,3,87,320,370,80.0,130.0,post_swap,swap_distal,True,GCAMP7
88,1233,3,88,320,370,80.0,130.0,post_swap,swap_distal,False,GCAMP7
89,1234,3,89,320,370,80.0,130.0,post_swap,swap_distal,False,GCAMP7
90,1235,3,90,320,370,80.0,130.0,post_swap,swap_distal,False,GCAMP7
91,1236,3,91,320,370,80.0,130.0,post_swap,swap_distal,False,GCAMP7
92,1237,3,92,320,370,80.0,130.0,post_swap,swap_distal,False,GCAMP7
93,1238,3,93,320,370,80.0,130.0,post_swap,swap_distal,False,GCAMP7
94,1239,3,94,320,370,80.0,130.0,post_swap,swap_distal,True,GCAMP7
95,1240,3,95,320,370,80.0,130.0,post_swap,swap_distal,True,GCAMP7
96,1241,3,96,320,370,80.0,130.0,post_swap,swap_distal,False,GCAMP7
97,1242,3,97,320,370,80.0,130.0,post_swap,swap_distal,False,GCAMP7
98,1243,3,98,320,370,80.0,130.0,post_swap,swap_distal,False,GCAMP7
99,1244,3,99,320,370,80.0,130.0,post_swap,swap_distal,False,GCAMP7
0,1245,5,0,320,370,200.0,250.0,pre_swap,swap_proximal,False,GCAMP7
1,1246,5,1,320,370,200.0,250.0,pre_swap,swap_proximal,False,GCAMP7
2,1247,5,2,320,370,200.0,250.0,pre_swap,swap_proximal,False,GCAMP7
3,1248,5,3,320,370,200.0,250.0,pre_swap,swap_proximal,False,GCAMP7
4,1249,5,4,320,370,200.0,250.0,pre_swap,swap_proximal,False,GCAMP7
5,1250,5,5,320,370,200.0,250.0,pre_swap,swap_proximal,False,GCAMP7
6,1251,5,6,320,370,200.0,250.0,pre_swap,swap_proximal,False,GCAMP7
7,1252,5,7,320,370,200.0,250.0,pre_swap,swap_proximal,False,GCAMP7
8,1253,5,8,320,370,200.0,250.0,pre_swap,swap_proximal,False,GCAMP7
9,1254,5,9,320,370,200.0,250.0,pre_swap,swap_proximal,False,GCAMP7
10,1255,5,10,320,370,200.0,250.0,pre_swap,swap_proximal,False,GCAMP7
11,1256,5,11,320,370,200.0,250.0,pre_swap,swap_proximal,False,GCAMP7
12,1257,5,12,320,370,200.0,250.0,pre_swap,swap_proximal,False,GCAMP7
13,1258,5,13,320,370,200.0,250.0,pre_swap,swap_proximal,True,GCAMP7
14,1259,5,14,320,370,200.0,250.0,pre_swap,swap_proximal,False,GCAMP7
15,1260,5,15,320,370,200.0,250.0,pre_swap,swap_proximal,False,GCAMP7
16,1261,5,16,320,370,200.0,250.0,pre_swap,swap_proximal,False,GCAMP7
17,1262,5,17,320,370,200.0,250.0,pre_swap,swap_proximal,False,GCAMP7
18,1263,5,18,320,370,200.0,250.0,pre_swap,swap_proximal,False,GCAMP7
19,1264,5,19,320,370,200.0,250.0,pre_swap,swap_proximal,False,GCAMP7
20,1265,5,20,320,370,200.0,250.0,pre_swap,swap_proximal,True,GCAMP7
21,1266,5,21,320,370,200.0,250.0,pre_swap,swap_proximal,False,GCAMP7
22,1267,5,22,320,370,200.0,250.0,pre_swap,swap_proximal,False,GCAMP7
23,1268,5,23,320,370,200.0,250.0,pre_swap,swap_proximal,False,GCAMP7
24,1269,5,24,320,370,200.0,250.0,pre_swap,swap_proximal,False,GCAMP7
25,1270,5,25,320,370,200.0,250.0,pre_swap,swap_proximal,False,GCAMP7
26,1271,5,26,320,370,200.0,250.0,pre_swap,swap_proximal,False,GCAMP7
27,1272,5,27,320,370,200.0,250.0,pre_swap,swap_proximal,False,GCAMP7
28,1273,5,28,320,370,200.0,250.0,pre_swap,swap_proximal,False,GCAMP7
29,1274,5,29,320,370,200.0,250.0,pre_swap,swap_proximal,False,GCAMP7
30,1275,5,30,200,250,320.0,370.0,post_swap,swap_proximal,False,GCAMP7
31,1276,5,31,200,250,320.0,370.0,post_swap,swap_proximal,False,GCAMP7
32,1277,5,32,200,250,320.0,370.0,post_swap,swap_proximal,False,GCAMP7
33,1278,5,33,200,250,320.0,370.0,post_swap,swap_proximal,False,GCAMP7
34,1279,5,34,200,250,320.0,370.0,post_swap,swap_proximal,False,GCAMP7
35,1280,5,35,200,250,320.0,370.0,post_swap,swap_proximal,False,GCAMP7
36,1281,5,36,200,250,320.0,370.0,post_swap,swap_proximal,False,GCAMP7
37,1282,5,37,200,250,320.0,370.0,post_swap,swap_proximal,False,GCAMP7
38,1283,5,38,200,250,320.0,370.0,post_swap,swap_proximal,False,GCAMP7
39,1284,5,39,200,250,320.0,370.0,post_swap,swap_proximal,False,GCAMP7
40,1285,5,40,200,250,320.0,370.0,post_swap,swap_proximal,True,GCAMP7
41,1286,5,41,200,250,320.0,370.0,post_swap,swap_proximal,False,GCAMP7
42,1287,5,42,200,250,320.0,370.0,post_swap,swap_proximal,False,GCAMP7
43,1288,5,43,200,250,320.0,370.0,post_swap,swap_proximal,True,GCAMP7
44,1289,5,44,200,250,320.0,370.0,post_swap,swap_proximal,False,GCAMP7
45,1290,5,45,200,250,320.0,370.0,post_swap,swap_proximal,False,GCAMP7
46,1291,5,46,200,250,320.0,370.0,post_swap,swap_proximal,False,GCAMP7
47,1292,5,47,200,250,320.0,370.0,post_swap,swap_proximal,False,GCAMP7
48,1293,5,48,200,250,320.0,370.0,post_swap,swap_proximal,False,GCAMP7
49,1294,5,49,200,250,320.0,370.0,post_swap,swap_proximal,False,GCAMP7
50,1295,5,50,200,250,320.0,370.0,post_swap,swap_proximal,False,GCAMP7
51,1296,5,51,200,250,320.0,370.0,post_swap,swap_proximal,False,GCAMP7
52,1297,5,52,200,250,320.0,370.0,post_swap,swap_proximal,False,GCAMP7
53,1298,5,53,200,250,320.0,370.0,post_swap,swap_proximal,False,GCAMP7
54,1299,5,54,200,250,320.0,370.0,post_swap,swap_proximal,False,GCAMP7
55,1300,5,55,200,250,320.0,370.0,post_swap,swap_proximal,False,GCAMP7
56,1301,5,56,200,250,320.0,370.0,post_swap,swap_proximal,False,GCAMP7
57,1302,5,57,200,250,320.0,370.0,post_swap,swap_proximal,True,GCAMP7
58,1303,5,58,200,250,320.0,370.0,post_swap,swap_proximal,False,GCAMP7
59,1304,5,59,200,250,320.0,370.0,post_swap,swap_proximal,True,GCAMP7
60,1305,5,60,200,250,320.0,370.0,post_swap,swap_proximal,False,GCAMP7
61,1306,5,61,200,250,320.0,370.0,post_swap,swap_proximal,False,GCAMP7
62,1307,5,62,200,250,320.0,370.0,post_swap,swap_proximal,True,GCAMP7
63,1308,5,63,200,250,320.0,370.0,post_swap,swap_proximal,False,GCAMP7
64,1309,5,64,200,250,320.0,370.0,post_swap,swap_proximal,False,GCAMP7
65,1310,5,65,200,250,320.0,370.0,post_swap,swap_proximal,False,GCAMP7
66,1311,5,66,200,250,320.0,370.0,post_swap,swap_proximal,False,GCAMP7
67,1312,5,67,200,250,320.0,370.0,post_swap,swap_proximal,False,GCAMP7
68,1313,5,68,200,250,320.0,370.0,post_swap,swap_proximal,False,GCAMP7
69,1314,5,69,200,250,320.0,370.0,post_swap,swap_proximal,False,GCAMP7
70,1315,5,70,200,250,320.0,370.0,post_swap,swap_proximal,False,GCAMP7
71,1316,5,71,200,250,320.0,370.0,post_swap,swap_proximal,False,GCAMP7
72,1317,5,72,200,250,320.0,370.0,post_swap,swap_proximal,True,GCAMP7
73,1318,5,73,200,250,320.0,370.0,post_swap,swap_proximal,False,GCAMP7
74,1319,5,74,200,250,320.0,370.0,post_swap,swap_proximal,False,GCAMP7
75,1320,5,75,200,250,320.0,370.0,post_swap,swap_proximal,False,GCAMP7
76,1321,5,76,200,250,320.0,370.0,post_swap,swap_proximal,False,GCAMP7
77,1322,5,77,200,250,320.0,370.0,post_swap,swap_proximal,True,GCAMP7
78,1323,5,78,200,250,320.0,370.0,post_swap,swap_proximal,True,GCAMP7
79,1324,5,79,200,250,320.0,370.0,post_swap,swap_proximal,False,GCAMP7
0,1325,7,0,200,250,80.0,130.0,pre_swap,swap_proximal,True,GCAMP7
1,1326,7,1,200,250,80.0,130.0,pre_swap,swap_proximal,False,GCAMP7
2,1327,7,2,200,250,80.0,130.0,pre_swap,swap_proximal,False,GCAMP7
3,1328,7,3,200,250,80.0,130.0,pre_swap,swap_proximal,False,GCAMP7
4,1329,7,4,200,250,80.0,130.0,pre_swap,swap_proximal,False,GCAMP7
5,1330,7,5,200,250,80.0,130.0,pre_swap,swap_proximal,False,GCAMP7
6,1331,7,6,200,250,80.0,130.0,pre_swap,swap_proximal,False,GCAMP7
7,1332,7,7,200,250,80.0,130.0,pre_swap,swap_proximal,False,GCAMP7
8,1333,7,8,200,250,80.0,130.0,pre_swap,swap_proximal,False,GCAMP7
9,1334,7,9,200,250,80.0,130.0,pre_swap,swap_proximal,False,GCAMP7
10,1335,7,10,200,250,80.0,130.0,pre_swap,swap_proximal,False,GCAMP7
11,1336,7,11,200,250,80.0,130.0,pre_swap,swap_proximal,False,GCAMP7
12,1337,7,12,200,250,80.0,130.0,pre_swap,swap_proximal,False,GCAMP7
13,1338,7,13,200,250,80.0,130.0,pre_swap,swap_proximal,False,GCAMP7
14,1339,7,14,200,250,80.0,130.0,pre_swap,swap_proximal,False,GCAMP7
15,1340,7,15,200,250,80.0,130.0,pre_swap,swap_proximal,False,GCAMP7
16,1341,7,16,200,250,80.0,130.0,pre_swap,swap_proximal,False,GCAMP7
17,1342,7,17,200,250,80.0,130.0,pre_swap,swap_proximal,False,GCAMP7
18,1343,7,18,200,250,80.0,130.0,pre_swap,swap_proximal,False,GCAMP7
19,1344,7,19,200,250,80.0,130.0,pre_swap,swap_proximal,True,GCAMP7
20,1345,7,20,200,250,80.0,130.0,pre_swap,swap_proximal,False,GCAMP7
21,1346,7,21,200,250,80.0,130.0,pre_swap,swap_proximal,False,GCAMP7
22,1347,7,22,200,250,80.0,130.0,pre_swap,swap_proximal,True,GCAMP7
23,1348,7,23,200,250,80.0,130.0,pre_swap,swap_proximal,True,GCAMP7
24,1349,7,24,200,250,80.0,130.0,pre_swap,swap_proximal,False,GCAMP7
25,1350,7,25,200,250,80.0,130.0,pre_swap,swap_proximal,True,GCAMP7
26,1351,7,26,200,250,80.0,130.0,pre_swap,swap_proximal,False,GCAMP7
27,1352,7,27,200,250,80.0,130.0,pre_swap,swap_proximal,False,GCAMP7
28,1353,7,28,200,250,80.0,130.0,pre_swap,swap_proximal,False,GCAMP7
29,1354,7,29,200,250,80.0,130.0,pre_swap,swap_proximal,False,GCAMP7
30,1355,7,30,80,130,200.0,250.0,post_swap,swap_proximal,False,GCAMP7
31,1356,7,31,80,130,200.0,250.0,post_swap,swap_proximal,False,GCAMP7
32,1357,7,32,80,130,200.0,250.0,post_swap,swap_proximal,False,GCAMP7
33,1358,7,33,80,130,200.0,250.0,post_swap,swap_proximal,False,GCAMP7
34,1359,7,34,80,130,200.0,250.0,post_swap,swap_proximal,False,GCAMP7
35,1360,7,35,80,130,200.0,250.0,post_swap,swap_proximal,False,GCAMP7
36,1361,7,36,80,130,200.0,250.0,post_swap,swap_proximal,False,GCAMP7
37,1362,7,37,80,130,200.0,250.0,post_swap,swap_proximal,False,GCAMP7
38,1363,7,38,80,130,200.0,250.0,post_swap,swap_proximal,False,GCAMP7
39,1364,7,39,80,130,200.0,250.0,post_swap,swap_proximal,False,GCAMP7
40,1365,7,40,80,130,200.0,250.0,post_swap,swap_proximal,False,GCAMP7
41,1366,7,41,80,130,200.0,250.0,post_swap,swap_proximal,False,GCAMP7
42,1367,7,42,80,130,200.0,250.0,post_swap,swap_proximal,False,GCAMP7
43,1368,7,43,80,130,200.0,250.0,post_swap,swap_proximal,False,GCAMP7
44,1369,7,44,80,130,200.0,250.0,post_swap,swap_proximal,False,GCAMP7
45,1370,7,45,80,130,200.0,250.0,post_swap,swap_proximal,False,GCAMP7
46,1371,7,46,80,130,200.0,250.0,post_swap,swap_proximal,False,GCAMP7
47,1372,7,47,80,130,200.0,250.0,post_swap,swap_proximal,False,GCAMP7
48,1373,7,48,80,130,200.0,250.0,post_swap,swap_proximal,False,GCAMP7
49,1374,7,49,80,130,200.0,250.0,post_swap,swap_proximal,False,GCAMP7
50,1375,7,50,80,130,200.0,250.0,post_swap,swap_proximal,False,GCAMP7
51,1376,7,51,80,130,200.0,250.0,post_swap,swap_proximal,True,GCAMP7
52,1377,7,52,80,130,200.0,250.0,post_swap,swap_proximal,False,GCAMP7
53,1378,7,53,80,130,200.0,250.0,post_swap,swap_proximal,True,GCAMP7
54,1379,7,54,80,130,200.0,250.0,post_swap,swap_proximal,False,GCAMP7
55,1380,7,55,80,130,200.0,250.0,post_swap,swap_proximal,False,GCAMP7
56,1381,7,56,80,130,200.0,250.0,post_swap,swap_proximal,False,GCAMP7
57,1382,7,57,80,130,200.0,250.0,post_swap,swap_proximal,False,GCAMP7
58,1383,7,58,80,130,200.0,250.0,post_swap,swap_proximal,False,GCAMP7
59,1384,7,59,80,130,200.0,250.0,post_swap,swap_proximal,False,GCAMP7
60,1385,7,60,80,130,200.0,250.0,post_swap,swap_proximal,False,GCAMP7
61,1386,7,61,80,130,200.0,250.0,post_swap,swap_proximal,False,GCAMP7
62,1387,7,62,80,130,200.0,250.0,post_swap,swap_proximal,True,GCAMP7
63,1388,7,63,80,130,200.0,250.0,post_swap,swap_proximal,True,GCAMP7
64,1389,7,64,80,130,200.0,250.0,post_swap,swap_proximal,True,GCAMP7
65,1390,7,65,80,130,200.0,250.0,post_swap,swap_proximal,False,GCAMP7
66,1391,7,66,80,130,200.0,250.0,post_swap,swap_proximal,False,GCAMP7
67,1392,7,67,80,130,200.0,250.0,post_swap,swap_proximal,False,GCAMP7
68,1393,7,68,80,130,200.0,250.0,post_swap,swap_proximal,True,GCAMP7
69,1394,7,69,80,130,200.0,250.0,post_swap,swap_proximal,False,GCAMP7
70,1395,7,70,80,130,200.0,250.0,post_swap,swap_proximal,False,GCAMP7
71,1396,7,71,80,130,200.0,250.0,post_swap,swap_proximal,False,GCAMP7
72,1397,7,72,80,130,200.0,250.0,post_swap,swap_proximal,False,GCAMP7
73,1398,7,73,80,130,200.0,250.0,post_swap,swap_proximal,False,GCAMP7
74,1399,7,74,80,130,200.0,250.0,post_swap,swap_proximal,True,GCAMP7
75,1400,7,75,80,130,200.0,250.0,post_swap,swap_proximal,False,GCAMP7
76,1401,7,76,80,130,200.0,250.0,post_swap,swap_proximal,False,GCAMP7
77,1402,7,77,80,130,200.0,250.0,post_swap,swap_proximal,False,GCAMP7
78,1403,7,78,80,130,200.0,250.0,post_swap,swap_proximal,False,GCAMP7
79,1404,7,79,80,130,200.0,250.0,post_swap,swap_proximal,False,GCAMP7
80,1405,7,80,80,130,200.0,250.0,post_swap,swap_proximal,False,GCAMP7
81,1406,7,81,80,130,200.0,250.0,post_swap,swap_proximal,False,GCAMP7
82,1407,7,82,80,130,200.0,250.0,post_swap,swap_proximal,False,GCAMP7
83,1408,7,83,80,130,200.0,250.0,post_swap,swap_proximal,False,GCAMP7
84,1409,7,84,80,130,200.0,250.0,post_swap,swap_proximal,True,GCAMP7
85,1410,7,85,80,130,200.0,250.0,post_swap,swap_proximal,False,GCAMP7
86,1411,7,86,80,130,200.0,250.0,post_swap,swap_proximal,False,GCAMP7
87,1412,7,87,80,130,200.0,250.0,post_swap,swap_proximal,False,GCAMP7
88,1413,7,88,80,130,200.0,250.0,post_swap,swap_proximal,False,GCAMP7
89,1414,7,89,80,130,200.0,250.0,post_swap,swap_proximal,False,GCAMP7
90,1415,7,90,80,130,200.0,250.0,post_swap,swap_proximal,False,GCAMP7
91,1416,7,91,80,130,200.0,250.0,post_swap,swap_proximal,False,GCAMP7
92,1417,7,92,80,130,200.0,250.0,post_swap,swap_proximal,False,GCAMP7
93,1418,7,93,80,130,200.0,250.0,post_swap,swap_proximal,True,GCAMP7
94,1419,7,94,80,130,200.0,250.0,post_swap,swap_proximal,False,GCAMP7
95,1420,7,95,80,130,200.0,250.0,post_swap,swap_proximal,False,GCAMP7
96,1421,7,96,80,130,200.0,250.0,post_swap,swap_proximal,False,GCAMP7
97,1422,7,97,80,130,200.0,250.0,post_swap,swap_proximal,False,GCAMP7
98,1423,7,98,80,130,200.0,250.0,post_swap,swap_proximal,False,GCAMP7
99,1424,7,99,80,130,200.0,250.0,post_swap,swap_proximal,False,GCAMP7
0,1425,8,0,80,130,200.0,250.0,pre_swap,swap_distal,False,GCAMP7
1,1426,8,1,80,130,200.0,250.0,pre_swap,swap_distal,False,GCAMP7
2,1427,8,2,80,130,200.0,250.0,pre_swap,swap_distal,False,GCAMP7
3,1428,8,3,80,130,200.0,250.0,pre_swap,swap_distal,False,GCAMP7
4,1429,8,4,80,130,200.0,250.0,pre_swap,swap_distal,False,GCAMP7
5,1430,8,5,80,130,200.0,250.0,pre_swap,swap_distal,False,GCAMP7
6,1431,8,6,80,130,200.0,250.0,pre_swap,swap_distal,False,GCAMP7
7,1432,8,7,80,130,200.0,250.0,pre_swap,swap_distal,False,GCAMP7
8,1433,8,8,80,130,200.0,250.0,pre_swap,swap_distal,False,GCAMP7
9,1434,8,9,80,130,200.0,250.0,pre_swap,swap_distal,True,GCAMP7
10,1435,8,10,80,130,200.0,250.0,pre_swap,swap_distal,False,GCAMP7
11,1436,8,11,80,130,200.0,250.0,pre_swap,swap_distal,False,GCAMP7
12,1437,8,12,80,130,200.0,250.0,pre_swap,swap_distal,False,GCAMP7
13,1438,8,13,80,130,200.0,250.0,pre_swap,swap_distal,False,GCAMP7
14,1439,8,14,80,130,200.0,250.0,pre_swap,swap_distal,False,GCAMP7
15,1440,8,15,80,130,200.0,250.0,pre_swap,swap_distal,False,GCAMP7
16,1441,8,16,80,130,200.0,250.0,pre_swap,swap_distal,False,GCAMP7
17,1442,8,17,80,130,200.0,250.0,pre_swap,swap_distal,False,GCAMP7
18,1443,8,18,80,130,200.0,250.0,pre_swap,swap_distal,False,GCAMP7
19,1444,8,19,80,130,200.0,250.0,pre_swap,swap_distal,False,GCAMP7
20,1445,8,20,80,130,200.0,250.0,pre_swap,swap_distal,True,GCAMP7
21,1446,8,21,80,130,200.0,250.0,pre_swap,swap_distal,False,GCAMP7
22,1447,8,22,80,130,200.0,250.0,pre_swap,swap_distal,False,GCAMP7
23,1448,8,23,80,130,200.0,250.0,pre_swap,swap_distal,False,GCAMP7
24,1449,8,24,80,130,200.0,250.0,pre_swap,swap_distal,False,GCAMP7
25,1450,8,25,80,130,200.0,250.0,pre_swap,swap_distal,False,GCAMP7
26,1451,8,26,80,130,200.0,250.0,pre_swap,swap_distal,False,GCAMP7
27,1452,8,27,80,130,200.0,250.0,pre_swap,swap_distal,False,GCAMP7
28,1453,8,28,80,130,200.0,250.0,pre_swap,swap_distal,False,GCAMP7
29,1454,8,29,80,130,200.0,250.0,pre_swap,swap_distal,False,GCAMP7
30,1455,8,30,200,250,80.0,130.0,post_swap,swap_distal,False,GCAMP7
31,1456,8,31,200,250,80.0,130.0,post_swap,swap_distal,False,GCAMP7
32,1457,8,32,200,250,80.0,130.0,post_swap,swap_distal,False,GCAMP7
33,1458,8,33,200,250,80.0,130.0,post_swap,swap_distal,False,GCAMP7
34,1459,8,34,200,250,80.0,130.0,post_swap,swap_distal,False,GCAMP7
35,1460,8,35,200,250,80.0,130.0,post_swap,swap_distal,False,GCAMP7
36,1461,8,36,200,250,80.0,130.0,post_swap,swap_distal,False,GCAMP7
37,1462,8,37,200,250,80.0,130.0,post_swap,swap_distal,False,GCAMP7
38,1463,8,38,200,250,80.0,130.0,post_swap,swap_distal,False,GCAMP7
39,1464,8,39,200,250,80.0,130.0,post_swap,swap_distal,False,GCAMP7
40,1465,8,40,200,250,80.0,130.0,post_swap,swap_distal,True,GCAMP7
41,1466,8,41,200,250,80.0,130.0,post_swap,swap_distal,False,GCAMP7
42,1467,8,42,200,250,80.0,130.0,post_swap,swap_distal,False,GCAMP7
43,1468,8,43,200,250,80.0,130.0,post_swap,swap_distal,False,GCAMP7
44,1469,8,44,200,250,80.0,130.0,post_swap,swap_distal,False,GCAMP7
45,1470,8,45,200,250,80.0,130.0,post_swap,swap_distal,False,GCAMP7
46,1471,8,46,200,250,80.0,130.0,post_swap,swap_distal,False,GCAMP7
47,1472,8,47,200,250,80.0,130.0,post_swap,swap_distal,False,GCAMP7
48,1473,8,48,200,250,80.0,130.0,post_swap,swap_distal,False,GCAMP7
49,1474,8,49,200,250,80.0,130.0,post_swap,swap_distal,False,GCAMP7
50,1475,8,50,200,250,80.0,130.0,post_swap,swap_distal,False,GCAMP7
51,1476,8,51,200,250,80.0,130.0,post_swap,swap_distal,False,GCAMP7
52,1477,8,52,200,250,80.0,130.0,post_swap,swap_distal,False,GCAMP7
53,1478,8,53,200,250,80.0,130.0,post_swap,swap_distal,False,GCAMP7
54,1479,8,54,200,250,80.0,130.0,post_swap,swap_distal,False,GCAMP7
55,1480,8,55,200,250,80.0,130.0,post_swap,swap_distal,False,GCAMP7
56,1481,8,56,200,250,80.0,130.0,post_swap,swap_distal,False,GCAMP7
57,1482,8,57,200,250,80.0,130.0,post_swap,swap_distal,False,GCAMP7
58,1483,8,58,200,250,80.0,130.0,post_swap,swap_distal,False,GCAMP7
59,1484,8,59,200,250,80.0,130.0,post_swap,swap_distal,False,GCAMP7
60,1485,8,60,200,250,80.0,130.0,post_swap,swap_distal,False,GCAMP7
61,1486,8,61,200,250,80.0,130.0,post_swap,swap_distal,False,GCAMP7
62,1487,8,62,200,250,80.0,130.0,post_swap,swap_distal,False,GCAMP7
63,1488,8,63,200,250,80.0,130.0,post_swap,swap_distal,False,GCAMP7
64,1489,8,64,200,250,80.0,130.0,post_swap,swap_distal,True,GCAMP7
65,1490,8,65,200,250,80.0,130.0,post_swap,swap_distal,False,GCAMP7
66,1491,8,66,200,250,80.0,130.0,post_swap,swap_distal,False,GCAMP7
67,1492,8,67,200,250,80.0,130.0,post_swap,swap_distal,False,GCAMP7
68,1493,8,68,200,250,80.0,130.0,post_swap,swap_distal,False,GCAMP7
69,1494,8,69,200,250,80.0,130.0,post_swap,swap_distal,False,GCAMP7
70,1495,8,70,200,250,80.0,130.0,post_swap,swap_distal,False,GCAMP7
71,1496,8,71,200,250,80.0,130.0,post_swap,swap_distal,False,GCAMP7
72,1497,8,72,200,250,80.0,130.0,post_swap,swap_distal,False,GCAMP7
73,1498,8,73,200,250,80.0,130.0,post_swap,swap_distal,False,GCAMP7
74,1499,8,74,200,250,80.0,130.0,post_swap,swap_distal,True,GCAMP7
75,1500,8,75,200,250,80.0,130.0,post_swap,swap_distal,False,GCAMP7
76,1501,8,76,200,250,80.0,130.0,post_swap,swap_distal,False,GCAMP7
77,1502,8,77,200,250,80.0,130.0,post_swap,swap_distal,False,GCAMP7
78,1503,8,78,200,250,80.0,130.0,post_swap,swap_distal,False,GCAMP7
79,1504,8,79,200,250,80.0,130.0,post_swap,swap_distal,False,GCAMP7
80,1505,8,80,200,250,80.0,130.0,post_swap,swap_distal,False,GCAMP7
81,1506,8,81,200,250,80.0,130.0,post_swap,swap_distal,False,GCAMP7
82,1507,8,82,200,250,80.0,130.0,post_swap,swap_distal,False,GCAMP7
83,1508,8,83,200,250,80.0,130.0,post_swap,swap_distal,False,GCAMP7
84,1509,8,84,200,250,80.0,130.0,post_swap,swap_distal,False,GCAMP7
85,1510,8,85,200,250,80.0,130.0,post_swap,swap_distal,False,GCAMP7
86,1511,8,86,200,250,80.0,130.0,post_swap,swap_distal,False,GCAMP7
87,1512,8,87,200,250,80.0,130.0,post_swap,swap_distal,False,GCAMP7
88,1513,8,88,200,250,80.0,130.0,post_swap,swap_distal,True,GCAMP7
89,1514,8,89,200,250,80.0,130.0,post_swap,swap_distal,False,GCAMP7
90,1515,8,90,200,250,80.0,130.0,post_swap,swap_distal,True,GCAMP7
91,1516,8,91,200,250,80.0,130.0,post_swap,swap_distal,False,GCAMP7
92,1517,8,92,200,250,80.0,130.0,post_swap,swap_distal,False,GCAMP7
93,1518,8,93,200,250,80.0,130.0,post_swap,swap_distal,False,GCAMP7
94,1519,8,94,200,250,80.0,130.0,post_swap,swap_distal,False,GCAMP7
95,1520,8,95,200,250,80.0,130.0,post_swap,swap_distal,False,GCAMP7
96,1521,8,96,200,250,80.0,130.0,post_swap,swap_distal,False,GCAMP7
98,1523,8,98,200,250,80.0,130.0,post_swap,swap_distal,False,GCAMP7
99,1524,8,99,200,250,80.0,130.0,post_swap,swap_distal,False,GCAMP7
0,1525,10,0,200,250,320.0,370.0,pre_swap,swap_distal,False,GCAMP7
1,1526,10,1,200,250,320.0,370.0,pre_swap,swap_distal,False,GCAMP7
2,1527,10,2,200,250,320.0,370.0,pre_swap,swap_distal,False,GCAMP7
3,1528,10,3,200,250,320.0,370.0,pre_swap,swap_distal,False,GCAMP7
4,1529,10,4,200,250,320.0,370.0,pre_swap,swap_distal,False,GCAMP7
5,1530,10,5,200,250,320.0,370.0,pre_swap,swap_distal,False,GCAMP7
6,1531,10,6,200,250,320.0,370.0,pre_swap,swap_distal,False,GCAMP7
7,1532,10,7,200,250,320.0,370.0,pre_swap,swap_distal,False,GCAMP7
8,1533,10,8,200,250,320.0,370.0,pre_swap,swap_distal,False,GCAMP7
9,1534,10,9,200,250,320.0,370.0,pre_swap,swap_distal,False,GCAMP7
10,1535,10,10,200,250,320.0,370.0,pre_swap,swap_distal,False,GCAMP7
11,1536,10,11,200,250,320.0,370.0,pre_swap,swap_distal,False,GCAMP7
12,1537,10,12,200,250,320.0,370.0,pre_swap,swap_distal,False,GCAMP7
13,1538,10,13,200,250,320.0,370.0,pre_swap,swap_distal,True,GCAMP7
14,1539,10,14,200,250,320.0,370.0,pre_swap,swap_distal,True,GCAMP7
15,1540,10,15,200,250,320.0,370.0,pre_swap,swap_distal,False,GCAMP7
16,1541,10,16,200,250,320.0,370.0,pre_swap,swap_distal,True,GCAMP7
17,1542,10,17,200,250,320.0,370.0,pre_swap,swap_distal,False,GCAMP7
18,1543,10,18,200,250,320.0,370.0,pre_swap,swap_distal,False,GCAMP7
19,1544,10,19,200,250,320.0,370.0,pre_swap,swap_distal,False,GCAMP7
20,1545,10,20,200,250,320.0,370.0,pre_swap,swap_distal,False,GCAMP7
21,1546,10,21,200,250,320.0,370.0,pre_swap,swap_distal,False,GCAMP7
22,1547,10,22,200,250,320.0,370.0,pre_swap,swap_distal,True,GCAMP7
23,1548,10,23,200,250,320.0,370.0,pre_swap,swap_distal,False,GCAMP7
24,1549,10,24,200,250,320.0,370.0,pre_swap,swap_distal,False,GCAMP7
25,1550,10,25,200,250,320.0,370.0,pre_swap,swap_distal,True,GCAMP7
26,1551,10,26,200,250,320.0,370.0,pre_swap,swap_distal,False,GCAMP7
27,1552,10,27,200,250,320.0,370.0,pre_swap,swap_distal,False,GCAMP7
28,1553,10,28,200,250,320.0,370.0,pre_swap,swap_distal,True,GCAMP7
29,1554,10,29,200,250,320.0,370.0,pre_swap,swap_distal,True,GCAMP7
30,1555,10,30,320,370,200.0,250.0,post_swap,swap_distal,False,GCAMP7
31,1556,10,31,320,370,200.0,250.0,post_swap,swap_distal,False,GCAMP7
32,1557,10,32,320,370,200.0,250.0,post_swap,swap_distal,True,GCAMP7
33,1558,10,33,320,370,200.0,250.0,post_swap,swap_distal,False,GCAMP7
34,1559,10,34,320,370,200.0,250.0,post_swap,swap_distal,False,GCAMP7
35,1560,10,35,320,370,200.0,250.0,post_swap,swap_distal,False,GCAMP7
36,1561,10,36,320,370,200.0,250.0,post_swap,swap_distal,False,GCAMP7
37,1562,10,37,320,370,200.0,250.0,post_swap,swap_distal,True,GCAMP7
38,1563,10,38,320,370,200.0,250.0,post_swap,swap_distal,True,GCAMP7
39,1564,10,39,320,370,200.0,250.0,post_swap,swap_distal,False,GCAMP7
40,1565,10,40,320,370,200.0,250.0,post_swap,swap_distal,False,GCAMP7
41,1566,10,41,320,370,200.0,250.0,post_swap,swap_distal,False,GCAMP7
42,1567,10,42,320,370,200.0,250.0,post_swap,swap_distal,False,GCAMP7
43,1568,10,43,320,370,200.0,250.0,post_swap,swap_distal,True,GCAMP7
44,1569,10,44,320,370,200.0,250.0,post_swap,swap_distal,False,GCAMP7
45,1570,10,45,320,370,200.0,250.0,post_swap,swap_distal,False,GCAMP7
46,1571,10,46,320,370,200.0,250.0,post_swap,swap_distal,False,GCAMP7
47,1572,10,47,320,370,200.0,250.0,post_swap,swap_distal,False,GCAMP7
48,1573,10,48,320,370,200.0,250.0,post_swap,swap_distal,False,GCAMP7
49,1574,10,49,320,370,200.0,250.0,post_swap,swap_distal,False,GCAMP7
50,1575,10,50,320,370,200.0,250.0,post_swap,swap_distal,False,GCAMP7
51,1576,10,51,320,370,200.0,250.0,post_swap,swap_distal,False,GCAMP7
52,1577,10,52,320,370,200.0,250.0,post_swap,swap_distal,True,GCAMP7
53,1578,10,53,320,370,200.0,250.0,post_swap,swap_distal,True,GCAMP7
54,1579,10,54,320,370,200.0,250.0,post_swap,swap_distal,False,GCAMP7
55,1580,10,55,320,370,200.0,250.0,post_swap,swap_distal,False,GCAMP7
56,1581,10,56,320,370,200.0,250.0,post_swap,swap_distal,False,GCAMP7
57,1582,10,57,320,370,200.0,250.0,post_swap,swap_distal,False,GCAMP7
58,1583,10,58,320,370,200.0,250.0,post_swap,swap_distal,True,GCAMP7
59,1584,10,59,320,370,200.0,250.0,post_swap,swap_distal,False,GCAMP7
60,1585,10,60,320,370,200.0,250.0,post_swap,swap_distal,False,GCAMP7
61,1586,10,61,320,370,200.0,250.0,post_swap,swap_distal,False,GCAMP7
62,1587,10,62,320,370,200.0,250.0,post_swap,swap_distal,False,GCAMP7
63,1588,10,63,320,370,200.0,250.0,post_swap,swap_distal,False,GCAMP7
64,1589,10,64,320,370,200.0,250.0,post_swap,swap_distal,False,GCAMP7
65,1590,10,65,320,370,200.0,250.0,post_swap,swap_distal,False,GCAMP7
66,1591,10,66,320,370,200.0,250.0,post_swap,swap_distal,False,GCAMP7
67,1592,10,67,320,370,200.0,250.0,post_swap,swap_distal,False,GCAMP7
68,1593,10,68,320,370,200.0,250.0,post_swap,swap_distal,False,GCAMP7
69,1594,10,69,320,370,200.0,250.0,post_swap,swap_distal,False,GCAMP7
70,1595,10,70,320,370,200.0,250.0,post_swap,swap_distal,False,GCAMP7
71,1596,10,71,320,370,200.0,250.0,post_swap,swap_distal,False,GCAMP7
72,1597,10,72,320,370,200.0,250.0,post_swap,swap_distal,False,GCAMP7
73,1598,10,73,320,370,200.0,250.0,post_swap,swap_distal,False,GCAMP7
74,1599,10,74,320,370,200.0,250.0,post_swap,swap_distal,True,GCAMP7
75,1600,10,75,320,370,200.0,250.0,post_swap,swap_distal,False,GCAMP7
76,1601,10,76,320,370,200.0,250.0,post_swap,swap_distal,False,GCAMP7
77,1602,10,77,320,370,200.0,250.0,post_swap,swap_distal,True,GCAMP7
78,1603,10,78,320,370,200.0,250.0,post_swap,swap_distal,False,GCAMP7
79,1604,10,79,320,370,200.0,250.0,post_swap,swap_distal,False,GCAMP7
0,1605,12,0,320,370,80.0,130.0,pre_swap,swap_proximal,False,GCAMP7
1,1606,12,1,320,370,80.0,130.0,pre_swap,swap_proximal,False,GCAMP7
2,1607,12,2,320,370,80.0,130.0,pre_swap,swap_proximal,False,GCAMP7
3,1608,12,3,320,370,80.0,130.0,pre_swap,swap_proximal,False,GCAMP7
4,1609,12,4,320,370,80.0,130.0,pre_swap,swap_proximal,False,GCAMP7
5,1610,12,5,320,370,80.0,130.0,pre_swap,swap_proximal,True,GCAMP7
6,1611,12,6,320,370,80.0,130.0,pre_swap,swap_proximal,True,GCAMP7
7,1612,12,7,320,370,80.0,130.0,pre_swap,swap_proximal,False,GCAMP7
8,1613,12,8,320,370,80.0,130.0,pre_swap,swap_proximal,False,GCAMP7
9,1614,12,9,320,370,80.0,130.0,pre_swap,swap_proximal,False,GCAMP7
10,1615,12,10,320,370,80.0,130.0,pre_swap,swap_proximal,False,GCAMP7
11,1616,12,11,320,370,80.0,130.0,pre_swap,swap_proximal,False,GCAMP7
12,1617,12,12,320,370,80.0,130.0,pre_swap,swap_proximal,False,GCAMP7
13,1618,12,13,320,370,80.0,130.0,pre_swap,swap_proximal,False,GCAMP7
14,1619,12,14,320,370,80.0,130.0,pre_swap,swap_proximal,False,GCAMP7
15,1620,12,15,320,370,80.0,130.0,pre_swap,swap_proximal,False,GCAMP7
16,1621,12,16,320,370,80.0,130.0,pre_swap,swap_proximal,False,GCAMP7
17,1622,12,17,320,370,80.0,130.0,pre_swap,swap_proximal,False,GCAMP7
18,1623,12,18,320,370,80.0,130.0,pre_swap,swap_proximal,False,GCAMP7
19,1624,12,19,320,370,80.0,130.0,pre_swap,swap_proximal,False,GCAMP7
20,1625,12,20,320,370,80.0,130.0,pre_swap,swap_proximal,False,GCAMP7
21,1626,12,21,320,370,80.0,130.0,pre_swap,swap_proximal,False,GCAMP7
22,1627,12,22,320,370,80.0,130.0,pre_swap,swap_proximal,False,GCAMP7
23,1628,12,23,320,370,80.0,130.0,pre_swap,swap_proximal,False,GCAMP7
24,1629,12,24,320,370,80.0,130.0,pre_swap,swap_proximal,False,GCAMP7
25,1630,12,25,320,370,80.0,130.0,pre_swap,swap_proximal,False,GCAMP7
26,1631,12,26,320,370,80.0,130.0,pre_swap,swap_proximal,False,GCAMP7
27,1632,12,27,320,370,80.0,130.0,pre_swap,swap_proximal,False,GCAMP7
28,1633,12,28,320,370,80.0,130.0,pre_swap,swap_proximal,False,GCAMP7
29,1634,12,29,320,370,80.0,130.0,pre_swap,swap_proximal,False,GCAMP7
30,1635,12,30,80,130,320.0,370.0,post_swap,swap_proximal,True,GCAMP7
31,1636,12,31,80,130,320.0,370.0,post_swap,swap_proximal,True,GCAMP7
32,1637,12,32,80,130,320.0,370.0,post_swap,swap_proximal,False,GCAMP7
33,1638,12,33,80,130,320.0,370.0,post_swap,swap_proximal,False,GCAMP7
34,1639,12,34,80,130,320.0,370.0,post_swap,swap_proximal,False,GCAMP7
35,1640,12,35,80,130,320.0,370.0,post_swap,swap_proximal,True,GCAMP7
36,1641,12,36,80,130,320.0,370.0,post_swap,swap_proximal,False,GCAMP7
37,1642,12,37,80,130,320.0,370.0,post_swap,swap_proximal,True,GCAMP7
38,1643,12,38,80,130,320.0,370.0,post_swap,swap_proximal,True,GCAMP7
39,1644,12,39,80,130,320.0,370.0,post_swap,swap_proximal,False,GCAMP7
40,1645,12,40,80,130,320.0,370.0,post_swap,swap_proximal,False,GCAMP7
41,1646,12,41,80,130,320.0,370.0,post_swap,swap_proximal,False,GCAMP7
42,1647,12,42,80,130,320.0,370.0,post_swap,swap_proximal,False,GCAMP7
43,1648,12,43,80,130,320.0,370.0,post_swap,swap_proximal,False,GCAMP7
44,1649,12,44,80,130,320.0,370.0,post_swap,swap_proximal,False,GCAMP7
45,1650,12,45,80,130,320.0,370.0,post_swap,swap_proximal,False,GCAMP7
46,1651,12,46,80,130,320.0,370.0,post_swap,swap_proximal,True,GCAMP7
47,1652,12,47,80,130,320.0,370.0,post_swap,swap_proximal,False,GCAMP7
48,1653,12,48,80,130,320.0,370.0,post_swap,swap_proximal,False,GCAMP7
49,1654,12,49,80,130,320.0,370.0,post_swap,swap_proximal,True,GCAMP7
50,1655,12,50,80,130,320.0,370.0,post_swap,swap_proximal,False,GCAMP7
51,1656,12,51,80,130,320.0,370.0,post_swap,swap_proximal,False,GCAMP7
52,1657,12,52,80,130,320.0,370.0,post_swap,swap_proximal,False,GCAMP7
53,1658,12,53,80,130,320.0,370.0,post_swap,swap_proximal,False,GCAMP7
54,1659,12,54,80,130,320.0,370.0,post_swap,swap_proximal,False,GCAMP7
55,1660,12,55,80,130,320.0,370.0,post_swap,swap_proximal,False,GCAMP7
56,1661,12,56,80,130,320.0,370.0,post_swap,swap_proximal,False,GCAMP7
57,1662,12,57,80,130,320.0,370.0,post_swap,swap_proximal,True,GCAMP7
58,1663,12,58,80,130,320.0,370.0,post_swap,swap_proximal,True,GCAMP7
59,1664,12,59,80,130,320.0,370.0,post_swap,swap_proximal,False,GCAMP7
60,1665,12,60,80,130,320.0,370.0,post_swap,swap_proximal,True,GCAMP7
61,1666,12,61,80,130,320.0,370.0,post_swap,swap_proximal,False,GCAMP7
62,1667,12,62,80,130,320.0,370.0,post_swap,swap_proximal,True,GCAMP7
63,1668,12,63,80,130,320.0,370.0,post_swap,swap_proximal,True,GCAMP7
64,1669,12,64,80,130,320.0,370.0,post_swap,swap_proximal,False,GCAMP7
65,1670,12,65,80,130,320.0,370.0,post_swap,swap_proximal,False,GCAMP7
66,1671,12,66,80,130,320.0,370.0,post_swap,swap_proximal,False,GCAMP7
67,1672,12,67,80,130,320.0,370.0,post_swap,swap_proximal,False,GCAMP7
68,1673,12,68,80,130,320.0,370.0,post_swap,swap_proximal,False,GCAMP7
69,1674,12,69,80,130,320.0,370.0,post_swap,swap_proximal,False,GCAMP7
70,1675,12,70,80,130,320.0,370.0,post_swap,swap_proximal,False,GCAMP7
71,1676,12,71,80,130,320.0,370.0,post_swap,swap_proximal,False,GCAMP7
72,1677,12,72,80,130,320.0,370.0,post_swap,swap_proximal,False,GCAMP7
73,1678,12,73,80,130,320.0,370.0,post_swap,swap_proximal,False,GCAMP7
74,1679,12,74,80,130,320.0,370.0,post_swap,swap_proximal,False,GCAMP7
75,1680,12,75,80,130,320.0,370.0,post_swap,swap_proximal,False,GCAMP7
76,1681,12,76,80,130,320.0,370.0,post_swap,swap_proximal,False,GCAMP7
77,1682,12,77,80,130,320.0,370.0,post_swap,swap_proximal,False,GCAMP7
78,1683,12,78,80,130,320.0,370.0,post_swap,swap_proximal,False,GCAMP7
79,1684,12,79,80,130,320.0,370.0,post_swap,swap_proximal,False,GCAMP7
80,1685,12,80,80,130,320.0,370.0,post_swap,swap_proximal,False,GCAMP7
81,1686,12,81,80,130,320.0,370.0,post_swap,swap_proximal,False,GCAMP7
82,1687,12,82,80,130,320.0,370.0,post_swap,swap_proximal,True,GCAMP7
83,1688,12,83,80,130,320.0,370.0,post_swap,swap_proximal,True,GCAMP7
84,1689,12,84,80,130,320.0,370.0,post_swap,swap_proximal,False,GCAMP7
85,1690,12,85,80,130,320.0,370.0,post_swap,swap_proximal,False,GCAMP7
86,1691,12,86,80,130,320.0,370.0,post_swap,swap_proximal,False,GCAMP7
87,1692,12,87,80,130,320.0,370.0,post_swap,swap_proximal,False,GCAMP7
88,1693,12,88,80,130,320.0,370.0,post_swap,swap_proximal,False,GCAMP7
89,1694,12,89,80,130,320.0,370.0,post_swap,swap_proximal,False,GCAMP7
90,1695,12,90,80,130,320.0,370.0,post_swap,swap_proximal,False,GCAMP7
91,1696,12,91,80,130,320.0,370.0,post_swap,swap_proximal,False,GCAMP7
92,1697,12,92,80,130,320.0,370.0,post_swap,swap_proximal,False,GCAMP7
93,1698,12,93,80,130,320.0,370.0,post_swap,swap_proximal,False,GCAMP7
94,1699,12,94,80,130,320.0,370.0,post_swap,swap_proximal,False,GCAMP7
95,1700,12,95,80,130,320.0,370.0,post_swap,swap_proximal,False,GCAMP7
96,1701,12,96,80,130,320.0,370.0,post_swap,swap_proximal,False,GCAMP7
97,1702,12,97,80,130,320.0,370.0,post_swap,swap_proximal,True,GCAMP7
98,1703,12,98,80,130,320.0,370.0,post_swap,swap_proximal,False,GCAMP7
99,1704,12,99,80,130,320.0,370.0,post_swap,swap_proximal,False,GCAMP7
0,1705,14,0,80,130,200.0,250.0,pre_swap,swap_distal,True,GCAMP7
1,1706,14,1,80,130,200.0,250.0,pre_swap,swap_distal,False,GCAMP7
2,1707,14,2,80,130,200.0,250.0,pre_swap,swap_distal,False,GCAMP7
3,1708,14,3,80,130,200.0,250.0,pre_swap,swap_distal,False,GCAMP7
4,1709,14,4,80,130,200.0,250.0,pre_swap,swap_distal,False,GCAMP7
5,1710,14,5,80,130,200.0,250.0,pre_swap,swap_distal,False,GCAMP7
6,1711,14,6,80,130,200.0,250.0,pre_swap,swap_distal,False,GCAMP7
7,1712,14,7,80,130,200.0,250.0,pre_swap,swap_distal,False,GCAMP7
8,1713,14,8,80,130,200.0,250.0,pre_swap,swap_distal,False,GCAMP7
9,1714,14,9,80,130,200.0,250.0,pre_swap,swap_distal,False,GCAMP7
10,1715,14,10,80,130,200.0,250.0,pre_swap,swap_distal,False,GCAMP7
11,1716,14,11,80,130,200.0,250.0,pre_swap,swap_distal,True,GCAMP7
12,1717,14,12,80,130,200.0,250.0,pre_swap,swap_distal,False,GCAMP7
13,1718,14,13,80,130,200.0,250.0,pre_swap,swap_distal,False,GCAMP7
14,1719,14,14,80,130,200.0,250.0,pre_swap,swap_distal,False,GCAMP7
15,1720,14,15,80,130,200.0,250.0,pre_swap,swap_distal,False,GCAMP7
16,1721,14,16,80,130,200.0,250.0,pre_swap,swap_distal,False,GCAMP7
17,1722,14,17,80,130,200.0,250.0,pre_swap,swap_distal,False,GCAMP7
18,1723,14,18,80,130,200.0,250.0,pre_swap,swap_distal,False,GCAMP7
19,1724,14,19,80,130,200.0,250.0,pre_swap,swap_distal,False,GCAMP7
20,1725,14,20,80,130,200.0,250.0,pre_swap,swap_distal,False,GCAMP7
21,1726,14,21,80,130,200.0,250.0,pre_swap,swap_distal,False,GCAMP7
22,1727,14,22,80,130,200.0,250.0,pre_swap,swap_distal,True,GCAMP7
23,1728,14,23,80,130,200.0,250.0,pre_swap,swap_distal,False,GCAMP7
24,1729,14,24,80,130,200.0,250.0,pre_swap,swap_distal,False,GCAMP7
25,1730,14,25,80,130,200.0,250.0,pre_swap,swap_distal,True,GCAMP7
26,1731,14,26,80,130,200.0,250.0,pre_swap,swap_distal,False,GCAMP7
27,1732,14,27,80,130,200.0,250.0,pre_swap,swap_distal,False,GCAMP7
28,1733,14,28,80,130,200.0,250.0,pre_swap,swap_distal,False,GCAMP7
29,1734,14,29,80,130,200.0,250.0,pre_swap,swap_distal,False,GCAMP7
30,1735,14,30,200,250,80.0,130.0,post_swap,swap_distal,False,GCAMP7
31,1736,14,31,200,250,80.0,130.0,post_swap,swap_distal,False,GCAMP7
32,1737,14,32,200,250,80.0,130.0,post_swap,swap_distal,False,GCAMP7
33,1738,14,33,200,250,80.0,130.0,post_swap,swap_distal,False,GCAMP7
34,1739,14,34,200,250,80.0,130.0,post_swap,swap_distal,False,GCAMP7
35,1740,14,35,200,250,80.0,130.0,post_swap,swap_distal,False,GCAMP7
36,1741,14,36,200,250,80.0,130.0,post_swap,swap_distal,False,GCAMP7
37,1742,14,37,200,250,80.0,130.0,post_swap,swap_distal,False,GCAMP7
38,1743,14,38,200,250,80.0,130.0,post_swap,swap_distal,False,GCAMP7
39,1744,14,39,200,250,80.0,130.0,post_swap,swap_distal,False,GCAMP7
40,1745,14,40,200,250,80.0,130.0,post_swap,swap_distal,False,GCAMP7
41,1746,14,41,200,250,80.0,130.0,post_swap,swap_distal,False,GCAMP7
42,1747,14,42,200,250,80.0,130.0,post_swap,swap_distal,False,GCAMP7
43,1748,14,43,200,250,80.0,130.0,post_swap,swap_distal,False,GCAMP7
44,1749,14,44,200,250,80.0,130.0,post_swap,swap_distal,True,GCAMP7
45,1750,14,45,200,250,80.0,130.0,post_swap,swap_distal,False,GCAMP7
46,1751,14,46,200,250,80.0,130.0,post_swap,swap_distal,False,GCAMP7
47,1752,14,47,200,250,80.0,130.0,post_swap,swap_distal,False,GCAMP7
48,1753,14,48,200,250,80.0,130.0,post_swap,swap_distal,False,GCAMP7
49,1754,14,49,200,250,80.0,130.0,post_swap,swap_distal,False,GCAMP7
50,1755,14,50,200,250,80.0,130.0,post_swap,swap_distal,False,GCAMP7
51,1756,14,51,200,250,80.0,130.0,post_swap,swap_distal,False,GCAMP7
52,1757,14,52,200,250,80.0,130.0,post_swap,swap_distal,False,GCAMP7
53,1758,14,53,200,250,80.0,130.0,post_swap,swap_distal,False,GCAMP7
54,1759,14,54,200,250,80.0,130.0,post_swap,swap_distal,False,GCAMP7
55,1760,14,55,200,250,80.0,130.0,post_swap,swap_distal,False,GCAMP7
56,1761,14,56,200,250,80.0,130.0,post_swap,swap_distal,True,GCAMP7
57,1762,14,57,200,250,80.0,130.0,post_swap,swap_distal,False,GCAMP7
58,1763,14,58,200,250,80.0,130.0,post_swap,swap_distal,False,GCAMP7
59,1764,14,59,200,250,80.0,130.0,post_swap,swap_distal,False,GCAMP7
60,1765,14,60,200,250,80.0,130.0,post_swap,swap_distal,False,GCAMP7
61,1766,14,61,200,250,80.0,130.0,post_swap,swap_distal,False,GCAMP7
62,1767,14,62,200,250,80.0,130.0,post_swap,swap_distal,False,GCAMP7
63,1768,14,63,200,250,80.0,130.0,post_swap,swap_distal,True,GCAMP7
64,1769,14,64,200,250,80.0,130.0,post_swap,swap_distal,False,GCAMP7
65,1770,14,65,200,250,80.0,130.0,post_swap,swap_distal,False,GCAMP7
66,1771,14,66,200,250,80.0,130.0,post_swap,swap_distal,False,GCAMP7
67,1772,14,67,200,250,80.0,130.0,post_swap,swap_distal,False,GCAMP7
68,1773,14,68,200,250,80.0,130.0,post_swap,swap_distal,False,GCAMP7
69,1774,14,69,200,250,80.0,130.0,post_swap,swap_distal,False,GCAMP7
70,1775,14,70,200,250,80.0,130.0,post_swap,swap_distal,True,GCAMP7
71,1776,14,71,200,250,80.0,130.0,post_swap,swap_distal,True,GCAMP7
72,1777,14,72,200,250,80.0,130.0,post_swap,swap_distal,False,GCAMP7
73,1778,14,73,200,250,80.0,130.0,post_swap,swap_distal,False,GCAMP7
74,1779,14,74,200,250,80.0,130.0,post_swap,swap_distal,True,GCAMP7
75,1780,14,75,200,250,80.0,130.0,post_swap,swap_distal,True,GCAMP7
76,1781,14,76,200,250,80.0,130.0,post_swap,swap_distal,False,GCAMP7
77,1782,14,77,200,250,80.0,130.0,post_swap,swap_distal,False,GCAMP7
78,1783,14,78,200,250,80.0,130.0,post_swap,swap_distal,False,GCAMP7
79,1784,14,79,200,250,80.0,130.0,post_swap,swap_distal,False,GCAMP7
80,1785,14,80,200,250,80.0,130.0,post_swap,swap_distal,False,GCAMP7
81,1786,14,81,200,250,80.0,130.0,post_swap,swap_distal,False,GCAMP7
82,1787,14,82,200,250,80.0,130.0,post_swap,swap_distal,False,GCAMP7
83,1788,14,83,200,250,80.0,130.0,post_swap,swap_distal,False,GCAMP7
84,1789,14,84,200,250,80.0,130.0,post_swap,swap_distal,False,GCAMP7
85,1790,14,85,200,250,80.0,130.0,post_swap,swap_distal,False,GCAMP7
86,1791,14,86,200,250,80.0,130.0,post_swap,swap_distal,False,GCAMP7
87,1792,14,87,200,250,80.0,130.0,post_swap,swap_distal,False,GCAMP7
88,1793,14,88,200,250,80.0,130.0,post_swap,swap_distal,False,GCAMP7
89,1794,14,89,200,250,80.0,130.0,post_swap,swap_distal,False,GCAMP7
90,1795,14,90,200,250,80.0,130.0,post_swap,swap_distal,False,GCAMP7
91,1796,14,91,200,250,80.0,130.0,post_swap,swap_distal,False,GCAMP7
92,1797,14,92,200,250,80.0,130.0,post_swap,swap_distal,True,GCAMP7
93,1798,14,93,200,250,80.0,130.0,post_swap,swap_distal,False,GCAMP7
94,1799,14,94,200,250,80.0,130.0,post_swap,swap_distal,True,GCAMP7
95,1800,14,95,200,250,80.0,130.0,post_swap,swap_distal,False,GCAMP7
96,1801,14,96,200,250,80.0,130.0,post_swap,swap_distal,False,GCAMP7
97,1802,14,97,200,250,80.0,130.0,post_swap,swap_distal,False,GCAMP7
98,1803,14,98,200,250,80.0,130.0,post_swap,swap_distal,True,GCAMP7
99,1804,14,99,200,250,80.0,130.0,post_swap,swap_distal,False,GCAMP7
0,1805,3,0,200,250,80.0,130.0,pre_swap,swap_proximal,False,GCAMP11
1,1806,3,1,200,250,80.0,130.0,pre_swap,swap_proximal,True,GCAMP11
2,1807,3,2,200,250,80.0,130.0,pre_swap,swap_proximal,False,GCAMP11
3,1808,3,3,200,250,80.0,130.0,pre_swap,swap_proximal,False,GCAMP11
4,1809,3,4,200,250,80.0,130.0,pre_swap,swap_proximal,False,GCAMP11
5,1810,3,5,200,250,80.0,130.0,pre_swap,swap_proximal,False,GCAMP11
6,1811,3,6,200,250,80.0,130.0,pre_swap,swap_proximal,True,GCAMP11
7,1812,3,7,200,250,80.0,130.0,pre_swap,swap_proximal,False,GCAMP11
8,1813,3,8,200,250,80.0,130.0,pre_swap,swap_proximal,False,GCAMP11
9,1814,3,9,200,250,80.0,130.0,pre_swap,swap_proximal,True,GCAMP11
10,1815,3,10,200,250,80.0,130.0,pre_swap,swap_proximal,False,GCAMP11
11,1816,3,11,200,250,80.0,130.0,pre_swap,swap_proximal,False,GCAMP11
12,1817,3,12,200,250,80.0,130.0,pre_swap,swap_proximal,False,GCAMP11
13,1818,3,13,200,250,80.0,130.0,pre_swap,swap_proximal,False,GCAMP11
14,1819,3,14,200,250,80.0,130.0,pre_swap,swap_proximal,False,GCAMP11
15,1820,3,15,200,250,80.0,130.0,pre_swap,swap_proximal,False,GCAMP11
16,1821,3,16,200,250,80.0,130.0,pre_swap,swap_proximal,False,GCAMP11
17,1822,3,17,200,250,80.0,130.0,pre_swap,swap_proximal,False,GCAMP11
18,1823,3,18,200,250,80.0,130.0,pre_swap,swap_proximal,False,GCAMP11
19,1824,3,19,200,250,80.0,130.0,pre_swap,swap_proximal,False,GCAMP11
20,1825,3,20,200,250,80.0,130.0,pre_swap,swap_proximal,False,GCAMP11
21,1826,3,21,200,250,80.0,130.0,pre_swap,swap_proximal,False,GCAMP11
22,1827,3,22,200,250,80.0,130.0,pre_swap,swap_proximal,False,GCAMP11
23,1828,3,23,200,250,80.0,130.0,pre_swap,swap_proximal,False,GCAMP11
24,1829,3,24,200,250,80.0,130.0,pre_swap,swap_proximal,True,GCAMP11
25,1830,3,25,200,250,80.0,130.0,pre_swap,swap_proximal,False,GCAMP11
26,1831,3,26,200,250,80.0,130.0,pre_swap,swap_proximal,False,GCAMP11
27,1832,3,27,200,250,80.0,130.0,pre_swap,swap_proximal,False,GCAMP11
28,1833,3,28,200,250,80.0,130.0,pre_swap,swap_proximal,False,GCAMP11
29,1834,3,29,200,250,80.0,130.0,pre_swap,swap_proximal,False,GCAMP11
30,1835,3,30,80,130,200.0,250.0,post_swap,swap_proximal,False,GCAMP11
31,1836,3,31,80,130,200.0,250.0,post_swap,swap_proximal,False,GCAMP11
32,1837,3,32,80,130,200.0,250.0,post_swap,swap_proximal,False,GCAMP11
33,1838,3,33,80,130,200.0,250.0,post_swap,swap_proximal,False,GCAMP11
34,1839,3,34,80,130,200.0,250.0,post_swap,swap_proximal,False,GCAMP11
35,1840,3,35,80,130,200.0,250.0,post_swap,swap_proximal,False,GCAMP11
36,1841,3,36,80,130,200.0,250.0,post_swap,swap_proximal,False,GCAMP11
37,1842,3,37,80,130,200.0,250.0,post_swap,swap_proximal,False,GCAMP11
38,1843,3,38,80,130,200.0,250.0,post_swap,swap_proximal,False,GCAMP11
39,1844,3,39,80,130,200.0,250.0,post_swap,swap_proximal,False,GCAMP11
40,1845,3,40,80,130,200.0,250.0,post_swap,swap_proximal,False,GCAMP11
41,1846,3,41,80,130,200.0,250.0,post_swap,swap_proximal,False,GCAMP11
42,1847,3,42,80,130,200.0,250.0,post_swap,swap_proximal,False,GCAMP11
43,1848,3,43,80,130,200.0,250.0,post_swap,swap_proximal,True,GCAMP11
44,1849,3,44,80,130,200.0,250.0,post_swap,swap_proximal,False,GCAMP11
45,1850,3,45,80,130,200.0,250.0,post_swap,swap_proximal,False,GCAMP11
46,1851,3,46,80,130,200.0,250.0,post_swap,swap_proximal,False,GCAMP11
47,1852,3,47,80,130,200.0,250.0,post_swap,swap_proximal,False,GCAMP11
48,1853,3,48,80,130,200.0,250.0,post_swap,swap_proximal,False,GCAMP11
49,1854,3,49,80,130,200.0,250.0,post_swap,swap_proximal,False,GCAMP11
50,1855,3,50,80,130,200.0,250.0,post_swap,swap_proximal,False,GCAMP11
51,1856,3,51,80,130,200.0,250.0,post_swap,swap_proximal,False,GCAMP11
52,1857,3,52,80,130,200.0,250.0,post_swap,swap_proximal,False,GCAMP11
53,1858,3,53,80,130,200.0,250.0,post_swap,swap_proximal,False,GCAMP11
54,1859,3,54,80,130,200.0,250.0,post_swap,swap_proximal,False,GCAMP11
55,1860,3,55,80,130,200.0,250.0,post_swap,swap_proximal,False,GCAMP11
56,1861,3,56,80,130,200.0,250.0,post_swap,swap_proximal,False,GCAMP11
57,1862,3,57,80,130,200.0,250.0,post_swap,swap_proximal,False,GCAMP11
58,1863,3,58,80,130,200.0,250.0,post_swap,swap_proximal,False,GCAMP11
59,1864,3,59,80,130,200.0,250.0,post_swap,swap_proximal,False,GCAMP11
60,1865,3,60,80,130,200.0,250.0,post_swap,swap_proximal,False,GCAMP11
61,1866,3,61,80,130,200.0,250.0,post_swap,swap_proximal,False,GCAMP11
62,1867,3,62,80,130,200.0,250.0,post_swap,swap_proximal,False,GCAMP11
63,1868,3,63,80,130,200.0,250.0,post_swap,swap_proximal,False,GCAMP11
64,1869,3,64,80,130,200.0,250.0,post_swap,swap_proximal,False,GCAMP11
65,1870,3,65,80,130,200.0,250.0,post_swap,swap_proximal,False,GCAMP11
66,1871,3,66,80,130,200.0,250.0,post_swap,swap_proximal,False,GCAMP11
67,1872,3,67,80,130,200.0,250.0,post_swap,swap_proximal,False,GCAMP11
68,1873,3,68,80,130,200.0,250.0,post_swap,swap_proximal,False,GCAMP11
69,1874,3,69,80,130,200.0,250.0,post_swap,swap_proximal,False,GCAMP11
70,1875,3,70,80,130,200.0,250.0,post_swap,swap_proximal,True,GCAMP11
71,1876,3,71,80,130,200.0,250.0,post_swap,swap_proximal,False,GCAMP11
72,1877,3,72,80,130,200.0,250.0,post_swap,swap_proximal,False,GCAMP11
73,1878,3,73,80,130,200.0,250.0,post_swap,swap_proximal,False,GCAMP11
74,1879,3,74,80,130,200.0,250.0,post_swap,swap_proximal,False,GCAMP11
75,1880,3,75,80,130,200.0,250.0,post_swap,swap_proximal,False,GCAMP11
76,1881,3,76,80,130,200.0,250.0,post_swap,swap_proximal,False,GCAMP11
77,1882,3,77,80,130,200.0,250.0,post_swap,swap_proximal,False,GCAMP11
78,1883,3,78,80,130,200.0,250.0,post_swap,swap_proximal,False,GCAMP11
79,1884,3,79,80,130,200.0,250.0,post_swap,swap_proximal,False,GCAMP11
0,1885,5,0,80,130,320.0,370.0,pre_swap,swap_distal,True,GCAMP11
1,1886,5,1,80,130,320.0,370.0,pre_swap,swap_distal,True,GCAMP11
2,1887,5,2,80,130,320.0,370.0,pre_swap,swap_distal,False,GCAMP11
3,1888,5,3,80,130,320.0,370.0,pre_swap,swap_distal,False,GCAMP11
4,1889,5,4,80,130,320.0,370.0,pre_swap,swap_distal,True,GCAMP11
5,1890,5,5,80,130,320.0,370.0,pre_swap,swap_distal,False,GCAMP11
6,1891,5,6,80,130,320.0,370.0,pre_swap,swap_distal,False,GCAMP11
7,1892,5,7,80,130,320.0,370.0,pre_swap,swap_distal,False,GCAMP11
8,1893,5,8,80,130,320.0,370.0,pre_swap,swap_distal,False,GCAMP11
9,1894,5,9,80,130,320.0,370.0,pre_swap,swap_distal,True,GCAMP11
10,1895,5,10,80,130,320.0,370.0,pre_swap,swap_distal,False,GCAMP11
11,1896,5,11,80,130,320.0,370.0,pre_swap,swap_distal,True,GCAMP11
12,1897,5,12,80,130,320.0,370.0,pre_swap,swap_distal,False,GCAMP11
13,1898,5,13,80,130,320.0,370.0,pre_swap,swap_distal,False,GCAMP11
14,1899,5,14,80,130,320.0,370.0,pre_swap,swap_distal,False,GCAMP11
15,1900,5,15,80,130,320.0,370.0,pre_swap,swap_distal,False,GCAMP11
16,1901,5,16,80,130,320.0,370.0,pre_swap,swap_distal,True,GCAMP11
17,1902,5,17,80,130,320.0,370.0,pre_swap,swap_distal,False,GCAMP11
18,1903,5,18,80,130,320.0,370.0,pre_swap,swap_distal,False,GCAMP11
19,1904,5,19,80,130,320.0,370.0,pre_swap,swap_distal,False,GCAMP11
20,1905,5,20,80,130,320.0,370.0,pre_swap,swap_distal,False,GCAMP11
21,1906,5,21,80,130,320.0,370.0,pre_swap,swap_distal,False,GCAMP11
22,1907,5,22,80,130,320.0,370.0,pre_swap,swap_distal,False,GCAMP11
23,1908,5,23,80,130,320.0,370.0,pre_swap,swap_distal,False,GCAMP11
24,1909,5,24,80,130,320.0,370.0,pre_swap,swap_distal,False,GCAMP11
25,1910,5,25,80,130,320.0,370.0,pre_swap,swap_distal,True,GCAMP11
26,1911,5,26,80,130,320.0,370.0,pre_swap,swap_distal,False,GCAMP11
27,1912,5,27,80,130,320.0,370.0,pre_swap,swap_distal,True,GCAMP11
28,1913,5,28,80,130,320.0,370.0,pre_swap,swap_distal,False,GCAMP11
29,1914,5,29,80,130,320.0,370.0,pre_swap,swap_distal,False,GCAMP11
30,1915,5,30,320,370,80.0,130.0,post_swap,swap_distal,False,GCAMP11
31,1916,5,31,320,370,80.0,130.0,post_swap,swap_distal,False,GCAMP11
32,1917,5,32,320,370,80.0,130.0,post_swap,swap_distal,False,GCAMP11
33,1918,5,33,320,370,80.0,130.0,post_swap,swap_distal,False,GCAMP11
34,1919,5,34,320,370,80.0,130.0,post_swap,swap_distal,False,GCAMP11
35,1920,5,35,320,370,80.0,130.0,post_swap,swap_distal,False,GCAMP11
36,1921,5,36,320,370,80.0,130.0,post_swap,swap_distal,False,GCAMP11
37,1922,5,37,320,370,80.0,130.0,post_swap,swap_distal,False,GCAMP11
38,1923,5,38,320,370,80.0,130.0,post_swap,swap_distal,True,GCAMP11
39,1924,5,39,320,370,80.0,130.0,post_swap,swap_distal,False,GCAMP11
40,1925,5,40,320,370,80.0,130.0,post_swap,swap_distal,False,GCAMP11
41,1926,5,41,320,370,80.0,130.0,post_swap,swap_distal,False,GCAMP11
42,1927,5,42,320,370,80.0,130.0,post_swap,swap_distal,False,GCAMP11
43,1928,5,43,320,370,80.0,130.0,post_swap,swap_distal,False,GCAMP11
44,1929,5,44,320,370,80.0,130.0,post_swap,swap_distal,False,GCAMP11
45,1930,5,45,320,370,80.0,130.0,post_swap,swap_distal,False,GCAMP11
46,1931,5,46,320,370,80.0,130.0,post_swap,swap_distal,False,GCAMP11
47,1932,5,47,320,370,80.0,130.0,post_swap,swap_distal,False,GCAMP11
48,1933,5,48,320,370,80.0,130.0,post_swap,swap_distal,False,GCAMP11
49,1934,5,49,320,370,80.0,130.0,post_swap,swap_distal,False,GCAMP11
50,1935,5,50,320,370,80.0,130.0,post_swap,swap_distal,False,GCAMP11
51,1936,5,51,320,370,80.0,130.0,post_swap,swap_distal,False,GCAMP11
52,1937,5,52,320,370,80.0,130.0,post_swap,swap_distal,False,GCAMP11
53,1938,5,53,320,370,80.0,130.0,post_swap,swap_distal,False,GCAMP11
54,1939,5,54,320,370,80.0,130.0,post_swap,swap_distal,False,GCAMP11
55,1940,5,55,320,370,80.0,130.0,post_swap,swap_distal,False,GCAMP11
56,1941,5,56,320,370,80.0,130.0,post_swap,swap_distal,False,GCAMP11
57,1942,5,57,320,370,80.0,130.0,post_swap,swap_distal,False,GCAMP11
58,1943,5,58,320,370,80.0,130.0,post_swap,swap_distal,False,GCAMP11
59,1944,5,59,320,370,80.0,130.0,post_swap,swap_distal,True,GCAMP11
60,1945,5,60,320,370,80.0,130.0,post_swap,swap_distal,False,GCAMP11
61,1946,5,61,320,370,80.0,130.0,post_swap,swap_distal,False,GCAMP11
62,1947,5,62,320,370,80.0,130.0,post_swap,swap_distal,False,GCAMP11
63,1948,5,63,320,370,80.0,130.0,post_swap,swap_distal,False,GCAMP11
64,1949,5,64,320,370,80.0,130.0,post_swap,swap_distal,False,GCAMP11
65,1950,5,65,320,370,80.0,130.0,post_swap,swap_distal,True,GCAMP11
66,1951,5,66,320,370,80.0,130.0,post_swap,swap_distal,False,GCAMP11
67,1952,5,67,320,370,80.0,130.0,post_swap,swap_distal,False,GCAMP11
68,1953,5,68,320,370,80.0,130.0,post_swap,swap_distal,False,GCAMP11
69,1954,5,69,320,370,80.0,130.0,post_swap,swap_distal,False,GCAMP11
70,1955,5,70,320,370,80.0,130.0,post_swap,swap_distal,False,GCAMP11
71,1956,5,71,320,370,80.0,130.0,post_swap,swap_distal,False,GCAMP11
72,1957,5,72,320,370,80.0,130.0,post_swap,swap_distal,False,GCAMP11
73,1958,5,73,320,370,80.0,130.0,post_swap,swap_distal,False,GCAMP11
74,1959,5,74,320,370,80.0,130.0,post_swap,swap_distal,False,GCAMP11
75,1960,5,75,320,370,80.0,130.0,post_swap,swap_distal,False,GCAMP11
76,1961,5,76,320,370,80.0,130.0,post_swap,swap_distal,False,GCAMP11
77,1962,5,77,320,370,80.0,130.0,post_swap,swap_distal,False,GCAMP11
78,1963,5,78,320,370,80.0,130.0,post_swap,swap_distal,False,GCAMP11
79,1964,5,79,320,370,80.0,130.0,post_swap,swap_distal,False,GCAMP11
0,1965,7,0,320,370,200.0,250.0,pre_swap,swap_proximal,False,GCAMP11
1,1966,7,1,320,370,200.0,250.0,pre_swap,swap_proximal,False,GCAMP11
2,1967,7,2,320,370,200.0,250.0,pre_swap,swap_proximal,False,GCAMP11
3,1968,7,3,320,370,200.0,250.0,pre_swap,swap_proximal,False,GCAMP11
4,1969,7,4,320,370,200.0,250.0,pre_swap,swap_proximal,False,GCAMP11
5,1970,7,5,320,370,200.0,250.0,pre_swap,swap_proximal,True,GCAMP11
6,1971,7,6,320,370,200.0,250.0,pre_swap,swap_proximal,False,GCAMP11
7,1972,7,7,320,370,200.0,250.0,pre_swap,swap_proximal,False,GCAMP11
8,1973,7,8,320,370,200.0,250.0,pre_swap,swap_proximal,False,GCAMP11
9,1974,7,9,320,370,200.0,250.0,pre_swap,swap_proximal,False,GCAMP11
10,1975,7,10,320,370,200.0,250.0,pre_swap,swap_proximal,False,GCAMP11
11,1976,7,11,320,370,200.0,250.0,pre_swap,swap_proximal,False,GCAMP11
12,1977,7,12,320,370,200.0,250.0,pre_swap,swap_proximal,True,GCAMP11
13,1978,7,13,320,370,200.0,250.0,pre_swap,swap_proximal,False,GCAMP11
14,1979,7,14,320,370,200.0,250.0,pre_swap,swap_proximal,False,GCAMP11
15,1980,7,15,320,370,200.0,250.0,pre_swap,swap_proximal,False,GCAMP11
16,1981,7,16,320,370,200.0,250.0,pre_swap,swap_proximal,False,GCAMP11
17,1982,7,17,320,370,200.0,250.0,pre_swap,swap_proximal,False,GCAMP11
18,1983,7,18,320,370,200.0,250.0,pre_swap,swap_proximal,True,GCAMP11
19,1984,7,19,320,370,200.0,250.0,pre_swap,swap_proximal,False,GCAMP11
20,1985,7,20,320,370,200.0,250.0,pre_swap,swap_proximal,False,GCAMP11
21,1986,7,21,320,370,200.0,250.0,pre_swap,swap_proximal,False,GCAMP11
22,1987,7,22,320,370,200.0,250.0,pre_swap,swap_proximal,True,GCAMP11
23,1988,7,23,320,370,200.0,250.0,pre_swap,swap_proximal,False,GCAMP11
24,1989,7,24,320,370,200.0,250.0,pre_swap,swap_proximal,True,GCAMP11
25,1990,7,25,320,370,200.0,250.0,pre_swap,swap_proximal,True,GCAMP11
26,1991,7,26,320,370,200.0,250.0,pre_swap,swap_proximal,False,GCAMP11
27,1992,7,27,320,370,200.0,250.0,pre_swap,swap_proximal,False,GCAMP11
28,1993,7,28,320,370,200.0,250.0,pre_swap,swap_proximal,False,GCAMP11
29,1994,7,29,320,370,200.0,250.0,pre_swap,swap_proximal,False,GCAMP11
30,1995,7,30,200,250,320.0,370.0,post_swap,swap_proximal,False,GCAMP11
31,1996,7,31,200,250,320.0,370.0,post_swap,swap_proximal,False,GCAMP11
32,1997,7,32,200,250,320.0,370.0,post_swap,swap_proximal,False,GCAMP11
33,1998,7,33,200,250,320.0,370.0,post_swap,swap_proximal,False,GCAMP11
34,1999,7,34,200,250,320.0,370.0,post_swap,swap_proximal,False,GCAMP11
35,2000,7,35,200,250,320.0,370.0,post_swap,swap_proximal,True,GCAMP11
36,2001,7,36,200,250,320.0,370.0,post_swap,swap_proximal,False,GCAMP11
37,2002,7,37,200,250,320.0,370.0,post_swap,swap_proximal,False,GCAMP11
38,2003,7,38,200,250,320.0,370.0,post_swap,swap_proximal,True,GCAMP11
39,2004,7,39,200,250,320.0,370.0,post_swap,swap_proximal,False,GCAMP11
40,2005,7,40,200,250,320.0,370.0,post_swap,swap_proximal,False,GCAMP11
41,2006,7,41,200,250,320.0,370.0,post_swap,swap_proximal,False,GCAMP11
42,2007,7,42,200,250,320.0,370.0,post_swap,swap_proximal,True,GCAMP11
43,2008,7,43,200,250,320.0,370.0,post_swap,swap_proximal,True,GCAMP11
44,2009,7,44,200,250,320.0,370.0,post_swap,swap_proximal,True,GCAMP11
45,2010,7,45,200,250,320.0,370.0,post_swap,swap_proximal,False,GCAMP11
46,2011,7,46,200,250,320.0,370.0,post_swap,swap_proximal,True,GCAMP11
47,2012,7,47,200,250,320.0,370.0,post_swap,swap_proximal,False,GCAMP11
48,2013,7,48,200,250,320.0,370.0,post_swap,swap_proximal,True,GCAMP11
49,2014,7,49,200,250,320.0,370.0,post_swap,swap_proximal,False,GCAMP11
50,2015,7,50,200,250,320.0,370.0,post_swap,swap_proximal,False,GCAMP11
51,2016,7,51,200,250,320.0,370.0,post_swap,swap_proximal,False,GCAMP11
52,2017,7,52,200,250,320.0,370.0,post_swap,swap_proximal,False,GCAMP11
53,2018,7,53,200,250,320.0,370.0,post_swap,swap_proximal,False,GCAMP11
54,2019,7,54,200,250,320.0,370.0,post_swap,swap_proximal,True,GCAMP11
55,2020,7,55,200,250,320.0,370.0,post_swap,swap_proximal,False,GCAMP11
56,2021,7,56,200,250,320.0,370.0,post_swap,swap_proximal,False,GCAMP11
57,2022,7,57,200,250,320.0,370.0,post_swap,swap_proximal,False,GCAMP11
58,2023,7,58,200,250,320.0,370.0,post_swap,swap_proximal,False,GCAMP11
59,2024,7,59,200,250,320.0,370.0,post_swap,swap_proximal,False,GCAMP11
60,2025,7,60,200,250,320.0,370.0,post_swap,swap_proximal,False,GCAMP11
61,2026,7,61,200,250,320.0,370.0,post_swap,swap_proximal,False,GCAMP11
62,2027,7,62,200,250,320.0,370.0,post_swap,swap_proximal,True,GCAMP11
63,2028,7,63,200,250,320.0,370.0,post_swap,swap_proximal,False,GCAMP11
64,2029,7,64,200,250,320.0,370.0,post_swap,swap_proximal,False,GCAMP11
65,2030,7,65,200,250,320.0,370.0,post_swap,swap_proximal,False,GCAMP11
66,2031,7,66,200,250,320.0,370.0,post_swap,swap_proximal,False,GCAMP11
67,2032,7,67,200,250,320.0,370.0,post_swap,swap_proximal,False,GCAMP11
68,2033,7,68,200,250,320.0,370.0,post_swap,swap_proximal,False,GCAMP11
69,2034,7,69,200,250,320.0,370.0,post_swap,swap_proximal,False,GCAMP11
70,2035,7,70,200,250,320.0,370.0,post_swap,swap_proximal,False,GCAMP11
71,2036,7,71,200,250,320.0,370.0,post_swap,swap_proximal,False,GCAMP11
72,2037,7,72,200,250,320.0,370.0,post_swap,swap_proximal,False,GCAMP11
73,2038,7,73,200,250,320.0,370.0,post_swap,swap_proximal,False,GCAMP11
74,2039,7,74,200,250,320.0,370.0,post_swap,swap_proximal,False,GCAMP11
75,2040,7,75,200,250,320.0,370.0,post_swap,swap_proximal,False,GCAMP11
76,2041,7,76,200,250,320.0,370.0,post_swap,swap_proximal,False,GCAMP11
77,2042,7,77,200,250,320.0,370.0,post_swap,swap_proximal,False,GCAMP11
78,2043,7,78,200,250,320.0,370.0,post_swap,swap_proximal,False,GCAMP11
79,2044,7,79,200,250,320.0,370.0,post_swap,swap_proximal,False,GCAMP11
0,2045,8,0,200,250,320.0,370.0,pre_swap,swap_distal,False,GCAMP11
1,2046,8,1,200,250,320.0,370.0,pre_swap,swap_distal,False,GCAMP11
2,2047,8,2,200,250,320.0,370.0,pre_swap,swap_distal,False,GCAMP11
3,2048,8,3,200,250,320.0,370.0,pre_swap,swap_distal,False,GCAMP11
4,2049,8,4,200,250,320.0,370.0,pre_swap,swap_distal,False,GCAMP11
5,2050,8,5,200,250,320.0,370.0,pre_swap,swap_distal,False,GCAMP11
6,2051,8,6,200,250,320.0,370.0,pre_swap,swap_distal,False,GCAMP11
7,2052,8,7,200,250,320.0,370.0,pre_swap,swap_distal,False,GCAMP11
8,2053,8,8,200,250,320.0,370.0,pre_swap,swap_distal,False,GCAMP11
9,2054,8,9,200,250,320.0,370.0,pre_swap,swap_distal,True,GCAMP11
10,2055,8,10,200,250,320.0,370.0,pre_swap,swap_distal,False,GCAMP11
11,2056,8,11,200,250,320.0,370.0,pre_swap,swap_distal,False,GCAMP11
12,2057,8,12,200,250,320.0,370.0,pre_swap,swap_distal,False,GCAMP11
13,2058,8,13,200,250,320.0,370.0,pre_swap,swap_distal,False,GCAMP11
14,2059,8,14,200,250,320.0,370.0,pre_swap,swap_distal,False,GCAMP11
15,2060,8,15,200,250,320.0,370.0,pre_swap,swap_distal,False,GCAMP11
16,2061,8,16,200,250,320.0,370.0,pre_swap,swap_distal,True,GCAMP11
17,2062,8,17,200,250,320.0,370.0,pre_swap,swap_distal,False,GCAMP11
18,2063,8,18,200,250,320.0,370.0,pre_swap,swap_distal,False,GCAMP11
19,2064,8,19,200,250,320.0,370.0,pre_swap,swap_distal,False,GCAMP11
20,2065,8,20,200,250,320.0,370.0,pre_swap,swap_distal,False,GCAMP11
21,2066,8,21,200,250,320.0,370.0,pre_swap,swap_distal,False,GCAMP11
22,2067,8,22,200,250,320.0,370.0,pre_swap,swap_distal,False,GCAMP11
23,2068,8,23,200,250,320.0,370.0,pre_swap,swap_distal,False,GCAMP11
24,2069,8,24,200,250,320.0,370.0,pre_swap,swap_distal,True,GCAMP11
25,2070,8,25,200,250,320.0,370.0,pre_swap,swap_distal,False,GCAMP11
26,2071,8,26,200,250,320.0,370.0,pre_swap,swap_distal,False,GCAMP11
27,2072,8,27,200,250,320.0,370.0,pre_swap,swap_distal,False,GCAMP11
28,2073,8,28,200,250,320.0,370.0,pre_swap,swap_distal,False,GCAMP11
29,2074,8,29,200,250,320.0,370.0,pre_swap,swap_distal,True,GCAMP11
30,2075,8,30,320,370,200.0,250.0,post_swap,swap_distal,False,GCAMP11
31,2076,8,31,320,370,200.0,250.0,post_swap,swap_distal,False,GCAMP11
32,2077,8,32,320,370,200.0,250.0,post_swap,swap_distal,False,GCAMP11
33,2078,8,33,320,370,200.0,250.0,post_swap,swap_distal,False,GCAMP11
34,2079,8,34,320,370,200.0,250.0,post_swap,swap_distal,False,GCAMP11
35,2080,8,35,320,370,200.0,250.0,post_swap,swap_distal,False,GCAMP11
36,2081,8,36,320,370,200.0,250.0,post_swap,swap_distal,True,GCAMP11
37,2082,8,37,320,370,200.0,250.0,post_swap,swap_distal,False,GCAMP11
38,2083,8,38,320,370,200.0,250.0,post_swap,swap_distal,False,GCAMP11
39,2084,8,39,320,370,200.0,250.0,post_swap,swap_distal,False,GCAMP11
40,2085,8,40,320,370,200.0,250.0,post_swap,swap_distal,False,GCAMP11
41,2086,8,41,320,370,200.0,250.0,post_swap,swap_distal,False,GCAMP11
42,2087,8,42,320,370,200.0,250.0,post_swap,swap_distal,False,GCAMP11
43,2088,8,43,320,370,200.0,250.0,post_swap,swap_distal,False,GCAMP11
44,2089,8,44,320,370,200.0,250.0,post_swap,swap_distal,False,GCAMP11
45,2090,8,45,320,370,200.0,250.0,post_swap,swap_distal,False,GCAMP11
46,2091,8,46,320,370,200.0,250.0,post_swap,swap_distal,False,GCAMP11
47,2092,8,47,320,370,200.0,250.0,post_swap,swap_distal,False,GCAMP11
48,2093,8,48,320,370,200.0,250.0,post_swap,swap_distal,False,GCAMP11
49,2094,8,49,320,370,200.0,250.0,post_swap,swap_distal,True,GCAMP11
50,2095,8,50,320,370,200.0,250.0,post_swap,swap_distal,False,GCAMP11
51,2096,8,51,320,370,200.0,250.0,post_swap,swap_distal,False,GCAMP11
52,2097,8,52,320,370,200.0,250.0,post_swap,swap_distal,False,GCAMP11
53,2098,8,53,320,370,200.0,250.0,post_swap,swap_distal,False,GCAMP11
54,2099,8,54,320,370,200.0,250.0,post_swap,swap_distal,False,GCAMP11
55,2100,8,55,320,370,200.0,250.0,post_swap,swap_distal,True,GCAMP11
56,2101,8,56,320,370,200.0,250.0,post_swap,swap_distal,False,GCAMP11
57,2102,8,57,320,370,200.0,250.0,post_swap,swap_distal,False,GCAMP11
58,2103,8,58,320,370,200.0,250.0,post_swap,swap_distal,False,GCAMP11
59,2104,8,59,320,370,200.0,250.0,post_swap,swap_distal,False,GCAMP11
60,2105,8,60,320,370,200.0,250.0,post_swap,swap_distal,False,GCAMP11
61,2106,8,61,320,370,200.0,250.0,post_swap,swap_distal,False,GCAMP11
62,2107,8,62,320,370,200.0,250.0,post_swap,swap_distal,False,GCAMP11
63,2108,8,63,320,370,200.0,250.0,post_swap,swap_distal,False,GCAMP11
64,2109,8,64,320,370,200.0,250.0,post_swap,swap_distal,False,GCAMP11
65,2110,8,65,320,370,200.0,250.0,post_swap,swap_distal,False,GCAMP11
66,2111,8,66,320,370,200.0,250.0,post_swap,swap_distal,True,GCAMP11
67,2112,8,67,320,370,200.0,250.0,post_swap,swap_distal,False,GCAMP11
68,2113,8,68,320,370,200.0,250.0,post_swap,swap_distal,True,GCAMP11
69,2114,8,69,320,370,200.0,250.0,post_swap,swap_distal,True,GCAMP11
70,2115,8,70,320,370,200.0,250.0,post_swap,swap_distal,False,GCAMP11
71,2116,8,71,320,370,200.0,250.0,post_swap,swap_distal,False,GCAMP11
72,2117,8,72,320,370,200.0,250.0,post_swap,swap_distal,True,GCAMP11
73,2118,8,73,320,370,200.0,250.0,post_swap,swap_distal,False,GCAMP11
74,2119,8,74,320,370,200.0,250.0,post_swap,swap_distal,False,GCAMP11
75,2120,8,75,320,370,200.0,250.0,post_swap,swap_distal,False,GCAMP11
76,2121,8,76,320,370,200.0,250.0,post_swap,swap_distal,False,GCAMP11
77,2122,8,77,320,370,200.0,250.0,post_swap,swap_distal,True,GCAMP11
78,2123,8,78,320,370,200.0,250.0,post_swap,swap_distal,False,GCAMP11
79,2124,8,79,320,370,200.0,250.0,post_swap,swap_distal,False,GCAMP11
0,2125,10,0,320,370,80.0,130.0,pre_swap,swap_proximal,True,GCAMP11
1,2126,10,1,320,370,80.0,130.0,pre_swap,swap_proximal,False,GCAMP11
2,2127,10,2,320,370,80.0,130.0,pre_swap,swap_proximal,False,GCAMP11
3,2128,10,3,320,370,80.0,130.0,pre_swap,swap_proximal,False,GCAMP11
4,2129,10,4,320,370,80.0,130.0,pre_swap,swap_proximal,False,GCAMP11
5,2130,10,5,320,370,80.0,130.0,pre_swap,swap_proximal,False,GCAMP11
6,2131,10,6,320,370,80.0,130.0,pre_swap,swap_proximal,True,GCAMP11
7,2132,10,7,320,370,80.0,130.0,pre_swap,swap_proximal,False,GCAMP11
8,2133,10,8,320,370,80.0,130.0,pre_swap,swap_proximal,False,GCAMP11
9,2134,10,9,320,370,80.0,130.0,pre_swap,swap_proximal,False,GCAMP11
10,2135,10,10,320,370,80.0,130.0,pre_swap,swap_proximal,False,GCAMP11
11,2136,10,11,320,370,80.0,130.0,pre_swap,swap_proximal,False,GCAMP11
12,2137,10,12,320,370,80.0,130.0,pre_swap,swap_proximal,False,GCAMP11
13,2138,10,13,320,370,80.0,130.0,pre_swap,swap_proximal,False,GCAMP11
14,2139,10,14,320,370,80.0,130.0,pre_swap,swap_proximal,False,GCAMP11
15,2140,10,15,320,370,80.0,130.0,pre_swap,swap_proximal,False,GCAMP11
16,2141,10,16,320,370,80.0,130.0,pre_swap,swap_proximal,False,GCAMP11
17,2142,10,17,320,370,80.0,130.0,pre_swap,swap_proximal,False,GCAMP11
18,2143,10,18,320,370,80.0,130.0,pre_swap,swap_proximal,False,GCAMP11
19,2144,10,19,320,370,80.0,130.0,pre_swap,swap_proximal,False,GCAMP11
20,2145,10,20,320,370,80.0,130.0,pre_swap,swap_proximal,False,GCAMP11
21,2146,10,21,320,370,80.0,130.0,pre_swap,swap_proximal,True,GCAMP11
22,2147,10,22,320,370,80.0,130.0,pre_swap,swap_proximal,False,GCAMP11
23,2148,10,23,320,370,80.0,130.0,pre_swap,swap_proximal,False,GCAMP11
24,2149,10,24,320,370,80.0,130.0,pre_swap,swap_proximal,False,GCAMP11
25,2150,10,25,320,370,80.0,130.0,pre_swap,swap_proximal,False,GCAMP11
26,2151,10,26,320,370,80.0,130.0,pre_swap,swap_proximal,False,GCAMP11
27,2152,10,27,320,370,80.0,130.0,pre_swap,swap_proximal,False,GCAMP11
28,2153,10,28,320,370,80.0,130.0,pre_swap,swap_proximal,False,GCAMP11
29,2154,10,29,320,370,80.0,130.0,pre_swap,swap_proximal,False,GCAMP11
30,2155,10,30,80,130,320.0,370.0,post_swap,swap_proximal,False,GCAMP11
31,2156,10,31,80,130,320.0,370.0,post_swap,swap_proximal,False,GCAMP11
32,2157,10,32,80,130,320.0,370.0,post_swap,swap_proximal,False,GCAMP11
33,2158,10,33,80,130,320.0,370.0,post_swap,swap_proximal,False,GCAMP11
34,2159,10,34,80,130,320.0,370.0,post_swap,swap_proximal,False,GCAMP11
35,2160,10,35,80,130,320.0,370.0,post_swap,swap_proximal,True,GCAMP11
36,2161,10,36,80,130,320.0,370.0,post_swap,swap_proximal,True,GCAMP11
37,2162,10,37,80,130,320.0,370.0,post_swap,swap_proximal,False,GCAMP11
38,2163,10,38,80,130,320.0,370.0,post_swap,swap_proximal,True,GCAMP11
39,2164,10,39,80,130,320.0,370.0,post_swap,swap_proximal,False,GCAMP11
40,2165,10,40,80,130,320.0,370.0,post_swap,swap_proximal,True,GCAMP11
41,2166,10,41,80,130,320.0,370.0,post_swap,swap_proximal,True,GCAMP11
42,2167,10,42,80,130,320.0,370.0,post_swap,swap_proximal,False,GCAMP11
43,2168,10,43,80,130,320.0,370.0,post_swap,swap_proximal,False,GCAMP11
44,2169,10,44,80,130,320.0,370.0,post_swap,swap_proximal,False,GCAMP11
45,2170,10,45,80,130,320.0,370.0,post_swap,swap_proximal,False,GCAMP11
46,2171,10,46,80,130,320.0,370.0,post_swap,swap_proximal,False,GCAMP11
47,2172,10,47,80,130,320.0,370.0,post_swap,swap_proximal,False,GCAMP11
48,2173,10,48,80,130,320.0,370.0,post_swap,swap_proximal,False,GCAMP11
49,2174,10,49,80,130,320.0,370.0,post_swap,swap_proximal,False,GCAMP11
50,2175,10,50,80,130,320.0,370.0,post_swap,swap_proximal,False,GCAMP11
51,2176,10,51,80,130,320.0,370.0,post_swap,swap_proximal,False,GCAMP11
52,2177,10,52,80,130,320.0,370.0,post_swap,swap_proximal,False,GCAMP11
53,2178,10,53,80,130,320.0,370.0,post_swap,swap_proximal,False,GCAMP11
54,2179,10,54,80,130,320.0,370.0,post_swap,swap_proximal,False,GCAMP11
55,2180,10,55,80,130,320.0,370.0,post_swap,swap_proximal,False,GCAMP11
56,2181,10,56,80,130,320.0,370.0,post_swap,swap_proximal,False,GCAMP11
57,2182,10,57,80,130,320.0,370.0,post_swap,swap_proximal,False,GCAMP11
58,2183,10,58,80,130,320.0,370.0,post_swap,swap_proximal,False,GCAMP11
59,2184,10,59,80,130,320.0,370.0,post_swap,swap_proximal,False,GCAMP11
60,2185,10,60,80,130,320.0,370.0,post_swap,swap_proximal,False,GCAMP11
61,2186,10,61,80,130,320.0,370.0,post_swap,swap_proximal,False,GCAMP11
62,2187,10,62,80,130,320.0,370.0,post_swap,swap_proximal,False,GCAMP11
63,2188,10,63,80,130,320.0,370.0,post_swap,swap_proximal,False,GCAMP11
64,2189,10,64,80,130,320.0,370.0,post_swap,swap_proximal,False,GCAMP11
65,2190,10,65,80,130,320.0,370.0,post_swap,swap_proximal,False,GCAMP11
66,2191,10,66,80,130,320.0,370.0,post_swap,swap_proximal,False,GCAMP11
67,2192,10,67,80,130,320.0,370.0,post_swap,swap_proximal,False,GCAMP11
68,2193,10,68,80,130,320.0,370.0,post_swap,swap_proximal,False,GCAMP11
69,2194,10,69,80,130,320.0,370.0,post_swap,swap_proximal,False,GCAMP11
70,2195,10,70,80,130,320.0,370.0,post_swap,swap_proximal,False,GCAMP11
71,2196,10,71,80,130,320.0,370.0,post_swap,swap_proximal,False,GCAMP11
72,2197,10,72,80,130,320.0,370.0,post_swap,swap_proximal,False,GCAMP11
73,2198,10,73,80,130,320.0,370.0,post_swap,swap_proximal,False,GCAMP11
74,2199,10,74,80,130,320.0,370.0,post_swap,swap_proximal,True,GCAMP11
75,2200,10,75,80,130,320.0,370.0,post_swap,swap_proximal,False,GCAMP11
76,2201,10,76,80,130,320.0,370.0,post_swap,swap_proximal,False,GCAMP11
77,2202,10,77,80,130,320.0,370.0,post_swap,swap_proximal,True,GCAMP11
78,2203,10,78,80,130,320.0,370.0,post_swap,swap_proximal,False,GCAMP11
79,2204,10,79,80,130,320.0,370.0,post_swap,swap_proximal,False,GCAMP11
0,2205,12,0,80,130,200.0,250.0,pre_swap,swap_distal,False,GCAMP11
1,2206,12,1,80,130,200.0,250.0,pre_swap,swap_distal,False,GCAMP11
2,2207,12,2,80,130,200.0,250.0,pre_swap,swap_distal,False,GCAMP11
3,2208,12,3,80,130,200.0,250.0,pre_swap,swap_distal,False,GCAMP11
4,2209,12,4,80,130,200.0,250.0,pre_swap,swap_distal,False,GCAMP11
5,2210,12,5,80,130,200.0,250.0,pre_swap,swap_distal,False,GCAMP11
6,2211,12,6,80,130,200.0,250.0,pre_swap,swap_distal,False,GCAMP11
7,2212,12,7,80,130,200.0,250.0,pre_swap,swap_distal,True,GCAMP11
8,2213,12,8,80,130,200.0,250.0,pre_swap,swap_distal,False,GCAMP11
9,2214,12,9,80,130,200.0,250.0,pre_swap,swap_distal,False,GCAMP11
10,2215,12,10,80,130,200.0,250.0,pre_swap,swap_distal,False,GCAMP11
11,2216,12,11,80,130,200.0,250.0,pre_swap,swap_distal,True,GCAMP11
12,2217,12,12,80,130,200.0,250.0,pre_swap,swap_distal,False,GCAMP11
13,2218,12,13,80,130,200.0,250.0,pre_swap,swap_distal,True,GCAMP11
14,2219,12,14,80,130,200.0,250.0,pre_swap,swap_distal,False,GCAMP11
15,2220,12,15,80,130,200.0,250.0,pre_swap,swap_distal,False,GCAMP11
16,2221,12,16,80,130,200.0,250.0,pre_swap,swap_distal,False,GCAMP11
17,2222,12,17,80,130,200.0,250.0,pre_swap,swap_distal,False,GCAMP11
18,2223,12,18,80,130,200.0,250.0,pre_swap,swap_distal,False,GCAMP11
19,2224,12,19,80,130,200.0,250.0,pre_swap,swap_distal,False,GCAMP11
20,2225,12,20,80,130,200.0,250.0,pre_swap,swap_distal,False,GCAMP11
21,2226,12,21,80,130,200.0,250.0,pre_swap,swap_distal,False,GCAMP11
22,2227,12,22,80,130,200.0,250.0,pre_swap,swap_distal,False,GCAMP11
23,2228,12,23,80,130,200.0,250.0,pre_swap,swap_distal,False,GCAMP11
24,2229,12,24,80,130,200.0,250.0,pre_swap,swap_distal,False,GCAMP11
25,2230,12,25,80,130,200.0,250.0,pre_swap,swap_distal,False,GCAMP11
26,2231,12,26,80,130,200.0,250.0,pre_swap,swap_distal,False,GCAMP11
27,2232,12,27,80,130,200.0,250.0,pre_swap,swap_distal,False,GCAMP11
28,2233,12,28,80,130,200.0,250.0,pre_swap,swap_distal,False,GCAMP11
29,2234,12,29,80,130,200.0,250.0,pre_swap,swap_distal,False,GCAMP11
30,2235,12,30,200,250,80.0,130.0,post_swap,swap_distal,False,GCAMP11
31,2236,12,31,200,250,80.0,130.0,post_swap,swap_distal,False,GCAMP11
32,2237,12,32,200,250,80.0,130.0,post_swap,swap_distal,False,GCAMP11
33,2238,12,33,200,250,80.0,130.0,post_swap,swap_distal,False,GCAMP11
34,2239,12,34,200,250,80.0,130.0,post_swap,swap_distal,False,GCAMP11
35,2240,12,35,200,250,80.0,130.0,post_swap,swap_distal,False,GCAMP11
36,2241,12,36,200,250,80.0,130.0,post_swap,swap_distal,False,GCAMP11
37,2242,12,37,200,250,80.0,130.0,post_swap,swap_distal,False,GCAMP11
38,2243,12,38,200,250,80.0,130.0,post_swap,swap_distal,True,GCAMP11
39,2244,12,39,200,250,80.0,130.0,post_swap,swap_distal,False,GCAMP11
40,2245,12,40,200,250,80.0,130.0,post_swap,swap_distal,False,GCAMP11
41,2246,12,41,200,250,80.0,130.0,post_swap,swap_distal,False,GCAMP11
42,2247,12,42,200,250,80.0,130.0,post_swap,swap_distal,False,GCAMP11
43,2248,12,43,200,250,80.0,130.0,post_swap,swap_distal,False,GCAMP11
44,2249,12,44,200,250,80.0,130.0,post_swap,swap_distal,False,GCAMP11
45,2250,12,45,200,250,80.0,130.0,post_swap,swap_distal,False,GCAMP11
46,2251,12,46,200,250,80.0,130.0,post_swap,swap_distal,False,GCAMP11
47,2252,12,47,200,250,80.0,130.0,post_swap,swap_distal,False,GCAMP11
48,2253,12,48,200,250,80.0,130.0,post_swap,swap_distal,True,GCAMP11
49,2254,12,49,200,250,80.0,130.0,post_swap,swap_distal,False,GCAMP11
50,2255,12,50,200,250,80.0,130.0,post_swap,swap_distal,False,GCAMP11
51,2256,12,51,200,250,80.0,130.0,post_swap,swap_distal,False,GCAMP11
52,2257,12,52,200,250,80.0,130.0,post_swap,swap_distal,True,GCAMP11
53,2258,12,53,200,250,80.0,130.0,post_swap,swap_distal,True,GCAMP11
54,2259,12,54,200,250,80.0,130.0,post_swap,swap_distal,True,GCAMP11
55,2260,12,55,200,250,80.0,130.0,post_swap,swap_distal,False,GCAMP11
56,2261,12,56,200,250,80.0,130.0,post_swap,swap_distal,False,GCAMP11
57,2262,12,57,200,250,80.0,130.0,post_swap,swap_distal,False,GCAMP11
59,2264,12,59,200,250,80.0,130.0,post_swap,swap_distal,False,GCAMP11
60,2265,12,60,200,250,80.0,130.0,post_swap,swap_distal,False,GCAMP11
61,2266,12,61,200,250,80.0,130.0,post_swap,swap_distal,False,GCAMP11
62,2267,12,62,200,250,80.0,130.0,post_swap,swap_distal,False,GCAMP11
63,2268,12,63,200,250,80.0,130.0,post_swap,swap_distal,False,GCAMP11
64,2269,12,64,200,250,80.0,130.0,post_swap,swap_distal,False,GCAMP11
65,2270,12,65,200,250,80.0,130.0,post_swap,swap_distal,False,GCAMP11
66,2271,12,66,200,250,80.0,130.0,post_swap,swap_distal,False,GCAMP11
67,2272,12,67,200,250,80.0,130.0,post_swap,swap_distal,False,GCAMP11
68,2273,12,68,200,250,80.0,130.0,post_swap,swap_distal,False,GCAMP11
69,2274,12,69,200,250,80.0,130.0,post_swap,swap_distal,False,GCAMP11
70,2275,12,70,200,250,80.0,130.0,post_swap,swap_distal,False,GCAMP11
71,2276,12,71,200,250,80.0,130.0,post_swap,swap_distal,False,GCAMP11
72,2277,12,72,200,250,80.0,130.0,post_swap,swap_distal,False,GCAMP11
73,2278,12,73,200,250,80.0,130.0,post_swap,swap_distal,False,GCAMP11
74,2279,12,74,200,250,80.0,130.0,post_swap,swap_distal,False,GCAMP11
75,2280,12,75,200,250,80.0,130.0,post_swap,swap_distal,False,GCAMP11
76,2281,12,76,200,250,80.0,130.0,post_swap,swap_distal,True,GCAMP11
77,2282,12,77,200,250,80.0,130.0,post_swap,swap_distal,False,GCAMP11
78,2283,12,78,200,250,80.0,130.0,post_swap,swap_distal,False,GCAMP11
79,2284,12,79,200,250,80.0,130.0,post_swap,swap_distal,False,GCAMP11
0,2285,14,0,200,250,320.0,370.0,pre_swap,swap_distal,False,GCAMP11
1,2286,14,1,200,250,320.0,370.0,pre_swap,swap_distal,False,GCAMP11
2,2287,14,2,200,250,320.0,370.0,pre_swap,swap_distal,False,GCAMP11
3,2288,14,3,200,250,320.0,370.0,pre_swap,swap_distal,False,GCAMP11
4,2289,14,4,200,250,320.0,370.0,pre_swap,swap_distal,False,GCAMP11
5,2290,14,5,200,250,320.0,370.0,pre_swap,swap_distal,False,GCAMP11
6,2291,14,6,200,250,320.0,370.0,pre_swap,swap_distal,False,GCAMP11
7,2292,14,7,200,250,320.0,370.0,pre_swap,swap_distal,False,GCAMP11
8,2293,14,8,200,250,320.0,370.0,pre_swap,swap_distal,False,GCAMP11
9,2294,14,9,200,250,320.0,370.0,pre_swap,swap_distal,False,GCAMP11
10,2295,14,10,200,250,320.0,370.0,pre_swap,swap_distal,False,GCAMP11
11,2296,14,11,200,250,320.0,370.0,pre_swap,swap_distal,False,GCAMP11
12,2297,14,12,200,250,320.0,370.0,pre_swap,swap_distal,False,GCAMP11
13,2298,14,13,200,250,320.0,370.0,pre_swap,swap_distal,False,GCAMP11
14,2299,14,14,200,250,320.0,370.0,pre_swap,swap_distal,False,GCAMP11
15,2300,14,15,200,250,320.0,370.0,pre_swap,swap_distal,False,GCAMP11
16,2301,14,16,200,250,320.0,370.0,pre_swap,swap_distal,False,GCAMP11
17,2302,14,17,200,250,320.0,370.0,pre_swap,swap_distal,False,GCAMP11
18,2303,14,18,200,250,320.0,370.0,pre_swap,swap_distal,False,GCAMP11
19,2304,14,19,200,250,320.0,370.0,pre_swap,swap_distal,False,GCAMP11
20,2305,14,20,200,250,320.0,370.0,pre_swap,swap_distal,False,GCAMP11
21,2306,14,21,200,250,320.0,370.0,pre_swap,swap_distal,False,GCAMP11
22,2307,14,22,200,250,320.0,370.0,pre_swap,swap_distal,False,GCAMP11
23,2308,14,23,200,250,320.0,370.0,pre_swap,swap_distal,False,GCAMP11
24,2309,14,24,200,250,320.0,370.0,pre_swap,swap_distal,False,GCAMP11
25,2310,14,25,200,250,320.0,370.0,pre_swap,swap_distal,True,GCAMP11
26,2311,14,26,200,250,320.0,370.0,pre_swap,swap_distal,False,GCAMP11
27,2312,14,27,200,250,320.0,370.0,pre_swap,swap_distal,False,GCAMP11
28,2313,14,28,200,250,320.0,370.0,pre_swap,swap_distal,False,GCAMP11
29,2314,14,29,200,250,320.0,370.0,pre_swap,swap_distal,False,GCAMP11
30,2315,14,30,320,370,200.0,250.0,post_swap,swap_distal,False,GCAMP11
31,2316,14,31,320,370,200.0,250.0,post_swap,swap_distal,False,GCAMP11
32,2317,14,32,320,370,200.0,250.0,post_swap,swap_distal,False,GCAMP11
33,2318,14,33,320,370,200.0,250.0,post_swap,swap_distal,False,GCAMP11
34,2319,14,34,320,370,200.0,250.0,post_swap,swap_distal,False,GCAMP11
35,2320,14,35,320,370,200.0,250.0,post_swap,swap_distal,False,GCAMP11
36,2321,14,36,320,370,200.0,250.0,post_swap,swap_distal,False,GCAMP11
37,2322,14,37,320,370,200.0,250.0,post_swap,swap_distal,False,GCAMP11
38,2323,14,38,320,370,200.0,250.0,post_swap,swap_distal,False,GCAMP11
39,2324,14,39,320,370,200.0,250.0,post_swap,swap_distal,False,GCAMP11
40,2325,14,40,320,370,200.0,250.0,post_swap,swap_distal,False,GCAMP11
41,2326,14,41,320,370,200.0,250.0,post_swap,swap_distal,False,GCAMP11
42,2327,14,42,320,370,200.0,250.0,post_swap,swap_distal,False,GCAMP11
43,2328,14,43,320,370,200.0,250.0,post_swap,swap_distal,False,GCAMP11
44,2329,14,44,320,370,200.0,250.0,post_swap,swap_distal,True,GCAMP11
45,2330,14,45,320,370,200.0,250.0,post_swap,swap_distal,True,GCAMP11
46,2331,14,46,320,370,200.0,250.0,post_swap,swap_distal,False,GCAMP11
47,2332,14,47,320,370,200.0,250.0,post_swap,swap_distal,False,GCAMP11
48,2333,14,48,320,370,200.0,250.0,post_swap,swap_distal,False,GCAMP11
49,2334,14,49,320,370,200.0,250.0,post_swap,swap_distal,False,GCAMP11
50,2335,14,50,320,370,200.0,250.0,post_swap,swap_distal,True,GCAMP11
51,2336,14,51,320,370,200.0,250.0,post_swap,swap_distal,True,GCAMP11
52,2337,14,52,320,370,200.0,250.0,post_swap,swap_distal,False,GCAMP11
53,2338,14,53,320,370,200.0,250.0,post_swap,swap_distal,False,GCAMP11
54,2339,14,54,320,370,200.0,250.0,post_swap,swap_distal,False,GCAMP11
55,2340,14,55,320,370,200.0,250.0,post_swap,swap_distal,False,GCAMP11
56,2341,14,56,320,370,200.0,250.0,post_swap,swap_distal,False,GCAMP11
57,2342,14,57,320,370,200.0,250.0,post_swap,swap_distal,False,GCAMP11
58,2343,14,58,320,370,200.0,250.0,post_swap,swap_distal,False,GCAMP11
59,2344,14,59,320,370,200.0,250.0,post_swap,swap_distal,False,GCAMP11
60,2345,14,60,320,370,200.0,250.0,post_swap,swap_distal,False,GCAMP11
61,2346,14,61,320,370,200.0,250.0,post_swap,swap_distal,False,GCAMP11
62,2347,14,62,320,370,200.0,250.0,post_swap,swap_distal,False,GCAMP11
63,2348,14,63,320,370,200.0,250.0,post_swap,swap_distal,False,GCAMP11
64,2349,14,64,320,370,200.0,250.0,post_swap,swap_distal,False,GCAMP11
65,2350,14,65,320,370,200.0,250.0,post_swap,swap_distal,True,GCAMP11
66,2351,14,66,320,370,200.0,250.0,post_swap,swap_distal,False,GCAMP11
67,2352,14,67,320,370,200.0,250.0,post_swap,swap_distal,True,GCAMP11
68,2353,14,68,320,370,200.0,250.0,post_swap,swap_distal,True,GCAMP11
69,2354,14,69,320,370,200.0,250.0,post_swap,swap_distal,False,GCAMP11
70,2355,14,70,320,370,200.0,250.0,post_swap,swap_distal,False,GCAMP11
71,2356,14,71,320,370,200.0,250.0,post_swap,swap_distal,False,GCAMP11
72,2357,14,72,320,370,200.0,250.0,post_swap,swap_distal,True,GCAMP11
73,2358,14,73,320,370,200.0,250.0,post_swap,swap_distal,False,GCAMP11
74,2359,14,74,320,370,200.0,250.0,post_swap,swap_distal,True,GCAMP11
75,2360,14,75,320,370,200.0,250.0,post_swap,swap_distal,False,GCAMP11
76,2361,14,76,320,370,200.0,250.0,post_swap,swap_distal,False,GCAMP11
77,2362,14,77,320,370,200.0,250.0,post_swap,swap_distal,False,GCAMP11
78,2363,14,78,320,370,200.0,250.0,post_swap,swap_distal,False,GCAMP11
79,2364,14,79,320,370,200.0,250.0,post_swap,swap_distal,False,GCAMP11
0,2365,3,0,200,250,320.0,370.0,pre_swap,swap_distal,False,GCAMP12
1,2366,3,1,200,250,320.0,370.0,pre_swap,swap_distal,False,GCAMP12
2,2367,3,2,200,250,320.0,370.0,pre_swap,swap_distal,False,GCAMP12
3,2368,3,3,200,250,320.0,370.0,pre_swap,swap_distal,False,GCAMP12
4,2369,3,4,200,250,320.0,370.0,pre_swap,swap_distal,False,GCAMP12
5,2370,3,5,200,250,320.0,370.0,pre_swap,swap_distal,False,GCAMP12
6,2371,3,6,200,250,320.0,370.0,pre_swap,swap_distal,False,GCAMP12
7,2372,3,7,200,250,320.0,370.0,pre_swap,swap_distal,False,GCAMP12
8,2373,3,8,200,250,320.0,370.0,pre_swap,swap_distal,False,GCAMP12
9,2374,3,9,200,250,320.0,370.0,pre_swap,swap_distal,False,GCAMP12
10,2375,3,10,200,250,320.0,370.0,pre_swap,swap_distal,False,GCAMP12
11,2376,3,11,200,250,320.0,370.0,pre_swap,swap_distal,False,GCAMP12
12,2377,3,12,200,250,320.0,370.0,pre_swap,swap_distal,False,GCAMP12
13,2378,3,13,200,250,320.0,370.0,pre_swap,swap_distal,True,GCAMP12
14,2379,3,14,200,250,320.0,370.0,pre_swap,swap_distal,False,GCAMP12
15,2380,3,15,200,250,320.0,370.0,pre_swap,swap_distal,False,GCAMP12
16,2381,3,16,200,250,320.0,370.0,pre_swap,swap_distal,False,GCAMP12
17,2382,3,17,200,250,320.0,370.0,pre_swap,swap_distal,False,GCAMP12
18,2383,3,18,200,250,320.0,370.0,pre_swap,swap_distal,False,GCAMP12
19,2384,3,19,200,250,320.0,370.0,pre_swap,swap_distal,False,GCAMP12
20,2385,3,20,200,250,320.0,370.0,pre_swap,swap_distal,False,GCAMP12
21,2386,3,21,200,250,320.0,370.0,pre_swap,swap_distal,False,GCAMP12
22,2387,3,22,200,250,320.0,370.0,pre_swap,swap_distal,True,GCAMP12
23,2388,3,23,200,250,320.0,370.0,pre_swap,swap_distal,False,GCAMP12
24,2389,3,24,200,250,320.0,370.0,pre_swap,swap_distal,False,GCAMP12
25,2390,3,25,200,250,320.0,370.0,pre_swap,swap_distal,False,GCAMP12
26,2391,3,26,200,250,320.0,370.0,pre_swap,swap_distal,False,GCAMP12
27,2392,3,27,200,250,320.0,370.0,pre_swap,swap_distal,False,GCAMP12
28,2393,3,28,200,250,320.0,370.0,pre_swap,swap_distal,True,GCAMP12
29,2394,3,29,200,250,320.0,370.0,pre_swap,swap_distal,False,GCAMP12
30,2395,3,30,320,370,200.0,250.0,post_swap,swap_distal,True,GCAMP12
31,2396,3,31,320,370,200.0,250.0,post_swap,swap_distal,False,GCAMP12
32,2397,3,32,320,370,200.0,250.0,post_swap,swap_distal,False,GCAMP12
33,2398,3,33,320,370,200.0,250.0,post_swap,swap_distal,True,GCAMP12
34,2399,3,34,320,370,200.0,250.0,post_swap,swap_distal,False,GCAMP12
35,2400,3,35,320,370,200.0,250.0,post_swap,swap_distal,False,GCAMP12
36,2401,3,36,320,370,200.0,250.0,post_swap,swap_distal,False,GCAMP12
37,2402,3,37,320,370,200.0,250.0,post_swap,swap_distal,False,GCAMP12
38,2403,3,38,320,370,200.0,250.0,post_swap,swap_distal,False,GCAMP12
39,2404,3,39,320,370,200.0,250.0,post_swap,swap_distal,False,GCAMP12
40,2405,3,40,320,370,200.0,250.0,post_swap,swap_distal,True,GCAMP12
41,2406,3,41,320,370,200.0,250.0,post_swap,swap_distal,True,GCAMP12
42,2407,3,42,320,370,200.0,250.0,post_swap,swap_distal,False,GCAMP12
43,2408,3,43,320,370,200.0,250.0,post_swap,swap_distal,False,GCAMP12
44,2409,3,44,320,370,200.0,250.0,post_swap,swap_distal,False,GCAMP12
45,2410,3,45,320,370,200.0,250.0,post_swap,swap_distal,False,GCAMP12
46,2411,3,46,320,370,200.0,250.0,post_swap,swap_distal,False,GCAMP12
47,2412,3,47,320,370,200.0,250.0,post_swap,swap_distal,False,GCAMP12
48,2413,3,48,320,370,200.0,250.0,post_swap,swap_distal,False,GCAMP12
49,2414,3,49,320,370,200.0,250.0,post_swap,swap_distal,False,GCAMP12
50,2415,3,50,320,370,200.0,250.0,post_swap,swap_distal,False,GCAMP12
51,2416,3,51,320,370,200.0,250.0,post_swap,swap_distal,False,GCAMP12
52,2417,3,52,320,370,200.0,250.0,post_swap,swap_distal,False,GCAMP12
53,2418,3,53,320,370,200.0,250.0,post_swap,swap_distal,False,GCAMP12
54,2419,3,54,320,370,200.0,250.0,post_swap,swap_distal,False,GCAMP12
55,2420,3,55,320,370,200.0,250.0,post_swap,swap_distal,False,GCAMP12
56,2421,3,56,320,370,200.0,250.0,post_swap,swap_distal,False,GCAMP12
57,2422,3,57,320,370,200.0,250.0,post_swap,swap_distal,False,GCAMP12
58,2423,3,58,320,370,200.0,250.0,post_swap,swap_distal,True,GCAMP12
59,2424,3,59,320,370,200.0,250.0,post_swap,swap_distal,False,GCAMP12
60,2425,3,60,320,370,200.0,250.0,post_swap,swap_distal,True,GCAMP12
61,2426,3,61,320,370,200.0,250.0,post_swap,swap_distal,False,GCAMP12
62,2427,3,62,320,370,200.0,250.0,post_swap,swap_distal,False,GCAMP12
63,2428,3,63,320,370,200.0,250.0,post_swap,swap_distal,True,GCAMP12
64,2429,3,64,320,370,200.0,250.0,post_swap,swap_distal,False,GCAMP12
65,2430,3,65,320,370,200.0,250.0,post_swap,swap_distal,False,GCAMP12
66,2431,3,66,320,370,200.0,250.0,post_swap,swap_distal,False,GCAMP12
67,2432,3,67,320,370,200.0,250.0,post_swap,swap_distal,False,GCAMP12
68,2433,3,68,320,370,200.0,250.0,post_swap,swap_distal,False,GCAMP12
69,2434,3,69,320,370,200.0,250.0,post_swap,swap_distal,False,GCAMP12
70,2435,3,70,320,370,200.0,250.0,post_swap,swap_distal,False,GCAMP12
71,2436,3,71,320,370,200.0,250.0,post_swap,swap_distal,False,GCAMP12
72,2437,3,72,320,370,200.0,250.0,post_swap,swap_distal,False,GCAMP12
73,2438,3,73,320,370,200.0,250.0,post_swap,swap_distal,False,GCAMP12
74,2439,3,74,320,370,200.0,250.0,post_swap,swap_distal,False,GCAMP12
75,2440,3,75,320,370,200.0,250.0,post_swap,swap_distal,True,GCAMP12
76,2441,3,76,320,370,200.0,250.0,post_swap,swap_distal,False,GCAMP12
77,2442,3,77,320,370,200.0,250.0,post_swap,swap_distal,False,GCAMP12
78,2443,3,78,320,370,200.0,250.0,post_swap,swap_distal,True,GCAMP12
79,2444,3,79,320,370,200.0,250.0,post_swap,swap_distal,False,GCAMP12
0,2445,5,0,320,370,80.0,130.0,pre_swap,swap_proximal,False,GCAMP12
1,2446,5,1,320,370,80.0,130.0,pre_swap,swap_proximal,False,GCAMP12
2,2447,5,2,320,370,80.0,130.0,pre_swap,swap_proximal,False,GCAMP12
3,2448,5,3,320,370,80.0,130.0,pre_swap,swap_proximal,True,GCAMP12
4,2449,5,4,320,370,80.0,130.0,pre_swap,swap_proximal,False,GCAMP12
5,2450,5,5,320,370,80.0,130.0,pre_swap,swap_proximal,False,GCAMP12
6,2451,5,6,320,370,80.0,130.0,pre_swap,swap_proximal,False,GCAMP12
7,2452,5,7,320,370,80.0,130.0,pre_swap,swap_proximal,False,GCAMP12
8,2453,5,8,320,370,80.0,130.0,pre_swap,swap_proximal,False,GCAMP12
9,2454,5,9,320,370,80.0,130.0,pre_swap,swap_proximal,False,GCAMP12
10,2455,5,10,320,370,80.0,130.0,pre_swap,swap_proximal,False,GCAMP12
11,2456,5,11,320,370,80.0,130.0,pre_swap,swap_proximal,False,GCAMP12
12,2457,5,12,320,370,80.0,130.0,pre_swap,swap_proximal,False,GCAMP12
13,2458,5,13,320,370,80.0,130.0,pre_swap,swap_proximal,False,GCAMP12
14,2459,5,14,320,370,80.0,130.0,pre_swap,swap_proximal,True,GCAMP12
15,2460,5,15,320,370,80.0,130.0,pre_swap,swap_proximal,True,GCAMP12
16,2461,5,16,320,370,80.0,130.0,pre_swap,swap_proximal,False,GCAMP12
17,2462,5,17,320,370,80.0,130.0,pre_swap,swap_proximal,False,GCAMP12
18,2463,5,18,320,370,80.0,130.0,pre_swap,swap_proximal,False,GCAMP12
19,2464,5,19,320,370,80.0,130.0,pre_swap,swap_proximal,False,GCAMP12
20,2465,5,20,320,370,80.0,130.0,pre_swap,swap_proximal,False,GCAMP12
21,2466,5,21,320,370,80.0,130.0,pre_swap,swap_proximal,False,GCAMP12
22,2467,5,22,320,370,80.0,130.0,pre_swap,swap_proximal,False,GCAMP12
23,2468,5,23,320,370,80.0,130.0,pre_swap,swap_proximal,False,GCAMP12
24,2469,5,24,320,370,80.0,130.0,pre_swap,swap_proximal,False,GCAMP12
25,2470,5,25,320,370,80.0,130.0,pre_swap,swap_proximal,False,GCAMP12
26,2471,5,26,320,370,80.0,130.0,pre_swap,swap_proximal,False,GCAMP12
27,2472,5,27,320,370,80.0,130.0,pre_swap,swap_proximal,False,GCAMP12
28,2473,5,28,320,370,80.0,130.0,pre_swap,swap_proximal,False,GCAMP12
29,2474,5,29,320,370,80.0,130.0,pre_swap,swap_proximal,False,GCAMP12
30,2475,5,30,80,130,320.0,370.0,post_swap,swap_proximal,False,GCAMP12
31,2476,5,31,80,130,320.0,370.0,post_swap,swap_proximal,False,GCAMP12
32,2477,5,32,80,130,320.0,370.0,post_swap,swap_proximal,False,GCAMP12
33,2478,5,33,80,130,320.0,370.0,post_swap,swap_proximal,True,GCAMP12
34,2479,5,34,80,130,320.0,370.0,post_swap,swap_proximal,False,GCAMP12
35,2480,5,35,80,130,320.0,370.0,post_swap,swap_proximal,False,GCAMP12
36,2481,5,36,80,130,320.0,370.0,post_swap,swap_proximal,False,GCAMP12
37,2482,5,37,80,130,320.0,370.0,post_swap,swap_proximal,False,GCAMP12
38,2483,5,38,80,130,320.0,370.0,post_swap,swap_proximal,False,GCAMP12
39,2484,5,39,80,130,320.0,370.0,post_swap,swap_proximal,False,GCAMP12
40,2485,5,40,80,130,320.0,370.0,post_swap,swap_proximal,True,GCAMP12
41,2486,5,41,80,130,320.0,370.0,post_swap,swap_proximal,False,GCAMP12
42,2487,5,42,80,130,320.0,370.0,post_swap,swap_proximal,False,GCAMP12
43,2488,5,43,80,130,320.0,370.0,post_swap,swap_proximal,False,GCAMP12
44,2489,5,44,80,130,320.0,370.0,post_swap,swap_proximal,False,GCAMP12
45,2490,5,45,80,130,320.0,370.0,post_swap,swap_proximal,False,GCAMP12
46,2491,5,46,80,130,320.0,370.0,post_swap,swap_proximal,False,GCAMP12
47,2492,5,47,80,130,320.0,370.0,post_swap,swap_proximal,False,GCAMP12
48,2493,5,48,80,130,320.0,370.0,post_swap,swap_proximal,False,GCAMP12
49,2494,5,49,80,130,320.0,370.0,post_swap,swap_proximal,False,GCAMP12
50,2495,5,50,80,130,320.0,370.0,post_swap,swap_proximal,False,GCAMP12
51,2496,5,51,80,130,320.0,370.0,post_swap,swap_proximal,False,GCAMP12
52,2497,5,52,80,130,320.0,370.0,post_swap,swap_proximal,False,GCAMP12
53,2498,5,53,80,130,320.0,370.0,post_swap,swap_proximal,False,GCAMP12
54,2499,5,54,80,130,320.0,370.0,post_swap,swap_proximal,True,GCAMP12
55,2500,5,55,80,130,320.0,370.0,post_swap,swap_proximal,False,GCAMP12
56,2501,5,56,80,130,320.0,370.0,post_swap,swap_proximal,False,GCAMP12
57,2502,5,57,80,130,320.0,370.0,post_swap,swap_proximal,False,GCAMP12
58,2503,5,58,80,130,320.0,370.0,post_swap,swap_proximal,False,GCAMP12
59,2504,5,59,80,130,320.0,370.0,post_swap,swap_proximal,False,GCAMP12
60,2505,5,60,80,130,320.0,370.0,post_swap,swap_proximal,False,GCAMP12
61,2506,5,61,80,130,320.0,370.0,post_swap,swap_proximal,False,GCAMP12
62,2507,5,62,80,130,320.0,370.0,post_swap,swap_proximal,False,GCAMP12
63,2508,5,63,80,130,320.0,370.0,post_swap,swap_proximal,False,GCAMP12
64,2509,5,64,80,130,320.0,370.0,post_swap,swap_proximal,False,GCAMP12
65,2510,5,65,80,130,320.0,370.0,post_swap,swap_proximal,True,GCAMP12
66,2511,5,66,80,130,320.0,370.0,post_swap,swap_proximal,False,GCAMP12
67,2512,5,67,80,130,320.0,370.0,post_swap,swap_proximal,False,GCAMP12
68,2513,5,68,80,130,320.0,370.0,post_swap,swap_proximal,False,GCAMP12
69,2514,5,69,80,130,320.0,370.0,post_swap,swap_proximal,True,GCAMP12
70,2515,5,70,80,130,320.0,370.0,post_swap,swap_proximal,False,GCAMP12
71,2516,5,71,80,130,320.0,370.0,post_swap,swap_proximal,True,GCAMP12
72,2517,5,72,80,130,320.0,370.0,post_swap,swap_proximal,False,GCAMP12
73,2518,5,73,80,130,320.0,370.0,post_swap,swap_proximal,False,GCAMP12
74,2519,5,74,80,130,320.0,370.0,post_swap,swap_proximal,False,GCAMP12
75,2520,5,75,80,130,320.0,370.0,post_swap,swap_proximal,False,GCAMP12
76,2521,5,76,80,130,320.0,370.0,post_swap,swap_proximal,False,GCAMP12
77,2522,5,77,80,130,320.0,370.0,post_swap,swap_proximal,False,GCAMP12
78,2523,5,78,80,130,320.0,370.0,post_swap,swap_proximal,False,GCAMP12
79,2524,5,79,80,130,320.0,370.0,post_swap,swap_proximal,False,GCAMP12
0,2525,7,0,80,130,200.0,250.0,pre_swap,swap_distal,False,GCAMP12
1,2526,7,1,80,130,200.0,250.0,pre_swap,swap_distal,False,GCAMP12
2,2527,7,2,80,130,200.0,250.0,pre_swap,swap_distal,False,GCAMP12
3,2528,7,3,80,130,200.0,250.0,pre_swap,swap_distal,True,GCAMP12
4,2529,7,4,80,130,200.0,250.0,pre_swap,swap_distal,False,GCAMP12
5,2530,7,5,80,130,200.0,250.0,pre_swap,swap_distal,False,GCAMP12
6,2531,7,6,80,130,200.0,250.0,pre_swap,swap_distal,False,GCAMP12
7,2532,7,7,80,130,200.0,250.0,pre_swap,swap_distal,False,GCAMP12
8,2533,7,8,80,130,200.0,250.0,pre_swap,swap_distal,False,GCAMP12
9,2534,7,9,80,130,200.0,250.0,pre_swap,swap_distal,False,GCAMP12
10,2535,7,10,80,130,200.0,250.0,pre_swap,swap_distal,False,GCAMP12
11,2536,7,11,80,130,200.0,250.0,pre_swap,swap_distal,False,GCAMP12
12,2537,7,12,80,130,200.0,250.0,pre_swap,swap_distal,True,GCAMP12
13,2538,7,13,80,130,200.0,250.0,pre_swap,swap_distal,False,GCAMP12
14,2539,7,14,80,130,200.0,250.0,pre_swap,swap_distal,True,GCAMP12
15,2540,7,15,80,130,200.0,250.0,pre_swap,swap_distal,False,GCAMP12
16,2541,7,16,80,130,200.0,250.0,pre_swap,swap_distal,False,GCAMP12
17,2542,7,17,80,130,200.0,250.0,pre_swap,swap_distal,False,GCAMP12
18,2543,7,18,80,130,200.0,250.0,pre_swap,swap_distal,False,GCAMP12
19,2544,7,19,80,130,200.0,250.0,pre_swap,swap_distal,False,GCAMP12
20,2545,7,20,80,130,200.0,250.0,pre_swap,swap_distal,False,GCAMP12
21,2546,7,21,80,130,200.0,250.0,pre_swap,swap_distal,False,GCAMP12
22,2547,7,22,80,130,200.0,250.0,pre_swap,swap_distal,False,GCAMP12
23,2548,7,23,80,130,200.0,250.0,pre_swap,swap_distal,False,GCAMP12
24,2549,7,24,80,130,200.0,250.0,pre_swap,swap_distal,False,GCAMP12
25,2550,7,25,80,130,200.0,250.0,pre_swap,swap_distal,False,GCAMP12
26,2551,7,26,80,130,200.0,250.0,pre_swap,swap_distal,False,GCAMP12
27,2552,7,27,80,130,200.0,250.0,pre_swap,swap_distal,False,GCAMP12
28,2553,7,28,80,130,200.0,250.0,pre_swap,swap_distal,True,GCAMP12
29,2554,7,29,80,130,200.0,250.0,pre_swap,swap_distal,True,GCAMP12
30,2555,7,30,200,250,80.0,130.0,post_swap,swap_distal,True,GCAMP12
31,2556,7,31,200,250,80.0,130.0,post_swap,swap_distal,False,GCAMP12
32,2557,7,32,200,250,80.0,130.0,post_swap,swap_distal,False,GCAMP12
33,2558,7,33,200,250,80.0,130.0,post_swap,swap_distal,False,GCAMP12
34,2559,7,34,200,250,80.0,130.0,post_swap,swap_distal,False,GCAMP12
35,2560,7,35,200,250,80.0,130.0,post_swap,swap_distal,False,GCAMP12
36,2561,7,36,200,250,80.0,130.0,post_swap,swap_distal,False,GCAMP12
37,2562,7,37,200,250,80.0,130.0,post_swap,swap_distal,False,GCAMP12
38,2563,7,38,200,250,80.0,130.0,post_swap,swap_distal,False,GCAMP12
39,2564,7,39,200,250,80.0,130.0,post_swap,swap_distal,False,GCAMP12
40,2565,7,40,200,250,80.0,130.0,post_swap,swap_distal,True,GCAMP12
41,2566,7,41,200,250,80.0,130.0,post_swap,swap_distal,False,GCAMP12
42,2567,7,42,200,250,80.0,130.0,post_swap,swap_distal,False,GCAMP12
43,2568,7,43,200,250,80.0,130.0,post_swap,swap_distal,False,GCAMP12
44,2569,7,44,200,250,80.0,130.0,post_swap,swap_distal,False,GCAMP12
45,2570,7,45,200,250,80.0,130.0,post_swap,swap_distal,False,GCAMP12
46,2571,7,46,200,250,80.0,130.0,post_swap,swap_distal,False,GCAMP12
47,2572,7,47,200,250,80.0,130.0,post_swap,swap_distal,False,GCAMP12
48,2573,7,48,200,250,80.0,130.0,post_swap,swap_distal,False,GCAMP12
49,2574,7,49,200,250,80.0,130.0,post_swap,swap_distal,False,GCAMP12
50,2575,7,50,200,250,80.0,130.0,post_swap,swap_distal,True,GCAMP12
51,2576,7,51,200,250,80.0,130.0,post_swap,swap_distal,False,GCAMP12
52,2577,7,52,200,250,80.0,130.0,post_swap,swap_distal,False,GCAMP12
53,2578,7,53,200,250,80.0,130.0,post_swap,swap_distal,False,GCAMP12
54,2579,7,54,200,250,80.0,130.0,post_swap,swap_distal,False,GCAMP12
55,2580,7,55,200,250,80.0,130.0,post_swap,swap_distal,False,GCAMP12
56,2581,7,56,200,250,80.0,130.0,post_swap,swap_distal,False,GCAMP12
57,2582,7,57,200,250,80.0,130.0,post_swap,swap_distal,False,GCAMP12
58,2583,7,58,200,250,80.0,130.0,post_swap,swap_distal,False,GCAMP12
59,2584,7,59,200,250,80.0,130.0,post_swap,swap_distal,False,GCAMP12
60,2585,7,60,200,250,80.0,130.0,post_swap,swap_distal,False,GCAMP12
61,2586,7,61,200,250,80.0,130.0,post_swap,swap_distal,False,GCAMP12
62,2587,7,62,200,250,80.0,130.0,post_swap,swap_distal,False,GCAMP12
63,2588,7,63,200,250,80.0,130.0,post_swap,swap_distal,False,GCAMP12
64,2589,7,64,200,250,80.0,130.0,post_swap,swap_distal,False,GCAMP12
65,2590,7,65,200,250,80.0,130.0,post_swap,swap_distal,False,GCAMP12
66,2591,7,66,200,250,80.0,130.0,post_swap,swap_distal,False,GCAMP12
67,2592,7,67,200,250,80.0,130.0,post_swap,swap_distal,False,GCAMP12
68,2593,7,68,200,250,80.0,130.0,post_swap,swap_distal,False,GCAMP12
69,2594,7,69,200,250,80.0,130.0,post_swap,swap_distal,False,GCAMP12
70,2595,7,70,200,250,80.0,130.0,post_swap,swap_distal,True,GCAMP12
71,2596,7,71,200,250,80.0,130.0,post_swap,swap_distal,False,GCAMP12
72,2597,7,72,200,250,80.0,130.0,post_swap,swap_distal,False,GCAMP12
73,2598,7,73,200,250,80.0,130.0,post_swap,swap_distal,False,GCAMP12
74,2599,7,74,200,250,80.0,130.0,post_swap,swap_distal,False,GCAMP12
75,2600,7,75,200,250,80.0,130.0,post_swap,swap_distal,False,GCAMP12
76,2601,7,76,200,250,80.0,130.0,post_swap,swap_distal,False,GCAMP12
77,2602,7,77,200,250,80.0,130.0,post_swap,swap_distal,True,GCAMP12
78,2603,7,78,200,250,80.0,130.0,post_swap,swap_distal,False,GCAMP12
79,2604,7,79,200,250,80.0,130.0,post_swap,swap_distal,False,GCAMP12
0,2605,8,0,200,250,80.0,130.0,pre_swap,swap_proximal,False,GCAMP12
1,2606,8,1,200,250,80.0,130.0,pre_swap,swap_proximal,False,GCAMP12
2,2607,8,2,200,250,80.0,130.0,pre_swap,swap_proximal,False,GCAMP12
3,2608,8,3,200,250,80.0,130.0,pre_swap,swap_proximal,False,GCAMP12
4,2609,8,4,200,250,80.0,130.0,pre_swap,swap_proximal,True,GCAMP12
5,2610,8,5,200,250,80.0,130.0,pre_swap,swap_proximal,False,GCAMP12
6,2611,8,6,200,250,80.0,130.0,pre_swap,swap_proximal,False,GCAMP12
7,2612,8,7,200,250,80.0,130.0,pre_swap,swap_proximal,False,GCAMP12
8,2613,8,8,200,250,80.0,130.0,pre_swap,swap_proximal,False,GCAMP12
9,2614,8,9,200,250,80.0,130.0,pre_swap,swap_proximal,False,GCAMP12
10,2615,8,10,200,250,80.0,130.0,pre_swap,swap_proximal,False,GCAMP12
11,2616,8,11,200,250,80.0,130.0,pre_swap,swap_proximal,True,GCAMP12
12,2617,8,12,200,250,80.0,130.0,pre_swap,swap_proximal,False,GCAMP12
13,2618,8,13,200,250,80.0,130.0,pre_swap,swap_proximal,False,GCAMP12
14,2619,8,14,200,250,80.0,130.0,pre_swap,swap_proximal,False,GCAMP12
15,2620,8,15,200,250,80.0,130.0,pre_swap,swap_proximal,False,GCAMP12
16,2621,8,16,200,250,80.0,130.0,pre_swap,swap_proximal,True,GCAMP12
17,2622,8,17,200,250,80.0,130.0,pre_swap,swap_proximal,True,GCAMP12
18,2623,8,18,200,250,80.0,130.0,pre_swap,swap_proximal,False,GCAMP12
19,2624,8,19,200,250,80.0,130.0,pre_swap,swap_proximal,False,GCAMP12
20,2625,8,20,200,250,80.0,130.0,pre_swap,swap_proximal,False,GCAMP12
21,2626,8,21,200,250,80.0,130.0,pre_swap,swap_proximal,True,GCAMP12
22,2627,8,22,200,250,80.0,130.0,pre_swap,swap_proximal,False,GCAMP12
23,2628,8,23,200,250,80.0,130.0,pre_swap,swap_proximal,False,GCAMP12
24,2629,8,24,200,250,80.0,130.0,pre_swap,swap_proximal,False,GCAMP12
25,2630,8,25,200,250,80.0,130.0,pre_swap,swap_proximal,False,GCAMP12
26,2631,8,26,200,250,80.0,130.0,pre_swap,swap_proximal,False,GCAMP12
27,2632,8,27,200,250,80.0,130.0,pre_swap,swap_proximal,False,GCAMP12
28,2633,8,28,200,250,80.0,130.0,pre_swap,swap_proximal,False,GCAMP12
29,2634,8,29,200,250,80.0,130.0,pre_swap,swap_proximal,True,GCAMP12
30,2635,8,30,80,130,200.0,250.0,post_swap,swap_proximal,False,GCAMP12
31,2636,8,31,80,130,200.0,250.0,post_swap,swap_proximal,False,GCAMP12
32,2637,8,32,80,130,200.0,250.0,post_swap,swap_proximal,False,GCAMP12
33,2638,8,33,80,130,200.0,250.0,post_swap,swap_proximal,False,GCAMP12
34,2639,8,34,80,130,200.0,250.0,post_swap,swap_proximal,True,GCAMP12
35,2640,8,35,80,130,200.0,250.0,post_swap,swap_proximal,False,GCAMP12
36,2641,8,36,80,130,200.0,250.0,post_swap,swap_proximal,False,GCAMP12
37,2642,8,37,80,130,200.0,250.0,post_swap,swap_proximal,False,GCAMP12
38,2643,8,38,80,130,200.0,250.0,post_swap,swap_proximal,False,GCAMP12
39,2644,8,39,80,130,200.0,250.0,post_swap,swap_proximal,True,GCAMP12
40,2645,8,40,80,130,200.0,250.0,post_swap,swap_proximal,False,GCAMP12
41,2646,8,41,80,130,200.0,250.0,post_swap,swap_proximal,False,GCAMP12
42,2647,8,42,80,130,200.0,250.0,post_swap,swap_proximal,False,GCAMP12
43,2648,8,43,80,130,200.0,250.0,post_swap,swap_proximal,False,GCAMP12
44,2649,8,44,80,130,200.0,250.0,post_swap,swap_proximal,False,GCAMP12
45,2650,8,45,80,130,200.0,250.0,post_swap,swap_proximal,False,GCAMP12
46,2651,8,46,80,130,200.0,250.0,post_swap,swap_proximal,True,GCAMP12
47,2652,8,47,80,130,200.0,250.0,post_swap,swap_proximal,False,GCAMP12
48,2653,8,48,80,130,200.0,250.0,post_swap,swap_proximal,True,GCAMP12
49,2654,8,49,80,130,200.0,250.0,post_swap,swap_proximal,True,GCAMP12
50,2655,8,50,80,130,200.0,250.0,post_swap,swap_proximal,False,GCAMP12
51,2656,8,51,80,130,200.0,250.0,post_swap,swap_proximal,False,GCAMP12
52,2657,8,52,80,130,200.0,250.0,post_swap,swap_proximal,False,GCAMP12
53,2658,8,53,80,130,200.0,250.0,post_swap,swap_proximal,False,GCAMP12
54,2659,8,54,80,130,200.0,250.0,post_swap,swap_proximal,False,GCAMP12
55,2660,8,55,80,130,200.0,250.0,post_swap,swap_proximal,False,GCAMP12
56,2661,8,56,80,130,200.0,250.0,post_swap,swap_proximal,False,GCAMP12
57,2662,8,57,80,130,200.0,250.0,post_swap,swap_proximal,False,GCAMP12
58,2663,8,58,80,130,200.0,250.0,post_swap,swap_proximal,False,GCAMP12
59,2664,8,59,80,130,200.0,250.0,post_swap,swap_proximal,True,GCAMP12
60,2665,8,60,80,130,200.0,250.0,post_swap,swap_proximal,True,GCAMP12
61,2666,8,61,80,130,200.0,250.0,post_swap,swap_proximal,False,GCAMP12
62,2667,8,62,80,130,200.0,250.0,post_swap,swap_proximal,False,GCAMP12
63,2668,8,63,80,130,200.0,250.0,post_swap,swap_proximal,False,GCAMP12
64,2669,8,64,80,130,200.0,250.0,post_swap,swap_proximal,False,GCAMP12
65,2670,8,65,80,130,200.0,250.0,post_swap,swap_proximal,False,GCAMP12
66,2671,8,66,80,130,200.0,250.0,post_swap,swap_proximal,False,GCAMP12
67,2672,8,67,80,130,200.0,250.0,post_swap,swap_proximal,False,GCAMP12
68,2673,8,68,80,130,200.0,250.0,post_swap,swap_proximal,False,GCAMP12
69,2674,8,69,80,130,200.0,250.0,post_swap,swap_proximal,False,GCAMP12
70,2675,8,70,80,130,200.0,250.0,post_swap,swap_proximal,False,GCAMP12
71,2676,8,71,80,130,200.0,250.0,post_swap,swap_proximal,False,GCAMP12
72,2677,8,72,80,130,200.0,250.0,post_swap,swap_proximal,False,GCAMP12
73,2678,8,73,80,130,200.0,250.0,post_swap,swap_proximal,True,GCAMP12
74,2679,8,74,80,130,200.0,250.0,post_swap,swap_proximal,False,GCAMP12
75,2680,8,75,80,130,200.0,250.0,post_swap,swap_proximal,False,GCAMP12
76,2681,8,76,80,130,200.0,250.0,post_swap,swap_proximal,True,GCAMP12
77,2682,8,77,80,130,200.0,250.0,post_swap,swap_proximal,False,GCAMP12
78,2683,8,78,80,130,200.0,250.0,post_swap,swap_proximal,True,GCAMP12
79,2684,8,79,80,130,200.0,250.0,post_swap,swap_proximal,False,GCAMP12
0,2685,10,0,80,130,320.0,370.0,pre_swap,swap_distal,False,GCAMP12
1,2686,10,1,80,130,320.0,370.0,pre_swap,swap_distal,False,GCAMP12
2,2687,10,2,80,130,320.0,370.0,pre_swap,swap_distal,False,GCAMP12
3,2688,10,3,80,130,320.0,370.0,pre_swap,swap_distal,True,GCAMP12
4,2689,10,4,80,130,320.0,370.0,pre_swap,swap_distal,False,GCAMP12
5,2690,10,5,80,130,320.0,370.0,pre_swap,swap_distal,False,GCAMP12
6,2691,10,6,80,130,320.0,370.0,pre_swap,swap_distal,True,GCAMP12
7,2692,10,7,80,130,320.0,370.0,pre_swap,swap_distal,True,GCAMP12
8,2693,10,8,80,130,320.0,370.0,pre_swap,swap_distal,False,GCAMP12
9,2694,10,9,80,130,320.0,370.0,pre_swap,swap_distal,False,GCAMP12
10,2695,10,10,80,130,320.0,370.0,pre_swap,swap_distal,False,GCAMP12
11,2696,10,11,80,130,320.0,370.0,pre_swap,swap_distal,False,GCAMP12
12,2697,10,12,80,130,320.0,370.0,pre_swap,swap_distal,False,GCAMP12
13,2698,10,13,80,130,320.0,370.0,pre_swap,swap_distal,False,GCAMP12
14,2699,10,14,80,130,320.0,370.0,pre_swap,swap_distal,False,GCAMP12
15,2700,10,15,80,130,320.0,370.0,pre_swap,swap_distal,False,GCAMP12
16,2701,10,16,80,130,320.0,370.0,pre_swap,swap_distal,True,GCAMP12
17,2702,10,17,80,130,320.0,370.0,pre_swap,swap_distal,True,GCAMP12
18,2703,10,18,80,130,320.0,370.0,pre_swap,swap_distal,False,GCAMP12
19,2704,10,19,80,130,320.0,370.0,pre_swap,swap_distal,True,GCAMP12
20,2705,10,20,80,130,320.0,370.0,pre_swap,swap_distal,False,GCAMP12
21,2706,10,21,80,130,320.0,370.0,pre_swap,swap_distal,False,GCAMP12
22,2707,10,22,80,130,320.0,370.0,pre_swap,swap_distal,False,GCAMP12
23,2708,10,23,80,130,320.0,370.0,pre_swap,swap_distal,False,GCAMP12
24,2709,10,24,80,130,320.0,370.0,pre_swap,swap_distal,False,GCAMP12
25,2710,10,25,80,130,320.0,370.0,pre_swap,swap_distal,True,GCAMP12
26,2711,10,26,80,130,320.0,370.0,pre_swap,swap_distal,False,GCAMP12
27,2712,10,27,80,130,320.0,370.0,pre_swap,swap_distal,False,GCAMP12
28,2713,10,28,80,130,320.0,370.0,pre_swap,swap_distal,False,GCAMP12
29,2714,10,29,80,130,320.0,370.0,pre_swap,swap_distal,False,GCAMP12
30,2715,10,30,320,370,80.0,130.0,post_swap,swap_distal,False,GCAMP12
31,2716,10,31,320,370,80.0,130.0,post_swap,swap_distal,False,GCAMP12
32,2717,10,32,320,370,80.0,130.0,post_swap,swap_distal,False,GCAMP12
33,2718,10,33,320,370,80.0,130.0,post_swap,swap_distal,False,GCAMP12
34,2719,10,34,320,370,80.0,130.0,post_swap,swap_distal,False,GCAMP12
35,2720,10,35,320,370,80.0,130.0,post_swap,swap_distal,False,GCAMP12
36,2721,10,36,320,370,80.0,130.0,post_swap,swap_distal,False,GCAMP12
37,2722,10,37,320,370,80.0,130.0,post_swap,swap_distal,False,GCAMP12
38,2723,10,38,320,370,80.0,130.0,post_swap,swap_distal,True,GCAMP12
39,2724,10,39,320,370,80.0,130.0,post_swap,swap_distal,False,GCAMP12
40,2725,10,40,320,370,80.0,130.0,post_swap,swap_distal,False,GCAMP12
41,2726,10,41,320,370,80.0,130.0,post_swap,swap_distal,True,GCAMP12
42,2727,10,42,320,370,80.0,130.0,post_swap,swap_distal,False,GCAMP12
43,2728,10,43,320,370,80.0,130.0,post_swap,swap_distal,False,GCAMP12
44,2729,10,44,320,370,80.0,130.0,post_swap,swap_distal,False,GCAMP12
45,2730,10,45,320,370,80.0,130.0,post_swap,swap_distal,False,GCAMP12
46,2731,10,46,320,370,80.0,130.0,post_swap,swap_distal,True,GCAMP12
47,2732,10,47,320,370,80.0,130.0,post_swap,swap_distal,False,GCAMP12
48,2733,10,48,320,370,80.0,130.0,post_swap,swap_distal,False,GCAMP12
49,2734,10,49,320,370,80.0,130.0,post_swap,swap_distal,False,GCAMP12
50,2735,10,50,320,370,80.0,130.0,post_swap,swap_distal,True,GCAMP12
51,2736,10,51,320,370,80.0,130.0,post_swap,swap_distal,False,GCAMP12
52,2737,10,52,320,370,80.0,130.0,post_swap,swap_distal,True,GCAMP12
53,2738,10,53,320,370,80.0,130.0,post_swap,swap_distal,False,GCAMP12
54,2739,10,54,320,370,80.0,130.0,post_swap,swap_distal,False,GCAMP12
55,2740,10,55,320,370,80.0,130.0,post_swap,swap_distal,False,GCAMP12
56,2741,10,56,320,370,80.0,130.0,post_swap,swap_distal,False,GCAMP12
57,2742,10,57,320,370,80.0,130.0,post_swap,swap_distal,False,GCAMP12
58,2743,10,58,320,370,80.0,130.0,post_swap,swap_distal,True,GCAMP12
59,2744,10,59,320,370,80.0,130.0,post_swap,swap_distal,False,GCAMP12
60,2745,10,60,320,370,80.0,130.0,post_swap,swap_distal,True,GCAMP12
61,2746,10,61,320,370,80.0,130.0,post_swap,swap_distal,False,GCAMP12
62,2747,10,62,320,370,80.0,130.0,post_swap,swap_distal,False,GCAMP12
63,2748,10,63,320,370,80.0,130.0,post_swap,swap_distal,False,GCAMP12
64,2749,10,64,320,370,80.0,130.0,post_swap,swap_distal,False,GCAMP12
65,2750,10,65,320,370,80.0,130.0,post_swap,swap_distal,True,GCAMP12
66,2751,10,66,320,370,80.0,130.0,post_swap,swap_distal,False,GCAMP12
67,2752,10,67,320,370,80.0,130.0,post_swap,swap_distal,False,GCAMP12
68,2753,10,68,320,370,80.0,130.0,post_swap,swap_distal,False,GCAMP12
69,2754,10,69,320,370,80.0,130.0,post_swap,swap_distal,False,GCAMP12
70,2755,10,70,320,370,80.0,130.0,post_swap,swap_distal,False,GCAMP12
71,2756,10,71,320,370,80.0,130.0,post_swap,swap_distal,False,GCAMP12
72,2757,10,72,320,370,80.0,130.0,post_swap,swap_distal,False,GCAMP12
74,2759,10,74,320,370,80.0,130.0,post_swap,swap_distal,False,GCAMP12
75,2760,10,75,320,370,80.0,130.0,post_swap,swap_distal,True,GCAMP12
76,2761,10,76,320,370,80.0,130.0,post_swap,swap_distal,True,GCAMP12
77,2762,10,77,320,370,80.0,130.0,post_swap,swap_distal,False,GCAMP12
78,2763,10,78,320,370,80.0,130.0,post_swap,swap_distal,True,GCAMP12
79,2764,10,79,320,370,80.0,130.0,post_swap,swap_distal,False,GCAMP12
0,2765,12,0,320,370,200.0,250.0,pre_swap,swap_proximal,False,GCAMP12
1,2766,12,1,320,370,200.0,250.0,pre_swap,swap_proximal,True,GCAMP12
2,2767,12,2,320,370,200.0,250.0,pre_swap,swap_proximal,False,GCAMP12
3,2768,12,3,320,370,200.0,250.0,pre_swap,swap_proximal,False,GCAMP12
4,2769,12,4,320,370,200.0,250.0,pre_swap,swap_proximal,False,GCAMP12
5,2770,12,5,320,370,200.0,250.0,pre_swap,swap_proximal,True,GCAMP12
6,2771,12,6,320,370,200.0,250.0,pre_swap,swap_proximal,False,GCAMP12
7,2772,12,7,320,370,200.0,250.0,pre_swap,swap_proximal,False,GCAMP12
8,2773,12,8,320,370,200.0,250.0,pre_swap,swap_proximal,True,GCAMP12
9,2774,12,9,320,370,200.0,250.0,pre_swap,swap_proximal,True,GCAMP12
10,2775,12,10,320,370,200.0,250.0,pre_swap,swap_proximal,False,GCAMP12
11,2776,12,11,320,370,200.0,250.0,pre_swap,swap_proximal,False,GCAMP12
12,2777,12,12,320,370,200.0,250.0,pre_swap,swap_proximal,False,GCAMP12
13,2778,12,13,320,370,200.0,250.0,pre_swap,swap_proximal,False,GCAMP12
14,2779,12,14,320,370,200.0,250.0,pre_swap,swap_proximal,False,GCAMP12
15,2780,12,15,320,370,200.0,250.0,pre_swap,swap_proximal,True,GCAMP12
16,2781,12,16,320,370,200.0,250.0,pre_swap,swap_proximal,False,GCAMP12
17,2782,12,17,320,370,200.0,250.0,pre_swap,swap_proximal,False,GCAMP12
18,2783,12,18,320,370,200.0,250.0,pre_swap,swap_proximal,False,GCAMP12
19,2784,12,19,320,370,200.0,250.0,pre_swap,swap_proximal,False,GCAMP12
20,2785,12,20,320,370,200.0,250.0,pre_swap,swap_proximal,False,GCAMP12
21,2786,12,21,320,370,200.0,250.0,pre_swap,swap_proximal,False,GCAMP12
22,2787,12,22,320,370,200.0,250.0,pre_swap,swap_proximal,False,GCAMP12
23,2788,12,23,320,370,200.0,250.0,pre_swap,swap_proximal,False,GCAMP12
24,2789,12,24,320,370,200.0,250.0,pre_swap,swap_proximal,True,GCAMP12
25,2790,12,25,320,370,200.0,250.0,pre_swap,swap_proximal,False,GCAMP12
26,2791,12,26,320,370,200.0,250.0,pre_swap,swap_proximal,False,GCAMP12
27,2792,12,27,320,370,200.0,250.0,pre_swap,swap_proximal,False,GCAMP12
28,2793,12,28,320,370,200.0,250.0,pre_swap,swap_proximal,False,GCAMP12
29,2794,12,29,320,370,200.0,250.0,pre_swap,swap_proximal,False,GCAMP12
30,2795,12,30,200,250,320.0,370.0,post_swap,swap_proximal,True,GCAMP12
31,2796,12,31,200,250,320.0,370.0,post_swap,swap_proximal,False,GCAMP12
32,2797,12,32,200,250,320.0,370.0,post_swap,swap_proximal,False,GCAMP12
33,2798,12,33,200,250,320.0,370.0,post_swap,swap_proximal,False,GCAMP12
34,2799,12,34,200,250,320.0,370.0,post_swap,swap_proximal,False,GCAMP12
35,2800,12,35,200,250,320.0,370.0,post_swap,swap_proximal,False,GCAMP12
36,2801,12,36,200,250,320.0,370.0,post_swap,swap_proximal,True,GCAMP12
37,2802,12,37,200,250,320.0,370.0,post_swap,swap_proximal,False,GCAMP12
38,2803,12,38,200,250,320.0,370.0,post_swap,swap_proximal,False,GCAMP12
39,2804,12,39,200,250,320.0,370.0,post_swap,swap_proximal,False,GCAMP12
40,2805,12,40,200,250,320.0,370.0,post_swap,swap_proximal,False,GCAMP12
41,2806,12,41,200,250,320.0,370.0,post_swap,swap_proximal,False,GCAMP12
42,2807,12,42,200,250,320.0,370.0,post_swap,swap_proximal,False,GCAMP12
43,2808,12,43,200,250,320.0,370.0,post_swap,swap_proximal,False,GCAMP12
44,2809,12,44,200,250,320.0,370.0,post_swap,swap_proximal,False,GCAMP12
45,2810,12,45,200,250,320.0,370.0,post_swap,swap_proximal,False,GCAMP12
46,2811,12,46,200,250,320.0,370.0,post_swap,swap_proximal,False,GCAMP12
47,2812,12,47,200,250,320.0,370.0,post_swap,swap_proximal,True,GCAMP12
48,2813,12,48,200,250,320.0,370.0,post_swap,swap_proximal,False,GCAMP12
49,2814,12,49,200,250,320.0,370.0,post_swap,swap_proximal,False,GCAMP12
50,2815,12,50,200,250,320.0,370.0,post_swap,swap_proximal,False,GCAMP12
51,2816,12,51,200,250,320.0,370.0,post_swap,swap_proximal,True,GCAMP12
52,2817,12,52,200,250,320.0,370.0,post_swap,swap_proximal,False,GCAMP12
53,2818,12,53,200,250,320.0,370.0,post_swap,swap_proximal,False,GCAMP12
54,2819,12,54,200,250,320.0,370.0,post_swap,swap_proximal,False,GCAMP12
55,2820,12,55,200,250,320.0,370.0,post_swap,swap_proximal,False,GCAMP12
56,2821,12,56,200,250,320.0,370.0,post_swap,swap_proximal,False,GCAMP12
57,2822,12,57,200,250,320.0,370.0,post_swap,swap_proximal,False,GCAMP12
58,2823,12,58,200,250,320.0,370.0,post_swap,swap_proximal,False,GCAMP12
59,2824,12,59,200,250,320.0,370.0,post_swap,swap_proximal,False,GCAMP12
60,2825,12,60,200,250,320.0,370.0,post_swap,swap_proximal,False,GCAMP12
61,2826,12,61,200,250,320.0,370.0,post_swap,swap_proximal,False,GCAMP12
62,2827,12,62,200,250,320.0,370.0,post_swap,swap_proximal,False,GCAMP12
63,2828,12,63,200,250,320.0,370.0,post_swap,swap_proximal,False,GCAMP12
64,2829,12,64,200,250,320.0,370.0,post_swap,swap_proximal,False,GCAMP12
65,2830,12,65,200,250,320.0,370.0,post_swap,swap_proximal,False,GCAMP12
66,2831,12,66,200,250,320.0,370.0,post_swap,swap_proximal,False,GCAMP12
67,2832,12,67,200,250,320.0,370.0,post_swap,swap_proximal,False,GCAMP12
68,2833,12,68,200,250,320.0,370.0,post_swap,swap_proximal,False,GCAMP12
69,2834,12,69,200,250,320.0,370.0,post_swap,swap_proximal,False,GCAMP12
70,2835,12,70,200,250,320.0,370.0,post_swap,swap_proximal,True,GCAMP12
71,2836,12,71,200,250,320.0,370.0,post_swap,swap_proximal,True,GCAMP12
72,2837,12,72,200,250,320.0,370.0,post_swap,swap_proximal,False,GCAMP12
73,2838,12,73,200,250,320.0,370.0,post_swap,swap_proximal,False,GCAMP12
74,2839,12,74,200,250,320.0,370.0,post_swap,swap_proximal,False,GCAMP12
75,2840,12,75,200,250,320.0,370.0,post_swap,swap_proximal,False,GCAMP12
76,2841,12,76,200,250,320.0,370.0,post_swap,swap_proximal,False,GCAMP12
77,2842,12,77,200,250,320.0,370.0,post_swap,swap_proximal,False,GCAMP12
78,2843,12,78,200,250,320.0,370.0,post_swap,swap_proximal,False,GCAMP12
79,2844,12,79,200,250,320.0,370.0,post_swap,swap_proximal,False,GCAMP12
0,2845,14,0,200,250,80.0,130.0,pre_swap,swap_proximal,False,GCAMP12
1,2846,14,1,200,250,80.0,130.0,pre_swap,swap_proximal,False,GCAMP12
2,2847,14,2,200,250,80.0,130.0,pre_swap,swap_proximal,False,GCAMP12
3,2848,14,3,200,250,80.0,130.0,pre_swap,swap_proximal,True,GCAMP12
4,2849,14,4,200,250,80.0,130.0,pre_swap,swap_proximal,False,GCAMP12
5,2850,14,5,200,250,80.0,130.0,pre_swap,swap_proximal,True,GCAMP12
6,2851,14,6,200,250,80.0,130.0,pre_swap,swap_proximal,False,GCAMP12
7,2852,14,7,200,250,80.0,130.0,pre_swap,swap_proximal,True,GCAMP12
8,2853,14,8,200,250,80.0,130.0,pre_swap,swap_proximal,False,GCAMP12
9,2854,14,9,200,250,80.0,130.0,pre_swap,swap_proximal,False,GCAMP12
10,2855,14,10,200,250,80.0,130.0,pre_swap,swap_proximal,False,GCAMP12
11,2856,14,11,200,250,80.0,130.0,pre_swap,swap_proximal,False,GCAMP12
12,2857,14,12,200,250,80.0,130.0,pre_swap,swap_proximal,True,GCAMP12
13,2858,14,13,200,250,80.0,130.0,pre_swap,swap_proximal,False,GCAMP12
14,2859,14,14,200,250,80.0,130.0,pre_swap,swap_proximal,False,GCAMP12
15,2860,14,15,200,250,80.0,130.0,pre_swap,swap_proximal,False,GCAMP12
16,2861,14,16,200,250,80.0,130.0,pre_swap,swap_proximal,False,GCAMP12
17,2862,14,17,200,250,80.0,130.0,pre_swap,swap_proximal,False,GCAMP12
18,2863,14,18,200,250,80.0,130.0,pre_swap,swap_proximal,False,GCAMP12
19,2864,14,19,200,250,80.0,130.0,pre_swap,swap_proximal,False,GCAMP12
20,2865,14,20,200,250,80.0,130.0,pre_swap,swap_proximal,False,GCAMP12
21,2866,14,21,200,250,80.0,130.0,pre_swap,swap_proximal,False,GCAMP12
22,2867,14,22,200,250,80.0,130.0,pre_swap,swap_proximal,False,GCAMP12
23,2868,14,23,200,250,80.0,130.0,pre_swap,swap_proximal,False,GCAMP12
24,2869,14,24,200,250,80.0,130.0,pre_swap,swap_proximal,False,GCAMP12
25,2870,14,25,200,250,80.0,130.0,pre_swap,swap_proximal,True,GCAMP12
26,2871,14,26,200,250,80.0,130.0,pre_swap,swap_proximal,False,GCAMP12
27,2872,14,27,200,250,80.0,130.0,pre_swap,swap_proximal,False,GCAMP12
28,2873,14,28,200,250,80.0,130.0,pre_swap,swap_proximal,True,GCAMP12
29,2874,14,29,200,250,80.0,130.0,pre_swap,swap_proximal,False,GCAMP12
30,2875,14,30,80,130,200.0,250.0,post_swap,swap_proximal,False,GCAMP12
31,2876,14,31,80,130,200.0,250.0,post_swap,swap_proximal,True,GCAMP12
32,2877,14,32,80,130,200.0,250.0,post_swap,swap_proximal,False,GCAMP12
33,2878,14,33,80,130,200.0,250.0,post_swap,swap_proximal,True,GCAMP12
34,2879,14,34,80,130,200.0,250.0,post_swap,swap_proximal,False,GCAMP12
35,2880,14,35,80,130,200.0,250.0,post_swap,swap_proximal,False,GCAMP12
36,2881,14,36,80,130,200.0,250.0,post_swap,swap_proximal,False,GCAMP12
37,2882,14,37,80,130,200.0,250.0,post_swap,swap_proximal,True,GCAMP12
38,2883,14,38,80,130,200.0,250.0,post_swap,swap_proximal,False,GCAMP12
39,2884,14,39,80,130,200.0,250.0,post_swap,swap_proximal,False,GCAMP12
40,2885,14,40,80,130,200.0,250.0,post_swap,swap_proximal,False,GCAMP12
41,2886,14,41,80,130,200.0,250.0,post_swap,swap_proximal,False,GCAMP12
42,2887,14,42,80,130,200.0,250.0,post_swap,swap_proximal,False,GCAMP12
43,2888,14,43,80,130,200.0,250.0,post_swap,swap_proximal,False,GCAMP12
44,2889,14,44,80,130,200.0,250.0,post_swap,swap_proximal,False,GCAMP12
45,2890,14,45,80,130,200.0,250.0,post_swap,swap_proximal,False,GCAMP12
46,2891,14,46,80,130,200.0,250.0,post_swap,swap_proximal,False,GCAMP12
47,2892,14,47,80,130,200.0,250.0,post_swap,swap_proximal,False,GCAMP12
48,2893,14,48,80,130,200.0,250.0,post_swap,swap_proximal,False,GCAMP12
49,2894,14,49,80,130,200.0,250.0,post_swap,swap_proximal,False,GCAMP12
50,2895,14,50,80,130,200.0,250.0,post_swap,swap_proximal,False,GCAMP12
51,2896,14,51,80,130,200.0,250.0,post_swap,swap_proximal,False,GCAMP12
52,2897,14,52,80,130,200.0,250.0,post_swap,swap_proximal,False,GCAMP12
53,2898,14,53,80,130,200.0,250.0,post_swap,swap_proximal,False,GCAMP12
54,2899,14,54,80,130,200.0,250.0,post_swap,swap_proximal,True,GCAMP12
55,2900,14,55,80,130,200.0,250.0,post_swap,swap_proximal,False,GCAMP12
56,2901,14,56,80,130,200.0,250.0,post_swap,swap_proximal,False,GCAMP12
57,2902,14,57,80,130,200.0,250.0,post_swap,swap_proximal,False,GCAMP12
58,2903,14,58,80,130,200.0,250.0,post_swap,swap_proximal,False,GCAMP12
59,2904,14,59,80,130,200.0,250.0,post_swap,swap_proximal,True,GCAMP12
60,2905,14,60,80,130,200.0,250.0,post_swap,swap_proximal,False,GCAMP12
61,2906,14,61,80,130,200.0,250.0,post_swap,swap_proximal,False,GCAMP12
62,2907,14,62,80,130,200.0,250.0,post_swap,swap_proximal,False,GCAMP12
63,2908,14,63,80,130,200.0,250.0,post_swap,swap_proximal,False,GCAMP12
64,2909,14,64,80,130,200.0,250.0,post_swap,swap_proximal,False,GCAMP12
65,2910,14,65,80,130,200.0,250.0,post_swap,swap_proximal,False,GCAMP12
66,2911,14,66,80,130,200.0,250.0,post_swap,swap_proximal,False,GCAMP12
67,2912,14,67,80,130,200.0,250.0,post_swap,swap_proximal,False,GCAMP12
68,2913,14,68,80,130,200.0,250.0,post_swap,swap_proximal,False,GCAMP12
69,2914,14,69,80,130,200.0,250.0,post_swap,swap_proximal,False,GCAMP12
70,2915,14,70,80,130,200.0,250.0,post_swap,swap_proximal,False,GCAMP12
71,2916,14,71,80,130,200.0,250.0,post_swap,swap_proximal,False,GCAMP12
72,2917,14,72,80,130,200.0,250.0,post_swap,swap_proximal,False,GCAMP12
73,2918,14,73,80,130,200.0,250.0,post_swap,swap_proximal,False,GCAMP12
74,2919,14,74,80,130,200.0,250.0,post_swap,swap_proximal,False,GCAMP12
75,2920,14,75,80,130,200.0,250.0,post_swap,swap_proximal,False,GCAMP12
76,2921,14,76,80,130,200.0,250.0,post_swap,swap_proximal,False,GCAMP12
77,2922,14,77,80,130,200.0,250.0,post_swap,swap_proximal,False,GCAMP12
78,2923,14,78,80,130,200.0,250.0,post_swap,swap_proximal,False,GCAMP12
79,2924,14,79,80,130,200.0,250.0,post_swap,swap_proximal,True,GCAMP12
0,2925,3,0,320,370,200.0,250.0,pre_swap,swap_proximal,True,GCAMP13
1,2926,3,1,320,370,200.0,250.0,pre_swap,swap_proximal,False,GCAMP13
2,2927,3,2,320,370,200.0,250.0,pre_swap,swap_proximal,False,GCAMP13
3,2928,3,3,320,370,200.0,250.0,pre_swap,swap_proximal,False,GCAMP13
4,2929,3,4,320,370,200.0,250.0,pre_swap,swap_proximal,True,GCAMP13
5,2930,3,5,320,370,200.0,250.0,pre_swap,swap_proximal,False,GCAMP13
6,2931,3,6,320,370,200.0,250.0,pre_swap,swap_proximal,False,GCAMP13
7,2932,3,7,320,370,200.0,250.0,pre_swap,swap_proximal,False,GCAMP13
8,2933,3,8,320,370,200.0,250.0,pre_swap,swap_proximal,False,GCAMP13
9,2934,3,9,320,370,200.0,250.0,pre_swap,swap_proximal,False,GCAMP13
10,2935,3,10,320,370,200.0,250.0,pre_swap,swap_proximal,False,GCAMP13
11,2936,3,11,320,370,200.0,250.0,pre_swap,swap_proximal,False,GCAMP13
12,2937,3,12,320,370,200.0,250.0,pre_swap,swap_proximal,False,GCAMP13
13,2938,3,13,320,370,200.0,250.0,pre_swap,swap_proximal,False,GCAMP13
14,2939,3,14,320,370,200.0,250.0,pre_swap,swap_proximal,True,GCAMP13
15,2940,3,15,320,370,200.0,250.0,pre_swap,swap_proximal,False,GCAMP13
16,2941,3,16,320,370,200.0,250.0,pre_swap,swap_proximal,False,GCAMP13
17,2942,3,17,320,370,200.0,250.0,pre_swap,swap_proximal,False,GCAMP13
18,2943,3,18,320,370,200.0,250.0,pre_swap,swap_proximal,False,GCAMP13
19,2944,3,19,320,370,200.0,250.0,pre_swap,swap_proximal,False,GCAMP13
20,2945,3,20,320,370,200.0,250.0,pre_swap,swap_proximal,False,GCAMP13
21,2946,3,21,320,370,200.0,250.0,pre_swap,swap_proximal,False,GCAMP13
22,2947,3,22,320,370,200.0,250.0,pre_swap,swap_proximal,False,GCAMP13
23,2948,3,23,320,370,200.0,250.0,pre_swap,swap_proximal,False,GCAMP13
24,2949,3,24,320,370,200.0,250.0,pre_swap,swap_proximal,False,GCAMP13
25,2950,3,25,320,370,200.0,250.0,pre_swap,swap_proximal,True,GCAMP13
26,2951,3,26,320,370,200.0,250.0,pre_swap,swap_proximal,False,GCAMP13
27,2952,3,27,320,370,200.0,250.0,pre_swap,swap_proximal,False,GCAMP13
28,2953,3,28,320,370,200.0,250.0,pre_swap,swap_proximal,False,GCAMP13
29,2954,3,29,320,370,200.0,250.0,pre_swap,swap_proximal,False,GCAMP13
30,2955,3,30,200,250,320.0,370.0,post_swap,swap_proximal,True,GCAMP13
31,2956,3,31,200,250,320.0,370.0,post_swap,swap_proximal,False,GCAMP13
32,2957,3,32,200,250,320.0,370.0,post_swap,swap_proximal,False,GCAMP13
33,2958,3,33,200,250,320.0,370.0,post_swap,swap_proximal,True,GCAMP13
34,2959,3,34,200,250,320.0,370.0,post_swap,swap_proximal,True,GCAMP13
35,2960,3,35,200,250,320.0,370.0,post_swap,swap_proximal,False,GCAMP13
36,2961,3,36,200,250,320.0,370.0,post_swap,swap_proximal,False,GCAMP13
37,2962,3,37,200,250,320.0,370.0,post_swap,swap_proximal,False,GCAMP13
38,2963,3,38,200,250,320.0,370.0,post_swap,swap_proximal,False,GCAMP13
39,2964,3,39,200,250,320.0,370.0,post_swap,swap_proximal,False,GCAMP13
40,2965,3,40,200,250,320.0,370.0,post_swap,swap_proximal,False,GCAMP13
41,2966,3,41,200,250,320.0,370.0,post_swap,swap_proximal,True,GCAMP13
42,2967,3,42,200,250,320.0,370.0,post_swap,swap_proximal,False,GCAMP13
43,2968,3,43,200,250,320.0,370.0,post_swap,swap_proximal,False,GCAMP13
44,2969,3,44,200,250,320.0,370.0,post_swap,swap_proximal,True,GCAMP13
45,2970,3,45,200,250,320.0,370.0,post_swap,swap_proximal,False,GCAMP13
46,2971,3,46,200,250,320.0,370.0,post_swap,swap_proximal,False,GCAMP13
47,2972,3,47,200,250,320.0,370.0,post_swap,swap_proximal,False,GCAMP13
48,2973,3,48,200,250,320.0,370.0,post_swap,swap_proximal,False,GCAMP13
49,2974,3,49,200,250,320.0,370.0,post_swap,swap_proximal,False,GCAMP13
50,2975,3,50,200,250,320.0,370.0,post_swap,swap_proximal,False,GCAMP13
51,2976,3,51,200,250,320.0,370.0,post_swap,swap_proximal,True,GCAMP13
52,2977,3,52,200,250,320.0,370.0,post_swap,swap_proximal,False,GCAMP13
53,2978,3,53,200,250,320.0,370.0,post_swap,swap_proximal,False,GCAMP13
54,2979,3,54,200,250,320.0,370.0,post_swap,swap_proximal,True,GCAMP13
55,2980,3,55,200,250,320.0,370.0,post_swap,swap_proximal,False,GCAMP13
56,2981,3,56,200,250,320.0,370.0,post_swap,swap_proximal,False,GCAMP13
57,2982,3,57,200,250,320.0,370.0,post_swap,swap_proximal,False,GCAMP13
58,2983,3,58,200,250,320.0,370.0,post_swap,swap_proximal,False,GCAMP13
59,2984,3,59,200,250,320.0,370.0,post_swap,swap_proximal,False,GCAMP13
60,2985,3,60,200,250,320.0,370.0,post_swap,swap_proximal,False,GCAMP13
61,2986,3,61,200,250,320.0,370.0,post_swap,swap_proximal,False,GCAMP13
62,2987,3,62,200,250,320.0,370.0,post_swap,swap_proximal,False,GCAMP13
63,2988,3,63,200,250,320.0,370.0,post_swap,swap_proximal,False,GCAMP13
64,2989,3,64,200,250,320.0,370.0,post_swap,swap_proximal,False,GCAMP13
65,2990,3,65,200,250,320.0,370.0,post_swap,swap_proximal,False,GCAMP13
66,2991,3,66,200,250,320.0,370.0,post_swap,swap_proximal,False,GCAMP13
67,2992,3,67,200,250,320.0,370.0,post_swap,swap_proximal,True,GCAMP13
68,2993,3,68,200,250,320.0,370.0,post_swap,swap_proximal,False,GCAMP13
69,2994,3,69,200,250,320.0,370.0,post_swap,swap_proximal,False,GCAMP13
70,2995,3,70,200,250,320.0,370.0,post_swap,swap_proximal,False,GCAMP13
71,2996,3,71,200,250,320.0,370.0,post_swap,swap_proximal,False,GCAMP13
72,2997,3,72,200,250,320.0,370.0,post_swap,swap_proximal,False,GCAMP13
73,2998,3,73,200,250,320.0,370.0,post_swap,swap_proximal,False,GCAMP13
74,2999,3,74,200,250,320.0,370.0,post_swap,swap_proximal,False,GCAMP13
75,3000,3,75,200,250,320.0,370.0,post_swap,swap_proximal,True,GCAMP13
76,3001,3,76,200,250,320.0,370.0,post_swap,swap_proximal,False,GCAMP13
77,3002,3,77,200,250,320.0,370.0,post_swap,swap_proximal,False,GCAMP13
78,3003,3,78,200,250,320.0,370.0,post_swap,swap_proximal,False,GCAMP13
79,3004,3,79,200,250,320.0,370.0,post_swap,swap_proximal,False,GCAMP13
0,3005,5,0,200,250,80.0,130.0,pre_swap,swap_proximal,False,GCAMP13
1,3006,5,1,200,250,80.0,130.0,pre_swap,swap_proximal,False,GCAMP13
2,3007,5,2,200,250,80.0,130.0,pre_swap,swap_proximal,False,GCAMP13
3,3008,5,3,200,250,80.0,130.0,pre_swap,swap_proximal,False,GCAMP13
4,3009,5,4,200,250,80.0,130.0,pre_swap,swap_proximal,False,GCAMP13
5,3010,5,5,200,250,80.0,130.0,pre_swap,swap_proximal,True,GCAMP13
6,3011,5,6,200,250,80.0,130.0,pre_swap,swap_proximal,False,GCAMP13
7,3012,5,7,200,250,80.0,130.0,pre_swap,swap_proximal,False,GCAMP13
8,3013,5,8,200,250,80.0,130.0,pre_swap,swap_proximal,False,GCAMP13
9,3014,5,9,200,250,80.0,130.0,pre_swap,swap_proximal,False,GCAMP13
10,3015,5,10,200,250,80.0,130.0,pre_swap,swap_proximal,False,GCAMP13
11,3016,5,11,200,250,80.0,130.0,pre_swap,swap_proximal,False,GCAMP13
12,3017,5,12,200,250,80.0,130.0,pre_swap,swap_proximal,False,GCAMP13
13,3018,5,13,200,250,80.0,130.0,pre_swap,swap_proximal,True,GCAMP13
14,3019,5,14,200,250,80.0,130.0,pre_swap,swap_proximal,False,GCAMP13
15,3020,5,15,200,250,80.0,130.0,pre_swap,swap_proximal,False,GCAMP13
16,3021,5,16,200,250,80.0,130.0,pre_swap,swap_proximal,False,GCAMP13
17,3022,5,17,200,250,80.0,130.0,pre_swap,swap_proximal,False,GCAMP13
18,3023,5,18,200,250,80.0,130.0,pre_swap,swap_proximal,False,GCAMP13
19,3024,5,19,200,250,80.0,130.0,pre_swap,swap_proximal,False,GCAMP13
20,3025,5,20,200,250,80.0,130.0,pre_swap,swap_proximal,False,GCAMP13
21,3026,5,21,200,250,80.0,130.0,pre_swap,swap_proximal,False,GCAMP13
22,3027,5,22,200,250,80.0,130.0,pre_swap,swap_proximal,False,GCAMP13
23,3028,5,23,200,250,80.0,130.0,pre_swap,swap_proximal,False,GCAMP13
24,3029,5,24,200,250,80.0,130.0,pre_swap,swap_proximal,False,GCAMP13
25,3030,5,25,200,250,80.0,130.0,pre_swap,swap_proximal,False,GCAMP13
26,3031,5,26,200,250,80.0,130.0,pre_swap,swap_proximal,False,GCAMP13
27,3032,5,27,200,250,80.0,130.0,pre_swap,swap_proximal,False,GCAMP13
28,3033,5,28,200,250,80.0,130.0,pre_swap,swap_proximal,False,GCAMP13
29,3034,5,29,200,250,80.0,130.0,pre_swap,swap_proximal,False,GCAMP13
30,3035,5,30,80,130,200.0,250.0,post_swap,swap_proximal,True,GCAMP13
31,3036,5,31,80,130,200.0,250.0,post_swap,swap_proximal,False,GCAMP13
32,3037,5,32,80,130,200.0,250.0,post_swap,swap_proximal,False,GCAMP13
33,3038,5,33,80,130,200.0,250.0,post_swap,swap_proximal,False,GCAMP13
34,3039,5,34,80,130,200.0,250.0,post_swap,swap_proximal,False,GCAMP13
35,3040,5,35,80,130,200.0,250.0,post_swap,swap_proximal,False,GCAMP13
36,3041,5,36,80,130,200.0,250.0,post_swap,swap_proximal,True,GCAMP13
37,3042,5,37,80,130,200.0,250.0,post_swap,swap_proximal,False,GCAMP13
38,3043,5,38,80,130,200.0,250.0,post_swap,swap_proximal,False,GCAMP13
39,3044,5,39,80,130,200.0,250.0,post_swap,swap_proximal,True,GCAMP13
40,3045,5,40,80,130,200.0,250.0,post_swap,swap_proximal,True,GCAMP13
41,3046,5,41,80,130,200.0,250.0,post_swap,swap_proximal,False,GCAMP13
42,3047,5,42,80,130,200.0,250.0,post_swap,swap_proximal,False,GCAMP13
43,3048,5,43,80,130,200.0,250.0,post_swap,swap_proximal,False,GCAMP13
44,3049,5,44,80,130,200.0,250.0,post_swap,swap_proximal,False,GCAMP13
45,3050,5,45,80,130,200.0,250.0,post_swap,swap_proximal,True,GCAMP13
46,3051,5,46,80,130,200.0,250.0,post_swap,swap_proximal,False,GCAMP13
47,3052,5,47,80,130,200.0,250.0,post_swap,swap_proximal,False,GCAMP13
48,3053,5,48,80,130,200.0,250.0,post_swap,swap_proximal,False,GCAMP13
49,3054,5,49,80,130,200.0,250.0,post_swap,swap_proximal,True,GCAMP13
50,3055,5,50,80,130,200.0,250.0,post_swap,swap_proximal,False,GCAMP13
51,3056,5,51,80,130,200.0,250.0,post_swap,swap_proximal,False,GCAMP13
52,3057,5,52,80,130,200.0,250.0,post_swap,swap_proximal,False,GCAMP13
53,3058,5,53,80,130,200.0,250.0,post_swap,swap_proximal,False,GCAMP13
54,3059,5,54,80,130,200.0,250.0,post_swap,swap_proximal,True,GCAMP13
55,3060,5,55,80,130,200.0,250.0,post_swap,swap_proximal,False,GCAMP13
56,3061,5,56,80,130,200.0,250.0,post_swap,swap_proximal,False,GCAMP13
57,3062,5,57,80,130,200.0,250.0,post_swap,swap_proximal,True,GCAMP13
58,3063,5,58,80,130,200.0,250.0,post_swap,swap_proximal,False,GCAMP13
59,3064,5,59,80,130,200.0,250.0,post_swap,swap_proximal,False,GCAMP13
60,3065,5,60,80,130,200.0,250.0,post_swap,swap_proximal,True,GCAMP13
61,3066,5,61,80,130,200.0,250.0,post_swap,swap_proximal,False,GCAMP13
62,3067,5,62,80,130,200.0,250.0,post_swap,swap_proximal,False,GCAMP13
63,3068,5,63,80,130,200.0,250.0,post_swap,swap_proximal,False,GCAMP13
64,3069,5,64,80,130,200.0,250.0,post_swap,swap_proximal,False,GCAMP13
65,3070,5,65,80,130,200.0,250.0,post_swap,swap_proximal,False,GCAMP13
66,3071,5,66,80,130,200.0,250.0,post_swap,swap_proximal,False,GCAMP13
67,3072,5,67,80,130,200.0,250.0,post_swap,swap_proximal,False,GCAMP13
68,3073,5,68,80,130,200.0,250.0,post_swap,swap_proximal,False,GCAMP13
69,3074,5,69,80,130,200.0,250.0,post_swap,swap_proximal,False,GCAMP13
70,3075,5,70,80,130,200.0,250.0,post_swap,swap_proximal,False,GCAMP13
71,3076,5,71,80,130,200.0,250.0,post_swap,swap_proximal,False,GCAMP13
72,3077,5,72,80,130,200.0,250.0,post_swap,swap_proximal,False,GCAMP13
73,3078,5,73,80,130,200.0,250.0,post_swap,swap_proximal,True,GCAMP13
74,3079,5,74,80,130,200.0,250.0,post_swap,swap_proximal,False,GCAMP13
75,3080,5,75,80,130,200.0,250.0,post_swap,swap_proximal,True,GCAMP13
76,3081,5,76,80,130,200.0,250.0,post_swap,swap_proximal,False,GCAMP13
77,3082,5,77,80,130,200.0,250.0,post_swap,swap_proximal,False,GCAMP13
78,3083,5,78,80,130,200.0,250.0,post_swap,swap_proximal,False,GCAMP13
79,3084,5,79,80,130,200.0,250.0,post_swap,swap_proximal,True,GCAMP13
0,3085,7,0,80,130,320.0,370.0,pre_swap,swap_distal,False,GCAMP13
1,3086,7,1,80,130,320.0,370.0,pre_swap,swap_distal,False,GCAMP13
2,3087,7,2,80,130,320.0,370.0,pre_swap,swap_distal,False,GCAMP13
3,3088,7,3,80,130,320.0,370.0,pre_swap,swap_distal,False,GCAMP13
4,3089,7,4,80,130,320.0,370.0,pre_swap,swap_distal,False,GCAMP13
5,3090,7,5,80,130,320.0,370.0,pre_swap,swap_distal,False,GCAMP13
6,3091,7,6,80,130,320.0,370.0,pre_swap,swap_distal,False,GCAMP13
7,3092,7,7,80,130,320.0,370.0,pre_swap,swap_distal,False,GCAMP13
8,3093,7,8,80,130,320.0,370.0,pre_swap,swap_distal,True,GCAMP13
9,3094,7,9,80,130,320.0,370.0,pre_swap,swap_distal,False,GCAMP13
10,3095,7,10,80,130,320.0,370.0,pre_swap,swap_distal,False,GCAMP13
11,3096,7,11,80,130,320.0,370.0,pre_swap,swap_distal,False,GCAMP13
12,3097,7,12,80,130,320.0,370.0,pre_swap,swap_distal,False,GCAMP13
13,3098,7,13,80,130,320.0,370.0,pre_swap,swap_distal,False,GCAMP13
14,3099,7,14,80,130,320.0,370.0,pre_swap,swap_distal,False,GCAMP13
15,3100,7,15,80,130,320.0,370.0,pre_swap,swap_distal,True,GCAMP13
16,3101,7,16,80,130,320.0,370.0,pre_swap,swap_distal,True,GCAMP13
17,3102,7,17,80,130,320.0,370.0,pre_swap,swap_distal,False,GCAMP13
18,3103,7,18,80,130,320.0,370.0,pre_swap,swap_distal,False,GCAMP13
19,3104,7,19,80,130,320.0,370.0,pre_swap,swap_distal,True,GCAMP13
20,3105,7,20,80,130,320.0,370.0,pre_swap,swap_distal,False,GCAMP13
21,3106,7,21,80,130,320.0,370.0,pre_swap,swap_distal,False,GCAMP13
22,3107,7,22,80,130,320.0,370.0,pre_swap,swap_distal,False,GCAMP13
23,3108,7,23,80,130,320.0,370.0,pre_swap,swap_distal,False,GCAMP13
24,3109,7,24,80,130,320.0,370.0,pre_swap,swap_distal,True,GCAMP13
25,3110,7,25,80,130,320.0,370.0,pre_swap,swap_distal,True,GCAMP13
26,3111,7,26,80,130,320.0,370.0,pre_swap,swap_distal,False,GCAMP13
27,3112,7,27,80,130,320.0,370.0,pre_swap,swap_distal,False,GCAMP13
28,3113,7,28,80,130,320.0,370.0,pre_swap,swap_distal,False,GCAMP13
29,3114,7,29,80,130,320.0,370.0,pre_swap,swap_distal,False,GCAMP13
30,3115,7,30,320,370,80.0,130.0,post_swap,swap_distal,False,GCAMP13
31,3116,7,31,320,370,80.0,130.0,post_swap,swap_distal,False,GCAMP13
32,3117,7,32,320,370,80.0,130.0,post_swap,swap_distal,False,GCAMP13
33,3118,7,33,320,370,80.0,130.0,post_swap,swap_distal,False,GCAMP13
34,3119,7,34,320,370,80.0,130.0,post_swap,swap_distal,False,GCAMP13
35,3120,7,35,320,370,80.0,130.0,post_swap,swap_distal,True,GCAMP13
36,3121,7,36,320,370,80.0,130.0,post_swap,swap_distal,False,GCAMP13
37,3122,7,37,320,370,80.0,130.0,post_swap,swap_distal,False,GCAMP13
38,3123,7,38,320,370,80.0,130.0,post_swap,swap_distal,False,GCAMP13
39,3124,7,39,320,370,80.0,130.0,post_swap,swap_distal,True,GCAMP13
40,3125,7,40,320,370,80.0,130.0,post_swap,swap_distal,False,GCAMP13
41,3126,7,41,320,370,80.0,130.0,post_swap,swap_distal,False,GCAMP13
42,3127,7,42,320,370,80.0,130.0,post_swap,swap_distal,False,GCAMP13
43,3128,7,43,320,370,80.0,130.0,post_swap,swap_distal,False,GCAMP13
44,3129,7,44,320,370,80.0,130.0,post_swap,swap_distal,False,GCAMP13
45,3130,7,45,320,370,80.0,130.0,post_swap,swap_distal,False,GCAMP13
46,3131,7,46,320,370,80.0,130.0,post_swap,swap_distal,False,GCAMP13
47,3132,7,47,320,370,80.0,130.0,post_swap,swap_distal,False,GCAMP13
48,3133,7,48,320,370,80.0,130.0,post_swap,swap_distal,False,GCAMP13
49,3134,7,49,320,370,80.0,130.0,post_swap,swap_distal,False,GCAMP13
50,3135,7,50,320,370,80.0,130.0,post_swap,swap_distal,True,GCAMP13
51,3136,7,51,320,370,80.0,130.0,post_swap,swap_distal,False,GCAMP13
52,3137,7,52,320,370,80.0,130.0,post_swap,swap_distal,False,GCAMP13
53,3138,7,53,320,370,80.0,130.0,post_swap,swap_distal,True,GCAMP13
54,3139,7,54,320,370,80.0,130.0,post_swap,swap_distal,True,GCAMP13
55,3140,7,55,320,370,80.0,130.0,post_swap,swap_distal,False,GCAMP13
56,3141,7,56,320,370,80.0,130.0,post_swap,swap_distal,False,GCAMP13
57,3142,7,57,320,370,80.0,130.0,post_swap,swap_distal,False,GCAMP13
58,3143,7,58,320,370,80.0,130.0,post_swap,swap_distal,False,GCAMP13
59,3144,7,59,320,370,80.0,130.0,post_swap,swap_distal,False,GCAMP13
60,3145,7,60,320,370,80.0,130.0,post_swap,swap_distal,False,GCAMP13
61,3146,7,61,320,370,80.0,130.0,post_swap,swap_distal,False,GCAMP13
62,3147,7,62,320,370,80.0,130.0,post_swap,swap_distal,False,GCAMP13
63,3148,7,63,320,370,80.0,130.0,post_swap,swap_distal,True,GCAMP13
64,3149,7,64,320,370,80.0,130.0,post_swap,swap_distal,False,GCAMP13
65,3150,7,65,320,370,80.0,130.0,post_swap,swap_distal,False,GCAMP13
66,3151,7,66,320,370,80.0,130.0,post_swap,swap_distal,False,GCAMP13
67,3152,7,67,320,370,80.0,130.0,post_swap,swap_distal,False,GCAMP13
68,3153,7,68,320,370,80.0,130.0,post_swap,swap_distal,False,GCAMP13
69,3154,7,69,320,370,80.0,130.0,post_swap,swap_distal,False,GCAMP13
70,3155,7,70,320,370,80.0,130.0,post_swap,swap_distal,False,GCAMP13
71,3156,7,71,320,370,80.0,130.0,post_swap,swap_distal,False,GCAMP13
72,3157,7,72,320,370,80.0,130.0,post_swap,swap_distal,False,GCAMP13
73,3158,7,73,320,370,80.0,130.0,post_swap,swap_distal,True,GCAMP13
74,3159,7,74,320,370,80.0,130.0,post_swap,swap_distal,False,GCAMP13
75,3160,7,75,320,370,80.0,130.0,post_swap,swap_distal,False,GCAMP13
76,3161,7,76,320,370,80.0,130.0,post_swap,swap_distal,False,GCAMP13
77,3162,7,77,320,370,80.0,130.0,post_swap,swap_distal,False,GCAMP13
78,3163,7,78,320,370,80.0,130.0,post_swap,swap_distal,False,GCAMP13
79,3164,7,79,320,370,80.0,130.0,post_swap,swap_distal,False,GCAMP13
0,3165,8,0,320,370,80.0,130.0,pre_swap,swap_proximal,False,GCAMP13
1,3166,8,1,320,370,80.0,130.0,pre_swap,swap_proximal,True,GCAMP13
2,3167,8,2,320,370,80.0,130.0,pre_swap,swap_proximal,False,GCAMP13
3,3168,8,3,320,370,80.0,130.0,pre_swap,swap_proximal,True,GCAMP13
4,3169,8,4,320,370,80.0,130.0,pre_swap,swap_proximal,True,GCAMP13
5,3170,8,5,320,370,80.0,130.0,pre_swap,swap_proximal,False,GCAMP13
6,3171,8,6,320,370,80.0,130.0,pre_swap,swap_proximal,False,GCAMP13
7,3172,8,7,320,370,80.0,130.0,pre_swap,swap_proximal,False,GCAMP13
8,3173,8,8,320,370,80.0,130.0,pre_swap,swap_proximal,False,GCAMP13
9,3174,8,9,320,370,80.0,130.0,pre_swap,swap_proximal,False,GCAMP13
10,3175,8,10,320,370,80.0,130.0,pre_swap,swap_proximal,False,GCAMP13
11,3176,8,11,320,370,80.0,130.0,pre_swap,swap_proximal,False,GCAMP13
12,3177,8,12,320,370,80.0,130.0,pre_swap,swap_proximal,False,GCAMP13
13,3178,8,13,320,370,80.0,130.0,pre_swap,swap_proximal,False,GCAMP13
14,3179,8,14,320,370,80.0,130.0,pre_swap,swap_proximal,False,GCAMP13
15,3180,8,15,320,370,80.0,130.0,pre_swap,swap_proximal,False,GCAMP13
16,3181,8,16,320,370,80.0,130.0,pre_swap,swap_proximal,False,GCAMP13
17,3182,8,17,320,370,80.0,130.0,pre_swap,swap_proximal,False,GCAMP13
18,3183,8,18,320,370,80.0,130.0,pre_swap,swap_proximal,False,GCAMP13
19,3184,8,19,320,370,80.0,130.0,pre_swap,swap_proximal,False,GCAMP13
20,3185,8,20,320,370,80.0,130.0,pre_swap,swap_proximal,False,GCAMP13
21,3186,8,21,320,370,80.0,130.0,pre_swap,swap_proximal,False,GCAMP13
22,3187,8,22,320,370,80.0,130.0,pre_swap,swap_proximal,False,GCAMP13
23,3188,8,23,320,370,80.0,130.0,pre_swap,swap_proximal,False,GCAMP13
24,3189,8,24,320,370,80.0,130.0,pre_swap,swap_proximal,False,GCAMP13
25,3190,8,25,320,370,80.0,130.0,pre_swap,swap_proximal,False,GCAMP13
26,3191,8,26,320,370,80.0,130.0,pre_swap,swap_proximal,False,GCAMP13
27,3192,8,27,320,370,80.0,130.0,pre_swap,swap_proximal,False,GCAMP13
28,3193,8,28,320,370,80.0,130.0,pre_swap,swap_proximal,False,GCAMP13
29,3194,8,29,320,370,80.0,130.0,pre_swap,swap_proximal,False,GCAMP13
30,3195,8,30,80,130,320.0,370.0,post_swap,swap_proximal,False,GCAMP13
31,3196,8,31,80,130,320.0,370.0,post_swap,swap_proximal,False,GCAMP13
32,3197,8,32,80,130,320.0,370.0,post_swap,swap_proximal,False,GCAMP13
33,3198,8,33,80,130,320.0,370.0,post_swap,swap_proximal,False,GCAMP13
34,3199,8,34,80,130,320.0,370.0,post_swap,swap_proximal,True,GCAMP13
35,3200,8,35,80,130,320.0,370.0,post_swap,swap_proximal,False,GCAMP13
36,3201,8,36,80,130,320.0,370.0,post_swap,swap_proximal,False,GCAMP13
37,3202,8,37,80,130,320.0,370.0,post_swap,swap_proximal,False,GCAMP13
38,3203,8,38,80,130,320.0,370.0,post_swap,swap_proximal,True,GCAMP13
39,3204,8,39,80,130,320.0,370.0,post_swap,swap_proximal,False,GCAMP13
40,3205,8,40,80,130,320.0,370.0,post_swap,swap_proximal,False,GCAMP13
41,3206,8,41,80,130,320.0,370.0,post_swap,swap_proximal,False,GCAMP13
42,3207,8,42,80,130,320.0,370.0,post_swap,swap_proximal,False,GCAMP13
43,3208,8,43,80,130,320.0,370.0,post_swap,swap_proximal,False,GCAMP13
44,3209,8,44,80,130,320.0,370.0,post_swap,swap_proximal,False,GCAMP13
45,3210,8,45,80,130,320.0,370.0,post_swap,swap_proximal,False,GCAMP13
46,3211,8,46,80,130,320.0,370.0,post_swap,swap_proximal,False,GCAMP13
47,3212,8,47,80,130,320.0,370.0,post_swap,swap_proximal,False,GCAMP13
48,3213,8,48,80,130,320.0,370.0,post_swap,swap_proximal,False,GCAMP13
49,3214,8,49,80,130,320.0,370.0,post_swap,swap_proximal,False,GCAMP13
50,3215,8,50,80,130,320.0,370.0,post_swap,swap_proximal,False,GCAMP13
51,3216,8,51,80,130,320.0,370.0,post_swap,swap_proximal,True,GCAMP13
52,3217,8,52,80,130,320.0,370.0,post_swap,swap_proximal,False,GCAMP13
53,3218,8,53,80,130,320.0,370.0,post_swap,swap_proximal,False,GCAMP13
54,3219,8,54,80,130,320.0,370.0,post_swap,swap_proximal,False,GCAMP13
55,3220,8,55,80,130,320.0,370.0,post_swap,swap_proximal,True,GCAMP13
56,3221,8,56,80,130,320.0,370.0,post_swap,swap_proximal,True,GCAMP13
57,3222,8,57,80,130,320.0,370.0,post_swap,swap_proximal,False,GCAMP13
58,3223,8,58,80,130,320.0,370.0,post_swap,swap_proximal,False,GCAMP13
59,3224,8,59,80,130,320.0,370.0,post_swap,swap_proximal,True,GCAMP13
60,3225,8,60,80,130,320.0,370.0,post_swap,swap_proximal,False,GCAMP13
61,3226,8,61,80,130,320.0,370.0,post_swap,swap_proximal,False,GCAMP13
62,3227,8,62,80,130,320.0,370.0,post_swap,swap_proximal,True,GCAMP13
63,3228,8,63,80,130,320.0,370.0,post_swap,swap_proximal,False,GCAMP13
64,3229,8,64,80,130,320.0,370.0,post_swap,swap_proximal,False,GCAMP13
65,3230,8,65,80,130,320.0,370.0,post_swap,swap_proximal,False,GCAMP13
66,3231,8,66,80,130,320.0,370.0,post_swap,swap_proximal,False,GCAMP13
67,3232,8,67,80,130,320.0,370.0,post_swap,swap_proximal,False,GCAMP13
68,3233,8,68,80,130,320.0,370.0,post_swap,swap_proximal,False,GCAMP13
69,3234,8,69,80,130,320.0,370.0,post_swap,swap_proximal,False,GCAMP13
70,3235,8,70,80,130,320.0,370.0,post_swap,swap_proximal,False,GCAMP13
71,3236,8,71,80,130,320.0,370.0,post_swap,swap_proximal,False,GCAMP13
72,3237,8,72,80,130,320.0,370.0,post_swap,swap_proximal,False,GCAMP13
73,3238,8,73,80,130,320.0,370.0,post_swap,swap_proximal,False,GCAMP13
74,3239,8,74,80,130,320.0,370.0,post_swap,swap_proximal,False,GCAMP13
75,3240,8,75,80,130,320.0,370.0,post_swap,swap_proximal,False,GCAMP13
76,3241,8,76,80,130,320.0,370.0,post_swap,swap_proximal,False,GCAMP13
77,3242,8,77,80,130,320.0,370.0,post_swap,swap_proximal,True,GCAMP13
78,3243,8,78,80,130,320.0,370.0,post_swap,swap_proximal,False,GCAMP13
79,3244,8,79,80,130,320.0,370.0,post_swap,swap_proximal,False,GCAMP13
0,3245,10,0,80,130,200.0,250.0,pre_swap,swap_distal,False,GCAMP13
1,3246,10,1,80,130,200.0,250.0,pre_swap,swap_distal,False,GCAMP13
2,3247,10,2,80,130,200.0,250.0,pre_swap,swap_distal,True,GCAMP13
3,3248,10,3,80,130,200.0,250.0,pre_swap,swap_distal,False,GCAMP13
4,3249,10,4,80,130,200.0,250.0,pre_swap,swap_distal,False,GCAMP13
5,3250,10,5,80,130,200.0,250.0,pre_swap,swap_distal,False,GCAMP13
6,3251,10,6,80,130,200.0,250.0,pre_swap,swap_distal,False,GCAMP13
7,3252,10,7,80,130,200.0,250.0,pre_swap,swap_distal,False,GCAMP13
8,3253,10,8,80,130,200.0,250.0,pre_swap,swap_distal,False,GCAMP13
9,3254,10,9,80,130,200.0,250.0,pre_swap,swap_distal,False,GCAMP13
10,3255,10,10,80,130,200.0,250.0,pre_swap,swap_distal,False,GCAMP13
11,3256,10,11,80,130,200.0,250.0,pre_swap,swap_distal,False,GCAMP13
12,3257,10,12,80,130,200.0,250.0,pre_swap,swap_distal,False,GCAMP13
13,3258,10,13,80,130,200.0,250.0,pre_swap,swap_distal,True,GCAMP13
14,3259,10,14,80,130,200.0,250.0,pre_swap,swap_distal,False,GCAMP13
15,3260,10,15,80,130,200.0,250.0,pre_swap,swap_distal,False,GCAMP13
16,3261,10,16,80,130,200.0,250.0,pre_swap,swap_distal,False,GCAMP13
17,3262,10,17,80,130,200.0,250.0,pre_swap,swap_distal,False,GCAMP13
18,3263,10,18,80,130,200.0,250.0,pre_swap,swap_distal,True,GCAMP13
19,3264,10,19,80,130,200.0,250.0,pre_swap,swap_distal,False,GCAMP13
20,3265,10,20,80,130,200.0,250.0,pre_swap,swap_distal,False,GCAMP13
21,3266,10,21,80,130,200.0,250.0,pre_swap,swap_distal,False,GCAMP13
22,3267,10,22,80,130,200.0,250.0,pre_swap,swap_distal,False,GCAMP13
23,3268,10,23,80,130,200.0,250.0,pre_swap,swap_distal,False,GCAMP13
24,3269,10,24,80,130,200.0,250.0,pre_swap,swap_distal,True,GCAMP13
25,3270,10,25,80,130,200.0,250.0,pre_swap,swap_distal,False,GCAMP13
26,3271,10,26,80,130,200.0,250.0,pre_swap,swap_distal,True,GCAMP13
27,3272,10,27,80,130,200.0,250.0,pre_swap,swap_distal,False,GCAMP13
28,3273,10,28,80,130,200.0,250.0,pre_swap,swap_distal,False,GCAMP13
29,3274,10,29,80,130,200.0,250.0,pre_swap,swap_distal,False,GCAMP13
30,3275,10,30,200,250,80.0,130.0,post_swap,swap_distal,False,GCAMP13
31,3276,10,31,200,250,80.0,130.0,post_swap,swap_distal,False,GCAMP13
32,3277,10,32,200,250,80.0,130.0,post_swap,swap_distal,False,GCAMP13
33,3278,10,33,200,250,80.0,130.0,post_swap,swap_distal,False,GCAMP13
34,3279,10,34,200,250,80.0,130.0,post_swap,swap_distal,False,GCAMP13
35,3280,10,35,200,250,80.0,130.0,post_swap,swap_distal,False,GCAMP13
36,3281,10,36,200,250,80.0,130.0,post_swap,swap_distal,False,GCAMP13
37,3282,10,37,200,250,80.0,130.0,post_swap,swap_distal,False,GCAMP13
38,3283,10,38,200,250,80.0,130.0,post_swap,swap_distal,False,GCAMP13
39,3284,10,39,200,250,80.0,130.0,post_swap,swap_distal,False,GCAMP13
40,3285,10,40,200,250,80.0,130.0,post_swap,swap_distal,True,GCAMP13
41,3286,10,41,200,250,80.0,130.0,post_swap,swap_distal,False,GCAMP13
42,3287,10,42,200,250,80.0,130.0,post_swap,swap_distal,False,GCAMP13
43,3288,10,43,200,250,80.0,130.0,post_swap,swap_distal,False,GCAMP13
44,3289,10,44,200,250,80.0,130.0,post_swap,swap_distal,False,GCAMP13
45,3290,10,45,200,250,80.0,130.0,post_swap,swap_distal,False,GCAMP13
46,3291,10,46,200,250,80.0,130.0,post_swap,swap_distal,False,GCAMP13
47,3292,10,47,200,250,80.0,130.0,post_swap,swap_distal,False,GCAMP13
48,3293,10,48,200,250,80.0,130.0,post_swap,swap_distal,True,GCAMP13
49,3294,10,49,200,250,80.0,130.0,post_swap,swap_distal,False,GCAMP13
50,3295,10,50,200,250,80.0,130.0,post_swap,swap_distal,False,GCAMP13
51,3296,10,51,200,250,80.0,130.0,post_swap,swap_distal,False,GCAMP13
52,3297,10,52,200,250,80.0,130.0,post_swap,swap_distal,False,GCAMP13
53,3298,10,53,200,250,80.0,130.0,post_swap,swap_distal,False,GCAMP13
54,3299,10,54,200,250,80.0,130.0,post_swap,swap_distal,False,GCAMP13
55,3300,10,55,200,250,80.0,130.0,post_swap,swap_distal,True,GCAMP13
56,3301,10,56,200,250,80.0,130.0,post_swap,swap_distal,True,GCAMP13
57,3302,10,57,200,250,80.0,130.0,post_swap,swap_distal,True,GCAMP13
58,3303,10,58,200,250,80.0,130.0,post_swap,swap_distal,False,GCAMP13
59,3304,10,59,200,250,80.0,130.0,post_swap,swap_distal,False,GCAMP13
60,3305,10,60,200,250,80.0,130.0,post_swap,swap_distal,False,GCAMP13
61,3306,10,61,200,250,80.0,130.0,post_swap,swap_distal,False,GCAMP13
62,3307,10,62,200,250,80.0,130.0,post_swap,swap_distal,False,GCAMP13
63,3308,10,63,200,250,80.0,130.0,post_swap,swap_distal,False,GCAMP13
64,3309,10,64,200,250,80.0,130.0,post_swap,swap_distal,False,GCAMP13
65,3310,10,65,200,250,80.0,130.0,post_swap,swap_distal,False,GCAMP13
66,3311,10,66,200,250,80.0,130.0,post_swap,swap_distal,False,GCAMP13
67,3312,10,67,200,250,80.0,130.0,post_swap,swap_distal,False,GCAMP13
68,3313,10,68,200,250,80.0,130.0,post_swap,swap_distal,True,GCAMP13
69,3314,10,69,200,250,80.0,130.0,post_swap,swap_distal,False,GCAMP13
70,3315,10,70,200,250,80.0,130.0,post_swap,swap_distal,False,GCAMP13
71,3316,10,71,200,250,80.0,130.0,post_swap,swap_distal,True,GCAMP13
72,3317,10,72,200,250,80.0,130.0,post_swap,swap_distal,False,GCAMP13
73,3318,10,73,200,250,80.0,130.0,post_swap,swap_distal,True,GCAMP13
74,3319,10,74,200,250,80.0,130.0,post_swap,swap_distal,False,GCAMP13
75,3320,10,75,200,250,80.0,130.0,post_swap,swap_distal,False,GCAMP13
76,3321,10,76,200,250,80.0,130.0,post_swap,swap_distal,False,GCAMP13
77,3322,10,77,200,250,80.0,130.0,post_swap,swap_distal,False,GCAMP13
78,3323,10,78,200,250,80.0,130.0,post_swap,swap_distal,False,GCAMP13
79,3324,10,79,200,250,80.0,130.0,post_swap,swap_distal,False,GCAMP13
0,3325,12,0,200,250,320.0,370.0,pre_swap,swap_distal,True,GCAMP13
1,3326,12,1,200,250,320.0,370.0,pre_swap,swap_distal,False,GCAMP13
2,3327,12,2,200,250,320.0,370.0,pre_swap,swap_distal,False,GCAMP13
3,3328,12,3,200,250,320.0,370.0,pre_swap,swap_distal,False,GCAMP13
4,3329,12,4,200,250,320.0,370.0,pre_swap,swap_distal,False,GCAMP13
5,3330,12,5,200,250,320.0,370.0,pre_swap,swap_distal,False,GCAMP13
6,3331,12,6,200,250,320.0,370.0,pre_swap,swap_distal,True,GCAMP13
7,3332,12,7,200,250,320.0,370.0,pre_swap,swap_distal,False,GCAMP13
8,3333,12,8,200,250,320.0,370.0,pre_swap,swap_distal,False,GCAMP13
9,3334,12,9,200,250,320.0,370.0,pre_swap,swap_distal,False,GCAMP13
10,3335,12,10,200,250,320.0,370.0,pre_swap,swap_distal,False,GCAMP13
11,3336,12,11,200,250,320.0,370.0,pre_swap,swap_distal,False,GCAMP13
12,3337,12,12,200,250,320.0,370.0,pre_swap,swap_distal,True,GCAMP13
13,3338,12,13,200,250,320.0,370.0,pre_swap,swap_distal,False,GCAMP13
14,3339,12,14,200,250,320.0,370.0,pre_swap,swap_distal,False,GCAMP13
15,3340,12,15,200,250,320.0,370.0,pre_swap,swap_distal,False,GCAMP13
16,3341,12,16,200,250,320.0,370.0,pre_swap,swap_distal,False,GCAMP13
17,3342,12,17,200,250,320.0,370.0,pre_swap,swap_distal,False,GCAMP13
18,3343,12,18,200,250,320.0,370.0,pre_swap,swap_distal,True,GCAMP13
19,3344,12,19,200,250,320.0,370.0,pre_swap,swap_distal,True,GCAMP13
20,3345,12,20,200,250,320.0,370.0,pre_swap,swap_distal,False,GCAMP13
21,3346,12,21,200,250,320.0,370.0,pre_swap,swap_distal,False,GCAMP13
22,3347,12,22,200,250,320.0,370.0,pre_swap,swap_distal,False,GCAMP13
23,3348,12,23,200,250,320.0,370.0,pre_swap,swap_distal,False,GCAMP13
24,3349,12,24,200,250,320.0,370.0,pre_swap,swap_distal,False,GCAMP13
25,3350,12,25,200,250,320.0,370.0,pre_swap,swap_distal,True,GCAMP13
26,3351,12,26,200,250,320.0,370.0,pre_swap,swap_distal,True,GCAMP13
27,3352,12,27,200,250,320.0,370.0,pre_swap,swap_distal,True,GCAMP13
28,3353,12,28,200,250,320.0,370.0,pre_swap,swap_distal,True,GCAMP13
29,3354,12,29,200,250,320.0,370.0,pre_swap,swap_distal,True,GCAMP13
30,3355,12,30,320,370,200.0,250.0,post_swap,swap_distal,False,GCAMP13
31,3356,12,31,320,370,200.0,250.0,post_swap,swap_distal,False,GCAMP13
32,3357,12,32,320,370,200.0,250.0,post_swap,swap_distal,False,GCAMP13
33,3358,12,33,320,370,200.0,250.0,post_swap,swap_distal,True,GCAMP13
34,3359,12,34,320,370,200.0,250.0,post_swap,swap_distal,False,GCAMP13
35,3360,12,35,320,370,200.0,250.0,post_swap,swap_distal,False,GCAMP13
36,3361,12,36,320,370,200.0,250.0,post_swap,swap_distal,False,GCAMP13
37,3362,12,37,320,370,200.0,250.0,post_swap,swap_distal,False,GCAMP13
38,3363,12,38,320,370,200.0,250.0,post_swap,swap_distal,False,GCAMP13
39,3364,12,39,320,370,200.0,250.0,post_swap,swap_distal,False,GCAMP13
40,3365,12,40,320,370,200.0,250.0,post_swap,swap_distal,False,GCAMP13
41,3366,12,41,320,370,200.0,250.0,post_swap,swap_distal,False,GCAMP13
42,3367,12,42,320,370,200.0,250.0,post_swap,swap_distal,True,GCAMP13
43,3368,12,43,320,370,200.0,250.0,post_swap,swap_distal,False,GCAMP13
44,3369,12,44,320,370,200.0,250.0,post_swap,swap_distal,False,GCAMP13
45,3370,12,45,320,370,200.0,250.0,post_swap,swap_distal,False,GCAMP13
46,3371,12,46,320,370,200.0,250.0,post_swap,swap_distal,False,GCAMP13
47,3372,12,47,320,370,200.0,250.0,post_swap,swap_distal,False,GCAMP13
48,3373,12,48,320,370,200.0,250.0,post_swap,swap_distal,False,GCAMP13
49,3374,12,49,320,370,200.0,250.0,post_swap,swap_distal,False,GCAMP13
50,3375,12,50,320,370,200.0,250.0,post_swap,swap_distal,True,GCAMP13
51,3376,12,51,320,370,200.0,250.0,post_swap,swap_distal,True,GCAMP13
52,3377,12,52,320,370,200.0,250.0,post_swap,swap_distal,False,GCAMP13
53,3378,12,53,320,370,200.0,250.0,post_swap,swap_distal,False,GCAMP13
54,3379,12,54,320,370,200.0,250.0,post_swap,swap_distal,False,GCAMP13
55,3380,12,55,320,370,200.0,250.0,post_swap,swap_distal,True,GCAMP13
56,3381,12,56,320,370,200.0,250.0,post_swap,swap_distal,False,GCAMP13
57,3382,12,57,320,370,200.0,250.0,post_swap,swap_distal,False,GCAMP13
58,3383,12,58,320,370,200.0,250.0,post_swap,swap_distal,False,GCAMP13
59,3384,12,59,320,370,200.0,250.0,post_swap,swap_distal,False,GCAMP13
60,3385,12,60,320,370,200.0,250.0,post_swap,swap_distal,False,GCAMP13
61,3386,12,61,320,370,200.0,250.0,post_swap,swap_distal,False,GCAMP13
62,3387,12,62,320,370,200.0,250.0,post_swap,swap_distal,False,GCAMP13
63,3388,12,63,320,370,200.0,250.0,post_swap,swap_distal,True,GCAMP13
64,3389,12,64,320,370,200.0,250.0,post_swap,swap_distal,False,GCAMP13
65,3390,12,65,320,370,200.0,250.0,post_swap,swap_distal,True,GCAMP13
66,3391,12,66,320,370,200.0,250.0,post_swap,swap_distal,False,GCAMP13
67,3392,12,67,320,370,200.0,250.0,post_swap,swap_distal,False,GCAMP13
68,3393,12,68,320,370,200.0,250.0,post_swap,swap_distal,False,GCAMP13
69,3394,12,69,320,370,200.0,250.0,post_swap,swap_distal,False,GCAMP13
70,3395,12,70,320,370,200.0,250.0,post_swap,swap_distal,False,GCAMP13
71,3396,12,71,320,370,200.0,250.0,post_swap,swap_distal,False,GCAMP13
72,3397,12,72,320,370,200.0,250.0,post_swap,swap_distal,False,GCAMP13
73,3398,12,73,320,370,200.0,250.0,post_swap,swap_distal,True,GCAMP13
74,3399,12,74,320,370,200.0,250.0,post_swap,swap_distal,False,GCAMP13
75,3400,12,75,320,370,200.0,250.0,post_swap,swap_distal,False,GCAMP13
76,3401,12,76,320,370,200.0,250.0,post_swap,swap_distal,False,GCAMP13
77,3402,12,77,320,370,200.0,250.0,post_swap,swap_distal,False,GCAMP13
78,3403,12,78,320,370,200.0,250.0,post_swap,swap_distal,True,GCAMP13
79,3404,12,79,320,370,200.0,250.0,post_swap,swap_distal,False,GCAMP13
0,3405,14,0,320,370,80.0,130.0,pre_swap,swap_proximal,False,GCAMP13
1,3406,14,1,320,370,80.0,130.0,pre_swap,swap_proximal,False,GCAMP13
2,3407,14,2,320,370,80.0,130.0,pre_swap,swap_proximal,False,GCAMP13
3,3408,14,3,320,370,80.0,130.0,pre_swap,swap_proximal,False,GCAMP13
4,3409,14,4,320,370,80.0,130.0,pre_swap,swap_proximal,False,GCAMP13
5,3410,14,5,320,370,80.0,130.0,pre_swap,swap_proximal,False,GCAMP13
6,3411,14,6,320,370,80.0,130.0,pre_swap,swap_proximal,False,GCAMP13
7,3412,14,7,320,370,80.0,130.0,pre_swap,swap_proximal,False,GCAMP13
8,3413,14,8,320,370,80.0,130.0,pre_swap,swap_proximal,False,GCAMP13
9,3414,14,9,320,370,80.0,130.0,pre_swap,swap_proximal,False,GCAMP13
10,3415,14,10,320,370,80.0,130.0,pre_swap,swap_proximal,False,GCAMP13
11,3416,14,11,320,370,80.0,130.0,pre_swap,swap_proximal,False,GCAMP13
12,3417,14,12,320,370,80.0,130.0,pre_swap,swap_proximal,False,GCAMP13
13,3418,14,13,320,370,80.0,130.0,pre_swap,swap_proximal,True,GCAMP13
14,3419,14,14,320,370,80.0,130.0,pre_swap,swap_proximal,False,GCAMP13
15,3420,14,15,320,370,80.0,130.0,pre_swap,swap_proximal,False,GCAMP13
16,3421,14,16,320,370,80.0,130.0,pre_swap,swap_proximal,False,GCAMP13
17,3422,14,17,320,370,80.0,130.0,pre_swap,swap_proximal,False,GCAMP13
18,3423,14,18,320,370,80.0,130.0,pre_swap,swap_proximal,False,GCAMP13
19,3424,14,19,320,370,80.0,130.0,pre_swap,swap_proximal,False,GCAMP13
20,3425,14,20,320,370,80.0,130.0,pre_swap,swap_proximal,False,GCAMP13
21,3426,14,21,320,370,80.0,130.0,pre_swap,swap_proximal,False,GCAMP13
22,3427,14,22,320,370,80.0,130.0,pre_swap,swap_proximal,False,GCAMP13
23,3428,14,23,320,370,80.0,130.0,pre_swap,swap_proximal,True,GCAMP13
24,3429,14,24,320,370,80.0,130.0,pre_swap,swap_proximal,False,GCAMP13
25,3430,14,25,320,370,80.0,130.0,pre_swap,swap_proximal,False,GCAMP13
26,3431,14,26,320,370,80.0,130.0,pre_swap,swap_proximal,False,GCAMP13
27,3432,14,27,320,370,80.0,130.0,pre_swap,swap_proximal,False,GCAMP13
28,3433,14,28,320,370,80.0,130.0,pre_swap,swap_proximal,False,GCAMP13
29,3434,14,29,320,370,80.0,130.0,pre_swap,swap_proximal,False,GCAMP13
30,3435,14,30,80,130,320.0,370.0,post_swap,swap_proximal,False,GCAMP13
31,3436,14,31,80,130,320.0,370.0,post_swap,swap_proximal,True,GCAMP13
32,3437,14,32,80,130,320.0,370.0,post_swap,swap_proximal,True,GCAMP13
33,3438,14,33,80,130,320.0,370.0,post_swap,swap_proximal,True,GCAMP13
34,3439,14,34,80,130,320.0,370.0,post_swap,swap_proximal,False,GCAMP13
35,3440,14,35,80,130,320.0,370.0,post_swap,swap_proximal,False,GCAMP13
36,3441,14,36,80,130,320.0,370.0,post_swap,swap_proximal,False,GCAMP13
37,3442,14,37,80,130,320.0,370.0,post_swap,swap_proximal,False,GCAMP13
38,3443,14,38,80,130,320.0,370.0,post_swap,swap_proximal,False,GCAMP13
39,3444,14,39,80,130,320.0,370.0,post_swap,swap_proximal,False,GCAMP13
40,3445,14,40,80,130,320.0,370.0,post_swap,swap_proximal,False,GCAMP13
41,3446,14,41,80,130,320.0,370.0,post_swap,swap_proximal,False,GCAMP13
42,3447,14,42,80,130,320.0,370.0,post_swap,swap_proximal,False,GCAMP13
43,3448,14,43,80,130,320.0,370.0,post_swap,swap_proximal,False,GCAMP13
44,3449,14,44,80,130,320.0,370.0,post_swap,swap_proximal,False,GCAMP13
45,3450,14,45,80,130,320.0,370.0,post_swap,swap_proximal,False,GCAMP13
46,3451,14,46,80,130,320.0,370.0,post_swap,swap_proximal,False,GCAMP13
47,3452,14,47,80,130,320.0,370.0,post_swap,swap_proximal,False,GCAMP13
48,3453,14,48,80,130,320.0,370.0,post_swap,swap_proximal,False,GCAMP13
49,3454,14,49,80,130,320.0,370.0,post_swap,swap_proximal,False,GCAMP13
50,3455,14,50,80,130,320.0,370.0,post_swap,swap_proximal,True,GCAMP13
51,3456,14,51,80,130,320.0,370.0,post_swap,swap_proximal,False,GCAMP13
52,3457,14,52,80,130,320.0,370.0,post_swap,swap_proximal,False,GCAMP13
53,3458,14,53,80,130,320.0,370.0,post_swap,swap_proximal,False,GCAMP13
54,3459,14,54,80,130,320.0,370.0,post_swap,swap_proximal,False,GCAMP13
55,3460,14,55,80,130,320.0,370.0,post_swap,swap_proximal,False,GCAMP13
56,3461,14,56,80,130,320.0,370.0,post_swap,swap_proximal,False,GCAMP13
57,3462,14,57,80,130,320.0,370.0,post_swap,swap_proximal,False,GCAMP13
58,3463,14,58,80,130,320.0,370.0,post_swap,swap_proximal,False,GCAMP13
59,3464,14,59,80,130,320.0,370.0,post_swap,swap_proximal,False,GCAMP13
60,3465,14,60,80,130,320.0,370.0,post_swap,swap_proximal,False,GCAMP13
61,3466,14,61,80,130,320.0,370.0,post_swap,swap_proximal,False,GCAMP13
62,3467,14,62,80,130,320.0,370.0,post_swap,swap_proximal,False,GCAMP13
63,3468,14,63,80,130,320.0,370.0,post_swap,swap_proximal,False,GCAMP13
64,3469,14,64,80,130,320.0,370.0,post_swap,swap_proximal,False,GCAMP13
65,3470,14,65,80,130,320.0,370.0,post_swap,swap_proximal,False,GCAMP13
66,3471,14,66,80,130,320.0,370.0,post_swap,swap_proximal,False,GCAMP13
67,3472,14,67,80,130,320.0,370.0,post_swap,swap_proximal,True,GCAMP13
68,3473,14,68,80,130,320.0,370.0,post_swap,swap_proximal,False,GCAMP13
69,3474,14,69,80,130,320.0,370.0,post_swap,swap_proximal,True,GCAMP13
70,3475,14,70,80,130,320.0,370.0,post_swap,swap_proximal,False,GCAMP13
71,3476,14,71,80,130,320.0,370.0,post_swap,swap_proximal,False,GCAMP13
72,3477,14,72,80,130,320.0,370.0,post_swap,swap_proximal,False,GCAMP13
73,3478,14,73,80,130,320.0,370.0,post_swap,swap_proximal,False,GCAMP13
74,3479,14,74,80,130,320.0,370.0,post_swap,swap_proximal,False,GCAMP13
75,3480,14,75,80,130,320.0,370.0,post_swap,swap_proximal,False,GCAMP13
76,3481,14,76,80,130,320.0,370.0,post_swap,swap_proximal,False,GCAMP13
77,3482,14,77,80,130,320.0,370.0,post_swap,swap_proximal,False,GCAMP13
78,3483,14,78,80,130,320.0,370.0,post_swap,swap_proximal,False,GCAMP13
79,3484,14,79,80,130,320.0,370.0,post_swap,swap_proximal,False,GCAMP13
0,3485,3,0,80,130,200.0,250.0,pre_swap,swap_distal,False,GCAMP14
1,3486,3,1,80,130,200.0,250.0,pre_swap,swap_distal,False,GCAMP14
2,3487,3,2,80,130,200.0,250.0,pre_swap,swap_distal,False,GCAMP14
3,3488,3,3,80,130,200.0,250.0,pre_swap,swap_distal,False,GCAMP14
4,3489,3,4,80,130,200.0,250.0,pre_swap,swap_distal,False,GCAMP14
5,3490,3,5,80,130,200.0,250.0,pre_swap,swap_distal,False,GCAMP14
6,3491,3,6,80,130,200.0,250.0,pre_swap,swap_distal,False,GCAMP14
7,3492,3,7,80,130,200.0,250.0,pre_swap,swap_distal,False,GCAMP14
8,3493,3,8,80,130,200.0,250.0,pre_swap,swap_distal,True,GCAMP14
9,3494,3,9,80,130,200.0,250.0,pre_swap,swap_distal,False,GCAMP14
10,3495,3,10,80,130,200.0,250.0,pre_swap,swap_distal,False,GCAMP14
11,3496,3,11,80,130,200.0,250.0,pre_swap,swap_distal,True,GCAMP14
12,3497,3,12,80,130,200.0,250.0,pre_swap,swap_distal,False,GCAMP14
13,3498,3,13,80,130,200.0,250.0,pre_swap,swap_distal,False,GCAMP14
14,3499,3,14,80,130,200.0,250.0,pre_swap,swap_distal,False,GCAMP14
15,3500,3,15,80,130,200.0,250.0,pre_swap,swap_distal,True,GCAMP14
16,3501,3,16,80,130,200.0,250.0,pre_swap,swap_distal,False,GCAMP14
17,3502,3,17,80,130,200.0,250.0,pre_swap,swap_distal,False,GCAMP14
18,3503,3,18,80,130,200.0,250.0,pre_swap,swap_distal,False,GCAMP14
19,3504,3,19,80,130,200.0,250.0,pre_swap,swap_distal,False,GCAMP14
20,3505,3,20,80,130,200.0,250.0,pre_swap,swap_distal,True,GCAMP14
21,3506,3,21,80,130,200.0,250.0,pre_swap,swap_distal,False,GCAMP14
22,3507,3,22,80,130,200.0,250.0,pre_swap,swap_distal,False,GCAMP14
23,3508,3,23,80,130,200.0,250.0,pre_swap,swap_distal,False,GCAMP14
24,3509,3,24,80,130,200.0,250.0,pre_swap,swap_distal,False,GCAMP14
25,3510,3,25,80,130,200.0,250.0,pre_swap,swap_distal,False,GCAMP14
26,3511,3,26,80,130,200.0,250.0,pre_swap,swap_distal,False,GCAMP14
27,3512,3,27,80,130,200.0,250.0,pre_swap,swap_distal,True,GCAMP14
28,3513,3,28,80,130,200.0,250.0,pre_swap,swap_distal,False,GCAMP14
29,3514,3,29,80,130,200.0,250.0,pre_swap,swap_distal,False,GCAMP14
30,3515,3,30,200,250,80.0,130.0,post_swap,swap_distal,False,GCAMP14
31,3516,3,31,200,250,80.0,130.0,post_swap,swap_distal,False,GCAMP14
32,3517,3,32,200,250,80.0,130.0,post_swap,swap_distal,False,GCAMP14
33,3518,3,33,200,250,80.0,130.0,post_swap,swap_distal,True,GCAMP14
34,3519,3,34,200,250,80.0,130.0,post_swap,swap_distal,False,GCAMP14
35,3520,3,35,200,250,80.0,130.0,post_swap,swap_distal,False,GCAMP14
36,3521,3,36,200,250,80.0,130.0,post_swap,swap_distal,False,GCAMP14
37,3522,3,37,200,250,80.0,130.0,post_swap,swap_distal,False,GCAMP14
38,3523,3,38,200,250,80.0,130.0,post_swap,swap_distal,False,GCAMP14
39,3524,3,39,200,250,80.0,130.0,post_swap,swap_distal,False,GCAMP14
40,3525,3,40,200,250,80.0,130.0,post_swap,swap_distal,False,GCAMP14
41,3526,3,41,200,250,80.0,130.0,post_swap,swap_distal,False,GCAMP14
42,3527,3,42,200,250,80.0,130.0,post_swap,swap_distal,False,GCAMP14
43,3528,3,43,200,250,80.0,130.0,post_swap,swap_distal,True,GCAMP14
44,3529,3,44,200,250,80.0,130.0,post_swap,swap_distal,False,GCAMP14
45,3530,3,45,200,250,80.0,130.0,post_swap,swap_distal,False,GCAMP14
46,3531,3,46,200,250,80.0,130.0,post_swap,swap_distal,False,GCAMP14
47,3532,3,47,200,250,80.0,130.0,post_swap,swap_distal,False,GCAMP14
48,3533,3,48,200,250,80.0,130.0,post_swap,swap_distal,False,GCAMP14
49,3534,3,49,200,250,80.0,130.0,post_swap,swap_distal,True,GCAMP14
50,3535,3,50,200,250,80.0,130.0,post_swap,swap_distal,False,GCAMP14
51,3536,3,51,200,250,80.0,130.0,post_swap,swap_distal,True,GCAMP14
52,3537,3,52,200,250,80.0,130.0,post_swap,swap_distal,False,GCAMP14
53,3538,3,53,200,250,80.0,130.0,post_swap,swap_distal,False,GCAMP14
54,3539,3,54,200,250,80.0,130.0,post_swap,swap_distal,False,GCAMP14
55,3540,3,55,200,250,80.0,130.0,post_swap,swap_distal,False,GCAMP14
56,3541,3,56,200,250,80.0,130.0,post_swap,swap_distal,False,GCAMP14
57,3542,3,57,200,250,80.0,130.0,post_swap,swap_distal,False,GCAMP14
58,3543,3,58,200,250,80.0,130.0,post_swap,swap_distal,False,GCAMP14
59,3544,3,59,200,250,80.0,130.0,post_swap,swap_distal,True,GCAMP14
60,3545,3,60,200,250,80.0,130.0,post_swap,swap_distal,True,GCAMP14
61,3546,3,61,200,250,80.0,130.0,post_swap,swap_distal,True,GCAMP14
62,3547,3,62,200,250,80.0,130.0,post_swap,swap_distal,True,GCAMP14
63,3548,3,63,200,250,80.0,130.0,post_swap,swap_distal,False,GCAMP14
64,3549,3,64,200,250,80.0,130.0,post_swap,swap_distal,False,GCAMP14
65,3550,3,65,200,250,80.0,130.0,post_swap,swap_distal,False,GCAMP14
66,3551,3,66,200,250,80.0,130.0,post_swap,swap_distal,False,GCAMP14
67,3552,3,67,200,250,80.0,130.0,post_swap,swap_distal,False,GCAMP14
68,3553,3,68,200,250,80.0,130.0,post_swap,swap_distal,False,GCAMP14
69,3554,3,69,200,250,80.0,130.0,post_swap,swap_distal,False,GCAMP14
70,3555,3,70,200,250,80.0,130.0,post_swap,swap_distal,True,GCAMP14
71,3556,3,71,200,250,80.0,130.0,post_swap,swap_distal,False,GCAMP14
72,3557,3,72,200,250,80.0,130.0,post_swap,swap_distal,False,GCAMP14
73,3558,3,73,200,250,80.0,130.0,post_swap,swap_distal,False,GCAMP14
74,3559,3,74,200,250,80.0,130.0,post_swap,swap_distal,False,GCAMP14
75,3560,3,75,200,250,80.0,130.0,post_swap,swap_distal,True,GCAMP14
76,3561,3,76,200,250,80.0,130.0,post_swap,swap_distal,False,GCAMP14
77,3562,3,77,200,250,80.0,130.0,post_swap,swap_distal,False,GCAMP14
78,3563,3,78,200,250,80.0,130.0,post_swap,swap_distal,True,GCAMP14
79,3564,3,79,200,250,80.0,130.0,post_swap,swap_distal,True,GCAMP14
0,3565,5,0,200,250,320.0,370.0,pre_swap,swap_distal,True,GCAMP14
1,3566,5,1,200,250,320.0,370.0,pre_swap,swap_distal,False,GCAMP14
2,3567,5,2,200,250,320.0,370.0,pre_swap,swap_distal,True,GCAMP14
3,3568,5,3,200,250,320.0,370.0,pre_swap,swap_distal,False,GCAMP14
4,3569,5,4,200,250,320.0,370.0,pre_swap,swap_distal,False,GCAMP14
5,3570,5,5,200,250,320.0,370.0,pre_swap,swap_distal,False,GCAMP14
6,3571,5,6,200,250,320.0,370.0,pre_swap,swap_distal,False,GCAMP14
7,3572,5,7,200,250,320.0,370.0,pre_swap,swap_distal,True,GCAMP14
8,3573,5,8,200,250,320.0,370.0,pre_swap,swap_distal,False,GCAMP14
9,3574,5,9,200,250,320.0,370.0,pre_swap,swap_distal,False,GCAMP14
10,3575,5,10,200,250,320.0,370.0,pre_swap,swap_distal,False,GCAMP14
11,3576,5,11,200,250,320.0,370.0,pre_swap,swap_distal,False,GCAMP14
12,3577,5,12,200,250,320.0,370.0,pre_swap,swap_distal,False,GCAMP14
13,3578,5,13,200,250,320.0,370.0,pre_swap,swap_distal,True,GCAMP14
14,3579,5,14,200,250,320.0,370.0,pre_swap,swap_distal,False,GCAMP14
15,3580,5,15,200,250,320.0,370.0,pre_swap,swap_distal,False,GCAMP14
16,3581,5,16,200,250,320.0,370.0,pre_swap,swap_distal,False,GCAMP14
17,3582,5,17,200,250,320.0,370.0,pre_swap,swap_distal,False,GCAMP14
18,3583,5,18,200,250,320.0,370.0,pre_swap,swap_distal,False,GCAMP14
19,3584,5,19,200,250,320.0,370.0,pre_swap,swap_distal,False,GCAMP14
20,3585,5,20,200,250,320.0,370.0,pre_swap,swap_distal,True,GCAMP14
21,3586,5,21,200,250,320.0,370.0,pre_swap,swap_distal,False,GCAMP14
22,3587,5,22,200,250,320.0,370.0,pre_swap,swap_distal,False,GCAMP14
23,3588,5,23,200,250,320.0,370.0,pre_swap,swap_distal,True,GCAMP14
24,3589,5,24,200,250,320.0,370.0,pre_swap,swap_distal,True,GCAMP14
25,3590,5,25,200,250,320.0,370.0,pre_swap,swap_distal,True,GCAMP14
26,3591,5,26,200,250,320.0,370.0,pre_swap,swap_distal,False,GCAMP14
27,3592,5,27,200,250,320.0,370.0,pre_swap,swap_distal,True,GCAMP14
28,3593,5,28,200,250,320.0,370.0,pre_swap,swap_distal,False,GCAMP14
29,3594,5,29,200,250,320.0,370.0,pre_swap,swap_distal,True,GCAMP14
30,3595,5,30,320,370,200.0,250.0,post_swap,swap_distal,False,GCAMP14
31,3596,5,31,320,370,200.0,250.0,post_swap,swap_distal,False,GCAMP14
32,3597,5,32,320,370,200.0,250.0,post_swap,swap_distal,False,GCAMP14
33,3598,5,33,320,370,200.0,250.0,post_swap,swap_distal,False,GCAMP14
34,3599,5,34,320,370,200.0,250.0,post_swap,swap_distal,True,GCAMP14
35,3600,5,35,320,370,200.0,250.0,post_swap,swap_distal,False,GCAMP14
36,3601,5,36,320,370,200.0,250.0,post_swap,swap_distal,False,GCAMP14
37,3602,5,37,320,370,200.0,250.0,post_swap,swap_distal,True,GCAMP14
38,3603,5,38,320,370,200.0,250.0,post_swap,swap_distal,False,GCAMP14
39,3604,5,39,320,370,200.0,250.0,post_swap,swap_distal,False,GCAMP14
40,3605,5,40,320,370,200.0,250.0,post_swap,swap_distal,False,GCAMP14
41,3606,5,41,320,370,200.0,250.0,post_swap,swap_distal,False,GCAMP14
42,3607,5,42,320,370,200.0,250.0,post_swap,swap_distal,True,GCAMP14
43,3608,5,43,320,370,200.0,250.0,post_swap,swap_distal,False,GCAMP14
44,3609,5,44,320,370,200.0,250.0,post_swap,swap_distal,False,GCAMP14
45,3610,5,45,320,370,200.0,250.0,post_swap,swap_distal,False,GCAMP14
46,3611,5,46,320,370,200.0,250.0,post_swap,swap_distal,False,GCAMP14
47,3612,5,47,320,370,200.0,250.0,post_swap,swap_distal,False,GCAMP14
48,3613,5,48,320,370,200.0,250.0,post_swap,swap_distal,False,GCAMP14
49,3614,5,49,320,370,200.0,250.0,post_swap,swap_distal,False,GCAMP14
50,3615,5,50,320,370,200.0,250.0,post_swap,swap_distal,False,GCAMP14
51,3616,5,51,320,370,200.0,250.0,post_swap,swap_distal,False,GCAMP14
52,3617,5,52,320,370,200.0,250.0,post_swap,swap_distal,False,GCAMP14
53,3618,5,53,320,370,200.0,250.0,post_swap,swap_distal,True,GCAMP14
54,3619,5,54,320,370,200.0,250.0,post_swap,swap_distal,False,GCAMP14
55,3620,5,55,320,370,200.0,250.0,post_swap,swap_distal,False,GCAMP14
56,3621,5,56,320,370,200.0,250.0,post_swap,swap_distal,False,GCAMP14
57,3622,5,57,320,370,200.0,250.0,post_swap,swap_distal,True,GCAMP14
58,3623,5,58,320,370,200.0,250.0,post_swap,swap_distal,False,GCAMP14
59,3624,5,59,320,370,200.0,250.0,post_swap,swap_distal,False,GCAMP14
60,3625,5,60,320,370,200.0,250.0,post_swap,swap_distal,False,GCAMP14
61,3626,5,61,320,370,200.0,250.0,post_swap,swap_distal,False,GCAMP14
62,3627,5,62,320,370,200.0,250.0,post_swap,swap_distal,False,GCAMP14
63,3628,5,63,320,370,200.0,250.0,post_swap,swap_distal,False,GCAMP14
64,3629,5,64,320,370,200.0,250.0,post_swap,swap_distal,False,GCAMP14
65,3630,5,65,320,370,200.0,250.0,post_swap,swap_distal,False,GCAMP14
66,3631,5,66,320,370,200.0,250.0,post_swap,swap_distal,False,GCAMP14
67,3632,5,67,320,370,200.0,250.0,post_swap,swap_distal,False,GCAMP14
68,3633,5,68,320,370,200.0,250.0,post_swap,swap_distal,False,GCAMP14
69,3634,5,69,320,370,200.0,250.0,post_swap,swap_distal,False,GCAMP14
70,3635,5,70,320,370,200.0,250.0,post_swap,swap_distal,False,GCAMP14
71,3636,5,71,320,370,200.0,250.0,post_swap,swap_distal,False,GCAMP14
72,3637,5,72,320,370,200.0,250.0,post_swap,swap_distal,True,GCAMP14
73,3638,5,73,320,370,200.0,250.0,post_swap,swap_distal,False,GCAMP14
74,3639,5,74,320,370,200.0,250.0,post_swap,swap_distal,False,GCAMP14
75,3640,5,75,320,370,200.0,250.0,post_swap,swap_distal,False,GCAMP14
76,3641,5,76,320,370,200.0,250.0,post_swap,swap_distal,False,GCAMP14
77,3642,5,77,320,370,200.0,250.0,post_swap,swap_distal,False,GCAMP14
78,3643,5,78,320,370,200.0,250.0,post_swap,swap_distal,False,GCAMP14
79,3644,5,79,320,370,200.0,250.0,post_swap,swap_distal,False,GCAMP14
0,3645,7,0,320,370,80.0,130.0,pre_swap,swap_proximal,False,GCAMP14
1,3646,7,1,320,370,80.0,130.0,pre_swap,swap_proximal,True,GCAMP14
2,3647,7,2,320,370,80.0,130.0,pre_swap,swap_proximal,False,GCAMP14
3,3648,7,3,320,370,80.0,130.0,pre_swap,swap_proximal,False,GCAMP14
4,3649,7,4,320,370,80.0,130.0,pre_swap,swap_proximal,False,GCAMP14
5,3650,7,5,320,370,80.0,130.0,pre_swap,swap_proximal,False,GCAMP14
6,3651,7,6,320,370,80.0,130.0,pre_swap,swap_proximal,False,GCAMP14
7,3652,7,7,320,370,80.0,130.0,pre_swap,swap_proximal,False,GCAMP14
8,3653,7,8,320,370,80.0,130.0,pre_swap,swap_proximal,False,GCAMP14
9,3654,7,9,320,370,80.0,130.0,pre_swap,swap_proximal,False,GCAMP14
10,3655,7,10,320,370,80.0,130.0,pre_swap,swap_proximal,True,GCAMP14
11,3656,7,11,320,370,80.0,130.0,pre_swap,swap_proximal,True,GCAMP14
12,3657,7,12,320,370,80.0,130.0,pre_swap,swap_proximal,False,GCAMP14
13,3658,7,13,320,370,80.0,130.0,pre_swap,swap_proximal,False,GCAMP14
14,3659,7,14,320,370,80.0,130.0,pre_swap,swap_proximal,False,GCAMP14
15,3660,7,15,320,370,80.0,130.0,pre_swap,swap_proximal,False,GCAMP14
16,3661,7,16,320,370,80.0,130.0,pre_swap,swap_proximal,False,GCAMP14
17,3662,7,17,320,370,80.0,130.0,pre_swap,swap_proximal,False,GCAMP14
18,3663,7,18,320,370,80.0,130.0,pre_swap,swap_proximal,True,GCAMP14
19,3664,7,19,320,370,80.0,130.0,pre_swap,swap_proximal,False,GCAMP14
20,3665,7,20,320,370,80.0,130.0,pre_swap,swap_proximal,False,GCAMP14
21,3666,7,21,320,370,80.0,130.0,pre_swap,swap_proximal,False,GCAMP14
22,3667,7,22,320,370,80.0,130.0,pre_swap,swap_proximal,False,GCAMP14
23,3668,7,23,320,370,80.0,130.0,pre_swap,swap_proximal,False,GCAMP14
24,3669,7,24,320,370,80.0,130.0,pre_swap,swap_proximal,False,GCAMP14
25,3670,7,25,320,370,80.0,130.0,pre_swap,swap_proximal,False,GCAMP14
26,3671,7,26,320,370,80.0,130.0,pre_swap,swap_proximal,False,GCAMP14
27,3672,7,27,320,370,80.0,130.0,pre_swap,swap_proximal,False,GCAMP14
28,3673,7,28,320,370,80.0,130.0,pre_swap,swap_proximal,False,GCAMP14
29,3674,7,29,320,370,80.0,130.0,pre_swap,swap_proximal,False,GCAMP14
30,3675,7,30,80,130,320.0,370.0,post_swap,swap_proximal,False,GCAMP14
31,3676,7,31,80,130,320.0,370.0,post_swap,swap_proximal,False,GCAMP14
32,3677,7,32,80,130,320.0,370.0,post_swap,swap_proximal,False,GCAMP14
33,3678,7,33,80,130,320.0,370.0,post_swap,swap_proximal,False,GCAMP14
34,3679,7,34,80,130,320.0,370.0,post_swap,swap_proximal,True,GCAMP14
35,3680,7,35,80,130,320.0,370.0,post_swap,swap_proximal,False,GCAMP14
36,3681,7,36,80,130,320.0,370.0,post_swap,swap_proximal,False,GCAMP14
37,3682,7,37,80,130,320.0,370.0,post_swap,swap_proximal,False,GCAMP14
38,3683,7,38,80,130,320.0,370.0,post_swap,swap_proximal,False,GCAMP14
39,3684,7,39,80,130,320.0,370.0,post_swap,swap_proximal,False,GCAMP14
40,3685,7,40,80,130,320.0,370.0,post_swap,swap_proximal,False,GCAMP14
41,3686,7,41,80,130,320.0,370.0,post_swap,swap_proximal,True,GCAMP14
42,3687,7,42,80,130,320.0,370.0,post_swap,swap_proximal,False,GCAMP14
43,3688,7,43,80,130,320.0,370.0,post_swap,swap_proximal,False,GCAMP14
44,3689,7,44,80,130,320.0,370.0,post_swap,swap_proximal,False,GCAMP14
45,3690,7,45,80,130,320.0,370.0,post_swap,swap_proximal,False,GCAMP14
46,3691,7,46,80,130,320.0,370.0,post_swap,swap_proximal,False,GCAMP14
47,3692,7,47,80,130,320.0,370.0,post_swap,swap_proximal,False,GCAMP14
48,3693,7,48,80,130,320.0,370.0,post_swap,swap_proximal,False,GCAMP14
49,3694,7,49,80,130,320.0,370.0,post_swap,swap_proximal,False,GCAMP14
50,3695,7,50,80,130,320.0,370.0,post_swap,swap_proximal,False,GCAMP14
51,3696,7,51,80,130,320.0,370.0,post_swap,swap_proximal,False,GCAMP14
52,3697,7,52,80,130,320.0,370.0,post_swap,swap_proximal,False,GCAMP14
53,3698,7,53,80,130,320.0,370.0,post_swap,swap_proximal,False,GCAMP14
54,3699,7,54,80,130,320.0,370.0,post_swap,swap_proximal,False,GCAMP14
55,3700,7,55,80,130,320.0,370.0,post_swap,swap_proximal,False,GCAMP14
56,3701,7,56,80,130,320.0,370.0,post_swap,swap_proximal,False,GCAMP14
57,3702,7,57,80,130,320.0,370.0,post_swap,swap_proximal,False,GCAMP14
58,3703,7,58,80,130,320.0,370.0,post_swap,swap_proximal,False,GCAMP14
59,3704,7,59,80,130,320.0,370.0,post_swap,swap_proximal,False,GCAMP14
60,3705,7,60,80,130,320.0,370.0,post_swap,swap_proximal,False,GCAMP14
61,3706,7,61,80,130,320.0,370.0,post_swap,swap_proximal,False,GCAMP14
62,3707,7,62,80,130,320.0,370.0,post_swap,swap_proximal,False,GCAMP14
63,3708,7,63,80,130,320.0,370.0,post_swap,swap_proximal,False,GCAMP14
64,3709,7,64,80,130,320.0,370.0,post_swap,swap_proximal,False,GCAMP14
65,3710,7,65,80,130,320.0,370.0,post_swap,swap_proximal,False,GCAMP14
66,3711,7,66,80,130,320.0,370.0,post_swap,swap_proximal,False,GCAMP14
67,3712,7,67,80,130,320.0,370.0,post_swap,swap_proximal,False,GCAMP14
68,3713,7,68,80,130,320.0,370.0,post_swap,swap_proximal,False,GCAMP14
69,3714,7,69,80,130,320.0,370.0,post_swap,swap_proximal,False,GCAMP14
70,3715,7,70,80,130,320.0,370.0,post_swap,swap_proximal,False,GCAMP14
71,3716,7,71,80,130,320.0,370.0,post_swap,swap_proximal,False,GCAMP14
72,3717,7,72,80,130,320.0,370.0,post_swap,swap_proximal,False,GCAMP14
73,3718,7,73,80,130,320.0,370.0,post_swap,swap_proximal,False,GCAMP14
74,3719,7,74,80,130,320.0,370.0,post_swap,swap_proximal,False,GCAMP14
75,3720,7,75,80,130,320.0,370.0,post_swap,swap_proximal,False,GCAMP14
76,3721,7,76,80,130,320.0,370.0,post_swap,swap_proximal,False,GCAMP14
77,3722,7,77,80,130,320.0,370.0,post_swap,swap_proximal,False,GCAMP14
78,3723,7,78,80,130,320.0,370.0,post_swap,swap_proximal,False,GCAMP14
79,3724,7,79,80,130,320.0,370.0,post_swap,swap_proximal,False,GCAMP14
0,3725,8,0,80,130,320.0,370.0,pre_swap,swap_distal,False,GCAMP14
1,3726,8,1,80,130,320.0,370.0,pre_swap,swap_distal,False,GCAMP14
2,3727,8,2,80,130,320.0,370.0,pre_swap,swap_distal,True,GCAMP14
3,3728,8,3,80,130,320.0,370.0,pre_swap,swap_distal,False,GCAMP14
4,3729,8,4,80,130,320.0,370.0,pre_swap,swap_distal,False,GCAMP14
5,3730,8,5,80,130,320.0,370.0,pre_swap,swap_distal,False,GCAMP14
6,3731,8,6,80,130,320.0,370.0,pre_swap,swap_distal,False,GCAMP14
7,3732,8,7,80,130,320.0,370.0,pre_swap,swap_distal,False,GCAMP14
8,3733,8,8,80,130,320.0,370.0,pre_swap,swap_distal,False,GCAMP14
9,3734,8,9,80,130,320.0,370.0,pre_swap,swap_distal,False,GCAMP14
10,3735,8,10,80,130,320.0,370.0,pre_swap,swap_distal,False,GCAMP14
11,3736,8,11,80,130,320.0,370.0,pre_swap,swap_distal,False,GCAMP14
12,3737,8,12,80,130,320.0,370.0,pre_swap,swap_distal,False,GCAMP14
13,3738,8,13,80,130,320.0,370.0,pre_swap,swap_distal,True,GCAMP14
14,3739,8,14,80,130,320.0,370.0,pre_swap,swap_distal,False,GCAMP14
15,3740,8,15,80,130,320.0,370.0,pre_swap,swap_distal,False,GCAMP14
16,3741,8,16,80,130,320.0,370.0,pre_swap,swap_distal,False,GCAMP14
17,3742,8,17,80,130,320.0,370.0,pre_swap,swap_distal,False,GCAMP14
18,3743,8,18,80,130,320.0,370.0,pre_swap,swap_distal,False,GCAMP14
19,3744,8,19,80,130,320.0,370.0,pre_swap,swap_distal,False,GCAMP14
20,3745,8,20,80,130,320.0,370.0,pre_swap,swap_distal,False,GCAMP14
21,3746,8,21,80,130,320.0,370.0,pre_swap,swap_distal,False,GCAMP14
22,3747,8,22,80,130,320.0,370.0,pre_swap,swap_distal,False,GCAMP14
23,3748,8,23,80,130,320.0,370.0,pre_swap,swap_distal,False,GCAMP14
24,3749,8,24,80,130,320.0,370.0,pre_swap,swap_distal,False,GCAMP14
25,3750,8,25,80,130,320.0,370.0,pre_swap,swap_distal,False,GCAMP14
26,3751,8,26,80,130,320.0,370.0,pre_swap,swap_distal,False,GCAMP14
27,3752,8,27,80,130,320.0,370.0,pre_swap,swap_distal,True,GCAMP14
28,3753,8,28,80,130,320.0,370.0,pre_swap,swap_distal,False,GCAMP14
29,3754,8,29,80,130,320.0,370.0,pre_swap,swap_distal,False,GCAMP14
30,3755,8,30,320,370,80.0,130.0,post_swap,swap_distal,False,GCAMP14
31,3756,8,31,320,370,80.0,130.0,post_swap,swap_distal,False,GCAMP14
32,3757,8,32,320,370,80.0,130.0,post_swap,swap_distal,False,GCAMP14
33,3758,8,33,320,370,80.0,130.0,post_swap,swap_distal,False,GCAMP14
34,3759,8,34,320,370,80.0,130.0,post_swap,swap_distal,False,GCAMP14
35,3760,8,35,320,370,80.0,130.0,post_swap,swap_distal,False,GCAMP14
36,3761,8,36,320,370,80.0,130.0,post_swap,swap_distal,False,GCAMP14
37,3762,8,37,320,370,80.0,130.0,post_swap,swap_distal,False,GCAMP14
38,3763,8,38,320,370,80.0,130.0,post_swap,swap_distal,True,GCAMP14
39,3764,8,39,320,370,80.0,130.0,post_swap,swap_distal,False,GCAMP14
40,3765,8,40,320,370,80.0,130.0,post_swap,swap_distal,False,GCAMP14
41,3766,8,41,320,370,80.0,130.0,post_swap,swap_distal,False,GCAMP14
42,3767,8,42,320,370,80.0,130.0,post_swap,swap_distal,False,GCAMP14
43,3768,8,43,320,370,80.0,130.0,post_swap,swap_distal,False,GCAMP14
44,3769,8,44,320,370,80.0,130.0,post_swap,swap_distal,True,GCAMP14
45,3770,8,45,320,370,80.0,130.0,post_swap,swap_distal,False,GCAMP14
46,3771,8,46,320,370,80.0,130.0,post_swap,swap_distal,False,GCAMP14
47,3772,8,47,320,370,80.0,130.0,post_swap,swap_distal,False,GCAMP14
48,3773,8,48,320,370,80.0,130.0,post_swap,swap_distal,False,GCAMP14
49,3774,8,49,320,370,80.0,130.0,post_swap,swap_distal,False,GCAMP14
50,3775,8,50,320,370,80.0,130.0,post_swap,swap_distal,False,GCAMP14
51,3776,8,51,320,370,80.0,130.0,post_swap,swap_distal,False,GCAMP14
52,3777,8,52,320,370,80.0,130.0,post_swap,swap_distal,False,GCAMP14
53,3778,8,53,320,370,80.0,130.0,post_swap,swap_distal,False,GCAMP14
54,3779,8,54,320,370,80.0,130.0,post_swap,swap_distal,False,GCAMP14
55,3780,8,55,320,370,80.0,130.0,post_swap,swap_distal,False,GCAMP14
56,3781,8,56,320,370,80.0,130.0,post_swap,swap_distal,False,GCAMP14
57,3782,8,57,320,370,80.0,130.0,post_swap,swap_distal,False,GCAMP14
58,3783,8,58,320,370,80.0,130.0,post_swap,swap_distal,True,GCAMP14
59,3784,8,59,320,370,80.0,130.0,post_swap,swap_distal,True,GCAMP14
60,3785,8,60,320,370,80.0,130.0,post_swap,swap_distal,False,GCAMP14
61,3786,8,61,320,370,80.0,130.0,post_swap,swap_distal,False,GCAMP14
62,3787,8,62,320,370,80.0,130.0,post_swap,swap_distal,False,GCAMP14
63,3788,8,63,320,370,80.0,130.0,post_swap,swap_distal,False,GCAMP14
64,3789,8,64,320,370,80.0,130.0,post_swap,swap_distal,False,GCAMP14
65,3790,8,65,320,370,80.0,130.0,post_swap,swap_distal,False,GCAMP14
66,3791,8,66,320,370,80.0,130.0,post_swap,swap_distal,True,GCAMP14
67,3792,8,67,320,370,80.0,130.0,post_swap,swap_distal,False,GCAMP14
68,3793,8,68,320,370,80.0,130.0,post_swap,swap_distal,False,GCAMP14
69,3794,8,69,320,370,80.0,130.0,post_swap,swap_distal,False,GCAMP14
70,3795,8,70,320,370,80.0,130.0,post_swap,swap_distal,False,GCAMP14
71,3796,8,71,320,370,80.0,130.0,post_swap,swap_distal,False,GCAMP14
72,3797,8,72,320,370,80.0,130.0,post_swap,swap_distal,False,GCAMP14
73,3798,8,73,320,370,80.0,130.0,post_swap,swap_distal,False,GCAMP14
74,3799,8,74,320,370,80.0,130.0,post_swap,swap_distal,False,GCAMP14
75,3800,8,75,320,370,80.0,130.0,post_swap,swap_distal,False,GCAMP14
76,3801,8,76,320,370,80.0,130.0,post_swap,swap_distal,True,GCAMP14
77,3802,8,77,320,370,80.0,130.0,post_swap,swap_distal,False,GCAMP14
78,3803,8,78,320,370,80.0,130.0,post_swap,swap_distal,False,GCAMP14
79,3804,8,79,320,370,80.0,130.0,post_swap,swap_distal,False,GCAMP14
0,3805,10,0,320,370,200.0,250.0,pre_swap,swap_proximal,False,GCAMP14
1,3806,10,1,320,370,200.0,250.0,pre_swap,swap_proximal,True,GCAMP14
2,3807,10,2,320,370,200.0,250.0,pre_swap,swap_proximal,False,GCAMP14
3,3808,10,3,320,370,200.0,250.0,pre_swap,swap_proximal,False,GCAMP14
4,3809,10,4,320,370,200.0,250.0,pre_swap,swap_proximal,False,GCAMP14
5,3810,10,5,320,370,200.0,250.0,pre_swap,swap_proximal,True,GCAMP14
6,3811,10,6,320,370,200.0,250.0,pre_swap,swap_proximal,False,GCAMP14
7,3812,10,7,320,370,200.0,250.0,pre_swap,swap_proximal,False,GCAMP14
8,3813,10,8,320,370,200.0,250.0,pre_swap,swap_proximal,False,GCAMP14
9,3814,10,9,320,370,200.0,250.0,pre_swap,swap_proximal,False,GCAMP14
10,3815,10,10,320,370,200.0,250.0,pre_swap,swap_proximal,True,GCAMP14
11,3816,10,11,320,370,200.0,250.0,pre_swap,swap_proximal,True,GCAMP14
12,3817,10,12,320,370,200.0,250.0,pre_swap,swap_proximal,True,GCAMP14
13,3818,10,13,320,370,200.0,250.0,pre_swap,swap_proximal,False,GCAMP14
14,3819,10,14,320,370,200.0,250.0,pre_swap,swap_proximal,False,GCAMP14
15,3820,10,15,320,370,200.0,250.0,pre_swap,swap_proximal,True,GCAMP14
16,3821,10,16,320,370,200.0,250.0,pre_swap,swap_proximal,False,GCAMP14
17,3822,10,17,320,370,200.0,250.0,pre_swap,swap_proximal,False,GCAMP14
18,3823,10,18,320,370,200.0,250.0,pre_swap,swap_proximal,False,GCAMP14
19,3824,10,19,320,370,200.0,250.0,pre_swap,swap_proximal,True,GCAMP14
20,3825,10,20,320,370,200.0,250.0,pre_swap,swap_proximal,False,GCAMP14
21,3826,10,21,320,370,200.0,250.0,pre_swap,swap_proximal,False,GCAMP14
22,3827,10,22,320,370,200.0,250.0,pre_swap,swap_proximal,False,GCAMP14
23,3828,10,23,320,370,200.0,250.0,pre_swap,swap_proximal,False,GCAMP14
24,3829,10,24,320,370,200.0,250.0,pre_swap,swap_proximal,False,GCAMP14
25,3830,10,25,320,370,200.0,250.0,pre_swap,swap_proximal,False,GCAMP14
26,3831,10,26,320,370,200.0,250.0,pre_swap,swap_proximal,False,GCAMP14
27,3832,10,27,320,370,200.0,250.0,pre_swap,swap_proximal,False,GCAMP14
28,3833,10,28,320,370,200.0,250.0,pre_swap,swap_proximal,False,GCAMP14
29,3834,10,29,320,370,200.0,250.0,pre_swap,swap_proximal,False,GCAMP14
30,3835,10,30,200,250,320.0,370.0,post_swap,swap_proximal,False,GCAMP14
31,3836,10,31,200,250,320.0,370.0,post_swap,swap_proximal,True,GCAMP14
32,3837,10,32,200,250,320.0,370.0,post_swap,swap_proximal,False,GCAMP14
33,3838,10,33,200,250,320.0,370.0,post_swap,swap_proximal,False,GCAMP14
34,3839,10,34,200,250,320.0,370.0,post_swap,swap_proximal,False,GCAMP14
35,3840,10,35,200,250,320.0,370.0,post_swap,swap_proximal,False,GCAMP14
36,3841,10,36,200,250,320.0,370.0,post_swap,swap_proximal,False,GCAMP14
37,3842,10,37,200,250,320.0,370.0,post_swap,swap_proximal,False,GCAMP14
38,3843,10,38,200,250,320.0,370.0,post_swap,swap_proximal,False,GCAMP14
39,3844,10,39,200,250,320.0,370.0,post_swap,swap_proximal,False,GCAMP14
40,3845,10,40,200,250,320.0,370.0,post_swap,swap_proximal,False,GCAMP14
41,3846,10,41,200,250,320.0,370.0,post_swap,swap_proximal,False,GCAMP14
42,3847,10,42,200,250,320.0,370.0,post_swap,swap_proximal,True,GCAMP14
43,3848,10,43,200,250,320.0,370.0,post_swap,swap_proximal,False,GCAMP14
44,3849,10,44,200,250,320.0,370.0,post_swap,swap_proximal,False,GCAMP14
45,3850,10,45,200,250,320.0,370.0,post_swap,swap_proximal,False,GCAMP14
46,3851,10,46,200,250,320.0,370.0,post_swap,swap_proximal,False,GCAMP14
47,3852,10,47,200,250,320.0,370.0,post_swap,swap_proximal,False,GCAMP14
48,3853,10,48,200,250,320.0,370.0,post_swap,swap_proximal,True,GCAMP14
49,3854,10,49,200,250,320.0,370.0,post_swap,swap_proximal,False,GCAMP14
50,3855,10,50,200,250,320.0,370.0,post_swap,swap_proximal,False,GCAMP14
51,3856,10,51,200,250,320.0,370.0,post_swap,swap_proximal,False,GCAMP14
52,3857,10,52,200,250,320.0,370.0,post_swap,swap_proximal,False,GCAMP14
53,3858,10,53,200,250,320.0,370.0,post_swap,swap_proximal,False,GCAMP14
54,3859,10,54,200,250,320.0,370.0,post_swap,swap_proximal,False,GCAMP14
55,3860,10,55,200,250,320.0,370.0,post_swap,swap_proximal,False,GCAMP14
56,3861,10,56,200,250,320.0,370.0,post_swap,swap_proximal,True,GCAMP14
57,3862,10,57,200,250,320.0,370.0,post_swap,swap_proximal,False,GCAMP14
58,3863,10,58,200,250,320.0,370.0,post_swap,swap_proximal,False,GCAMP14
59,3864,10,59,200,250,320.0,370.0,post_swap,swap_proximal,True,GCAMP14
60,3865,10,60,200,250,320.0,370.0,post_swap,swap_proximal,True,GCAMP14
61,3866,10,61,200,250,320.0,370.0,post_swap,swap_proximal,False,GCAMP14
62,3867,10,62,200,250,320.0,370.0,post_swap,swap_proximal,False,GCAMP14
63,3868,10,63,200,250,320.0,370.0,post_swap,swap_proximal,False,GCAMP14
64,3869,10,64,200,250,320.0,370.0,post_swap,swap_proximal,False,GCAMP14
65,3870,10,65,200,250,320.0,370.0,post_swap,swap_proximal,False,GCAMP14
66,3871,10,66,200,250,320.0,370.0,post_swap,swap_proximal,True,GCAMP14
67,3872,10,67,200,250,320.0,370.0,post_swap,swap_proximal,False,GCAMP14
68,3873,10,68,200,250,320.0,370.0,post_swap,swap_proximal,False,GCAMP14
69,3874,10,69,200,250,320.0,370.0,post_swap,swap_proximal,True,GCAMP14
70,3875,10,70,200,250,320.0,370.0,post_swap,swap_proximal,False,GCAMP14
71,3876,10,71,200,250,320.0,370.0,post_swap,swap_proximal,False,GCAMP14
72,3877,10,72,200,250,320.0,370.0,post_swap,swap_proximal,False,GCAMP14
73,3878,10,73,200,250,320.0,370.0,post_swap,swap_proximal,False,GCAMP14
74,3879,10,74,200,250,320.0,370.0,post_swap,swap_proximal,False,GCAMP14
75,3880,10,75,200,250,320.0,370.0,post_swap,swap_proximal,False,GCAMP14
76,3881,10,76,200,250,320.0,370.0,post_swap,swap_proximal,False,GCAMP14
77,3882,10,77,200,250,320.0,370.0,post_swap,swap_proximal,False,GCAMP14
78,3883,10,78,200,250,320.0,370.0,post_swap,swap_proximal,False,GCAMP14
79,3884,10,79,200,250,320.0,370.0,post_swap,swap_proximal,False,GCAMP14
0,3885,12,0,200,250,80.0,130.0,pre_swap,swap_proximal,False,GCAMP14
1,3886,12,1,200,250,80.0,130.0,pre_swap,swap_proximal,False,GCAMP14
2,3887,12,2,200,250,80.0,130.0,pre_swap,swap_proximal,False,GCAMP14
3,3888,12,3,200,250,80.0,130.0,pre_swap,swap_proximal,False,GCAMP14
4,3889,12,4,200,250,80.0,130.0,pre_swap,swap_proximal,False,GCAMP14
5,3890,12,5,200,250,80.0,130.0,pre_swap,swap_proximal,False,GCAMP14
6,3891,12,6,200,250,80.0,130.0,pre_swap,swap_proximal,False,GCAMP14
7,3892,12,7,200,250,80.0,130.0,pre_swap,swap_proximal,False,GCAMP14
8,3893,12,8,200,250,80.0,130.0,pre_swap,swap_proximal,True,GCAMP14
9,3894,12,9,200,250,80.0,130.0,pre_swap,swap_proximal,False,GCAMP14
10,3895,12,10,200,250,80.0,130.0,pre_swap,swap_proximal,False,GCAMP14
11,3896,12,11,200,250,80.0,130.0,pre_swap,swap_proximal,False,GCAMP14
12,3897,12,12,200,250,80.0,130.0,pre_swap,swap_proximal,False,GCAMP14
13,3898,12,13,200,250,80.0,130.0,pre_swap,swap_proximal,False,GCAMP14
14,3899,12,14,200,250,80.0,130.0,pre_swap,swap_proximal,False,GCAMP14
15,3900,12,15,200,250,80.0,130.0,pre_swap,swap_proximal,False,GCAMP14
16,3901,12,16,200,250,80.0,130.0,pre_swap,swap_proximal,False,GCAMP14
17,3902,12,17,200,250,80.0,130.0,pre_swap,swap_proximal,False,GCAMP14
18,3903,12,18,200,250,80.0,130.0,pre_swap,swap_proximal,False,GCAMP14
19,3904,12,19,200,250,80.0,130.0,pre_swap,swap_proximal,False,GCAMP14
20,3905,12,20,200,250,80.0,130.0,pre_swap,swap_proximal,False,GCAMP14
21,3906,12,21,200,250,80.0,130.0,pre_swap,swap_proximal,False,GCAMP14
22,3907,12,22,200,250,80.0,130.0,pre_swap,swap_proximal,False,GCAMP14
23,3908,12,23,200,250,80.0,130.0,pre_swap,swap_proximal,False,GCAMP14
24,3909,12,24,200,250,80.0,130.0,pre_swap,swap_proximal,False,GCAMP14
25,3910,12,25,200,250,80.0,130.0,pre_swap,swap_proximal,False,GCAMP14
26,3911,12,26,200,250,80.0,130.0,pre_swap,swap_proximal,False,GCAMP14
27,3912,12,27,200,250,80.0,130.0,pre_swap,swap_proximal,False,GCAMP14
28,3913,12,28,200,250,80.0,130.0,pre_swap,swap_proximal,False,GCAMP14
29,3914,12,29,200,250,80.0,130.0,pre_swap,swap_proximal,False,GCAMP14
30,3915,12,30,80,130,200.0,250.0,post_swap,swap_proximal,False,GCAMP14
31,3916,12,31,80,130,200.0,250.0,post_swap,swap_proximal,False,GCAMP14
32,3917,12,32,80,130,200.0,250.0,post_swap,swap_proximal,False,GCAMP14
33,3918,12,33,80,130,200.0,250.0,post_swap,swap_proximal,False,GCAMP14
34,3919,12,34,80,130,200.0,250.0,post_swap,swap_proximal,False,GCAMP14
35,3920,12,35,80,130,200.0,250.0,post_swap,swap_proximal,False,GCAMP14
36,3921,12,36,80,130,200.0,250.0,post_swap,swap_proximal,False,GCAMP14
37,3922,12,37,80,130,200.0,250.0,post_swap,swap_proximal,False,GCAMP14
38,3923,12,38,80,130,200.0,250.0,post_swap,swap_proximal,False,GCAMP14
39,3924,12,39,80,130,200.0,250.0,post_swap,swap_proximal,True,GCAMP14
40,3925,12,40,80,130,200.0,250.0,post_swap,swap_proximal,False,GCAMP14
41,3926,12,41,80,130,200.0,250.0,post_swap,swap_proximal,False,GCAMP14
42,3927,12,42,80,130,200.0,250.0,post_swap,swap_proximal,False,GCAMP14
43,3928,12,43,80,130,200.0,250.0,post_swap,swap_proximal,False,GCAMP14
44,3929,12,44,80,130,200.0,250.0,post_swap,swap_proximal,False,GCAMP14
45,3930,12,45,80,130,200.0,250.0,post_swap,swap_proximal,False,GCAMP14
46,3931,12,46,80,130,200.0,250.0,post_swap,swap_proximal,False,GCAMP14
47,3932,12,47,80,130,200.0,250.0,post_swap,swap_proximal,False,GCAMP14
48,3933,12,48,80,130,200.0,250.0,post_swap,swap_proximal,True,GCAMP14
49,3934,12,49,80,130,200.0,250.0,post_swap,swap_proximal,False,GCAMP14
50,3935,12,50,80,130,200.0,250.0,post_swap,swap_proximal,False,GCAMP14
51,3936,12,51,80,130,200.0,250.0,post_swap,swap_proximal,False,GCAMP14
52,3937,12,52,80,130,200.0,250.0,post_swap,swap_proximal,False,GCAMP14
53,3938,12,53,80,130,200.0,250.0,post_swap,swap_proximal,False,GCAMP14
54,3939,12,54,80,130,200.0,250.0,post_swap,swap_proximal,True,GCAMP14
55,3940,12,55,80,130,200.0,250.0,post_swap,swap_proximal,False,GCAMP14
56,3941,12,56,80,130,200.0,250.0,post_swap,swap_proximal,False,GCAMP14
57,3942,12,57,80,130,200.0,250.0,post_swap,swap_proximal,False,GCAMP14
58,3943,12,58,80,130,200.0,250.0,post_swap,swap_proximal,False,GCAMP14
59,3944,12,59,80,130,200.0,250.0,post_swap,swap_proximal,True,GCAMP14
60,3945,12,60,80,130,200.0,250.0,post_swap,swap_proximal,False,GCAMP14
61,3946,12,61,80,130,200.0,250.0,post_swap,swap_proximal,False,GCAMP14
62,3947,12,62,80,130,200.0,250.0,post_swap,swap_proximal,False,GCAMP14
63,3948,12,63,80,130,200.0,250.0,post_swap,swap_proximal,False,GCAMP14
64,3949,12,64,80,130,200.0,250.0,post_swap,swap_proximal,False,GCAMP14
65,3950,12,65,80,130,200.0,250.0,post_swap,swap_proximal,False,GCAMP14
66,3951,12,66,80,130,200.0,250.0,post_swap,swap_proximal,False,GCAMP14
67,3952,12,67,80,130,200.0,250.0,post_swap,swap_proximal,False,GCAMP14
68,3953,12,68,80,130,200.0,250.0,post_swap,swap_proximal,False,GCAMP14
69,3954,12,69,80,130,200.0,250.0,post_swap,swap_proximal,False,GCAMP14
70,3955,12,70,80,130,200.0,250.0,post_swap,swap_proximal,False,GCAMP14
71,3956,12,71,80,130,200.0,250.0,post_swap,swap_proximal,False,GCAMP14
72,3957,12,72,80,130,200.0,250.0,post_swap,swap_proximal,False,GCAMP14
73,3958,12,73,80,130,200.0,250.0,post_swap,swap_proximal,True,GCAMP14
74,3959,12,74,80,130,200.0,250.0,post_swap,swap_proximal,True,GCAMP14
75,3960,12,75,80,130,200.0,250.0,post_swap,swap_proximal,False,GCAMP14
76,3961,12,76,80,130,200.0,250.0,post_swap,swap_proximal,True,GCAMP14
77,3962,12,77,80,130,200.0,250.0,post_swap,swap_proximal,False,GCAMP14
78,3963,12,78,80,130,200.0,250.0,post_swap,swap_proximal,False,GCAMP14
79,3964,12,79,80,130,200.0,250.0,post_swap,swap_proximal,False,GCAMP14
0,3965,14,0,80,130,320.0,370.0,pre_swap,swap_distal,False,GCAMP14
1,3966,14,1,80,130,320.0,370.0,pre_swap,swap_distal,False,GCAMP14
2,3967,14,2,80,130,320.0,370.0,pre_swap,swap_distal,False,GCAMP14
3,3968,14,3,80,130,320.0,370.0,pre_swap,swap_distal,True,GCAMP14
4,3969,14,4,80,130,320.0,370.0,pre_swap,swap_distal,False,GCAMP14
5,3970,14,5,80,130,320.0,370.0,pre_swap,swap_distal,False,GCAMP14
6,3971,14,6,80,130,320.0,370.0,pre_swap,swap_distal,False,GCAMP14
7,3972,14,7,80,130,320.0,370.0,pre_swap,swap_distal,True,GCAMP14
8,3973,14,8,80,130,320.0,370.0,pre_swap,swap_distal,False,GCAMP14
9,3974,14,9,80,130,320.0,370.0,pre_swap,swap_distal,False,GCAMP14
10,3975,14,10,80,130,320.0,370.0,pre_swap,swap_distal,False,GCAMP14
11,3976,14,11,80,130,320.0,370.0,pre_swap,swap_distal,False,GCAMP14
12,3977,14,12,80,130,320.0,370.0,pre_swap,swap_distal,True,GCAMP14
13,3978,14,13,80,130,320.0,370.0,pre_swap,swap_distal,True,GCAMP14
14,3979,14,14,80,130,320.0,370.0,pre_swap,swap_distal,False,GCAMP14
15,3980,14,15,80,130,320.0,370.0,pre_swap,swap_distal,False,GCAMP14
16,3981,14,16,80,130,320.0,370.0,pre_swap,swap_distal,False,GCAMP14
17,3982,14,17,80,130,320.0,370.0,pre_swap,swap_distal,False,GCAMP14
18,3983,14,18,80,130,320.0,370.0,pre_swap,swap_distal,True,GCAMP14
19,3984,14,19,80,130,320.0,370.0,pre_swap,swap_distal,False,GCAMP14
20,3985,14,20,80,130,320.0,370.0,pre_swap,swap_distal,False,GCAMP14
21,3986,14,21,80,130,320.0,370.0,pre_swap,swap_distal,False,GCAMP14
22,3987,14,22,80,130,320.0,370.0,pre_swap,swap_distal,False,GCAMP14
23,3988,14,23,80,130,320.0,370.0,pre_swap,swap_distal,False,GCAMP14
24,3989,14,24,80,130,320.0,370.0,pre_swap,swap_distal,False,GCAMP14
25,3990,14,25,80,130,320.0,370.0,pre_swap,swap_distal,False,GCAMP14
26,3991,14,26,80,130,320.0,370.0,pre_swap,swap_distal,False,GCAMP14
27,3992,14,27,80,130,320.0,370.0,pre_swap,swap_distal,False,GCAMP14
28,3993,14,28,80,130,320.0,370.0,pre_swap,swap_distal,False,GCAMP14
29,3994,14,29,80,130,320.0,370.0,pre_swap,swap_distal,False,GCAMP14
30,3995,14,30,320,370,80.0,130.0,post_swap,swap_distal,False,GCAMP14
31,3996,14,31,320,370,80.0,130.0,post_swap,swap_distal,False,GCAMP14
32,3997,14,32,320,370,80.0,130.0,post_swap,swap_distal,False,GCAMP14
33,3998,14,33,320,370,80.0,130.0,post_swap,swap_distal,False,GCAMP14
34,3999,14,34,320,370,80.0,130.0,post_swap,swap_distal,False,GCAMP14
35,4000,14,35,320,370,80.0,130.0,post_swap,swap_distal,False,GCAMP14
36,4001,14,36,320,370,80.0,130.0,post_swap,swap_distal,False,GCAMP14
37,4002,14,37,320,370,80.0,130.0,post_swap,swap_distal,False,GCAMP14
38,4003,14,38,320,370,80.0,130.0,post_swap,swap_distal,False,GCAMP14
39,4004,14,39,320,370,80.0,130.0,post_swap,swap_distal,False,GCAMP14
40,4005,14,40,320,370,80.0,130.0,post_swap,swap_distal,False,GCAMP14
41,4006,14,41,320,370,80.0,130.0,post_swap,swap_distal,True,GCAMP14
42,4007,14,42,320,370,80.0,130.0,post_swap,swap_distal,False,GCAMP14
43,4008,14,43,320,370,80.0,130.0,post_swap,swap_distal,False,GCAMP14
44,4009,14,44,320,370,80.0,130.0,post_swap,swap_distal,False,GCAMP14
45,4010,14,45,320,370,80.0,130.0,post_swap,swap_distal,True,GCAMP14
46,4011,14,46,320,370,80.0,130.0,post_swap,swap_distal,False,GCAMP14
47,4012,14,47,320,370,80.0,130.0,post_swap,swap_distal,False,GCAMP14
48,4013,14,48,320,370,80.0,130.0,post_swap,swap_distal,False,GCAMP14
49,4014,14,49,320,370,80.0,130.0,post_swap,swap_distal,False,GCAMP14
50,4015,14,50,320,370,80.0,130.0,post_swap,swap_distal,False,GCAMP14
51,4016,14,51,320,370,80.0,130.0,post_swap,swap_distal,False,GCAMP14
52,4017,14,52,320,370,80.0,130.0,post_swap,swap_distal,True,GCAMP14
53,4018,14,53,320,370,80.0,130.0,post_swap,swap_distal,True,GCAMP14
54,4019,14,54,320,370,80.0,130.0,post_swap,swap_distal,True,GCAMP14
55,4020,14,55,320,370,80.0,130.0,post_swap,swap_distal,False,GCAMP14
56,4021,14,56,320,370,80.0,130.0,post_swap,swap_distal,True,GCAMP14
57,4022,14,57,320,370,80.0,130.0,post_swap,swap_distal,False,GCAMP14
58,4023,14,58,320,370,80.0,130.0,post_swap,swap_distal,False,GCAMP14
59,4024,14,59,320,370,80.0,130.0,post_swap,swap_distal,False,GCAMP14
60,4025,14,60,320,370,80.0,130.0,post_swap,swap_distal,False,GCAMP14
61,4026,14,61,320,370,80.0,130.0,post_swap,swap_distal,False,GCAMP14
62,4027,14,62,320,370,80.0,130.0,post_swap,swap_distal,True,GCAMP14
63,4028,14,63,320,370,80.0,130.0,post_swap,swap_distal,False,GCAMP14
64,4029,14,64,320,370,80.0,130.0,post_swap,swap_distal,True,GCAMP14
65,4030,14,65,320,370,80.0,130.0,post_swap,swap_distal,False,GCAMP14
66,4031,14,66,320,370,80.0,130.0,post_swap,swap_distal,False,GCAMP14
67,4032,14,67,320,370,80.0,130.0,post_swap,swap_distal,False,GCAMP14
68,4033,14,68,320,370,80.0,130.0,post_swap,swap_distal,False,GCAMP14
69,4034,14,69,320,370,80.0,130.0,post_swap,swap_distal,False,GCAMP14
70,4035,14,70,320,370,80.0,130.0,post_swap,swap_distal,False,GCAMP14
71,4036,14,71,320,370,80.0,130.0,post_swap,swap_distal,False,GCAMP14
72,4037,14,72,320,370,80.0,130.0,post_swap,swap_distal,False,GCAMP14
73,4038,14,73,320,370,80.0,130.0,post_swap,swap_distal,False,GCAMP14
74,4039,14,74,320,370,80.0,130.0,post_swap,swap_distal,False,GCAMP14
75,4040,14,75,320,370,80.0,130.0,post_swap,swap_distal,True,GCAMP14
76,4041,14,76,320,370,80.0,130.0,post_swap,swap_distal,True,GCAMP14
77,4042,14,77,320,370,80.0,130.0,post_swap,swap_distal,False,GCAMP14
78,4043,14,78,320,370,80.0,130.0,post_swap,swap_distal,False,GCAMP14
79,4044,14,79,320,370,80.0,130.0,post_swap,swap_distal,False,GCAMP14
0,4045,3,0,80,130,320.0,370.0,pre_swap,swap_distal,False,GCAMP15
1,4046,3,1,80,130,320.0,370.0,pre_swap,swap_distal,False,GCAMP15
2,4047,3,2,80,130,320.0,370.0,pre_swap,swap_distal,False,GCAMP15
3,4048,3,3,80,130,320.0,370.0,pre_swap,swap_distal,False,GCAMP15
4,4049,3,4,80,130,320.0,370.0,pre_swap,swap_distal,False,GCAMP15
5,4050,3,5,80,130,320.0,370.0,pre_swap,swap_distal,False,GCAMP15
6,4051,3,6,80,130,320.0,370.0,pre_swap,swap_distal,False,GCAMP15
7,4052,3,7,80,130,320.0,370.0,pre_swap,swap_distal,False,GCAMP15
8,4053,3,8,80,130,320.0,370.0,pre_swap,swap_distal,False,GCAMP15
9,4054,3,9,80,130,320.0,370.0,pre_swap,swap_distal,False,GCAMP15
10,4055,3,10,80,130,320.0,370.0,pre_swap,swap_distal,False,GCAMP15
11,4056,3,11,80,130,320.0,370.0,pre_swap,swap_distal,False,GCAMP15
12,4057,3,12,80,130,320.0,370.0,pre_swap,swap_distal,False,GCAMP15
13,4058,3,13,80,130,320.0,370.0,pre_swap,swap_distal,True,GCAMP15
14,4059,3,14,80,130,320.0,370.0,pre_swap,swap_distal,False,GCAMP15
15,4060,3,15,80,130,320.0,370.0,pre_swap,swap_distal,False,GCAMP15
16,4061,3,16,80,130,320.0,370.0,pre_swap,swap_distal,False,GCAMP15
17,4062,3,17,80,130,320.0,370.0,pre_swap,swap_distal,False,GCAMP15
18,4063,3,18,80,130,320.0,370.0,pre_swap,swap_distal,False,GCAMP15
19,4064,3,19,80,130,320.0,370.0,pre_swap,swap_distal,False,GCAMP15
20,4065,3,20,80,130,320.0,370.0,pre_swap,swap_distal,False,GCAMP15
21,4066,3,21,80,130,320.0,370.0,pre_swap,swap_distal,False,GCAMP15
22,4067,3,22,80,130,320.0,370.0,pre_swap,swap_distal,True,GCAMP15
23,4068,3,23,80,130,320.0,370.0,pre_swap,swap_distal,False,GCAMP15
24,4069,3,24,80,130,320.0,370.0,pre_swap,swap_distal,False,GCAMP15
25,4070,3,25,80,130,320.0,370.0,pre_swap,swap_distal,False,GCAMP15
26,4071,3,26,80,130,320.0,370.0,pre_swap,swap_distal,True,GCAMP15
27,4072,3,27,80,130,320.0,370.0,pre_swap,swap_distal,False,GCAMP15
28,4073,3,28,80,130,320.0,370.0,pre_swap,swap_distal,False,GCAMP15
29,4074,3,29,80,130,320.0,370.0,pre_swap,swap_distal,False,GCAMP15
30,4075,3,30,320,370,80.0,130.0,post_swap,swap_distal,False,GCAMP15
31,4076,3,31,320,370,80.0,130.0,post_swap,swap_distal,False,GCAMP15
32,4077,3,32,320,370,80.0,130.0,post_swap,swap_distal,False,GCAMP15
33,4078,3,33,320,370,80.0,130.0,post_swap,swap_distal,False,GCAMP15
34,4079,3,34,320,370,80.0,130.0,post_swap,swap_distal,False,GCAMP15
35,4080,3,35,320,370,80.0,130.0,post_swap,swap_distal,True,GCAMP15
36,4081,3,36,320,370,80.0,130.0,post_swap,swap_distal,True,GCAMP15
37,4082,3,37,320,370,80.0,130.0,post_swap,swap_distal,False,GCAMP15
38,4083,3,38,320,370,80.0,130.0,post_swap,swap_distal,False,GCAMP15
39,4084,3,39,320,370,80.0,130.0,post_swap,swap_distal,False,GCAMP15
40,4085,3,40,320,370,80.0,130.0,post_swap,swap_distal,True,GCAMP15
41,4086,3,41,320,370,80.0,130.0,post_swap,swap_distal,False,GCAMP15
42,4087,3,42,320,370,80.0,130.0,post_swap,swap_distal,False,GCAMP15
43,4088,3,43,320,370,80.0,130.0,post_swap,swap_distal,False,GCAMP15
44,4089,3,44,320,370,80.0,130.0,post_swap,swap_distal,False,GCAMP15
45,4090,3,45,320,370,80.0,130.0,post_swap,swap_distal,False,GCAMP15
46,4091,3,46,320,370,80.0,130.0,post_swap,swap_distal,True,GCAMP15
47,4092,3,47,320,370,80.0,130.0,post_swap,swap_distal,False,GCAMP15
48,4093,3,48,320,370,80.0,130.0,post_swap,swap_distal,False,GCAMP15
49,4094,3,49,320,370,80.0,130.0,post_swap,swap_distal,False,GCAMP15
50,4095,3,50,320,370,80.0,130.0,post_swap,swap_distal,False,GCAMP15
51,4096,3,51,320,370,80.0,130.0,post_swap,swap_distal,False,GCAMP15
52,4097,3,52,320,370,80.0,130.0,post_swap,swap_distal,False,GCAMP15
53,4098,3,53,320,370,80.0,130.0,post_swap,swap_distal,False,GCAMP15
54,4099,3,54,320,370,80.0,130.0,post_swap,swap_distal,False,GCAMP15
55,4100,3,55,320,370,80.0,130.0,post_swap,swap_distal,False,GCAMP15
56,4101,3,56,320,370,80.0,130.0,post_swap,swap_distal,False,GCAMP15
57,4102,3,57,320,370,80.0,130.0,post_swap,swap_distal,False,GCAMP15
58,4103,3,58,320,370,80.0,130.0,post_swap,swap_distal,False,GCAMP15
59,4104,3,59,320,370,80.0,130.0,post_swap,swap_distal,True,GCAMP15
60,4105,3,60,320,370,80.0,130.0,post_swap,swap_distal,False,GCAMP15
61,4106,3,61,320,370,80.0,130.0,post_swap,swap_distal,False,GCAMP15
62,4107,3,62,320,370,80.0,130.0,post_swap,swap_distal,False,GCAMP15
63,4108,3,63,320,370,80.0,130.0,post_swap,swap_distal,False,GCAMP15
64,4109,3,64,320,370,80.0,130.0,post_swap,swap_distal,False,GCAMP15
65,4110,3,65,320,370,80.0,130.0,post_swap,swap_distal,False,GCAMP15
66,4111,3,66,320,370,80.0,130.0,post_swap,swap_distal,True,GCAMP15
67,4112,3,67,320,370,80.0,130.0,post_swap,swap_distal,False,GCAMP15
68,4113,3,68,320,370,80.0,130.0,post_swap,swap_distal,False,GCAMP15
69,4114,3,69,320,370,80.0,130.0,post_swap,swap_distal,False,GCAMP15
70,4115,3,70,320,370,80.0,130.0,post_swap,swap_distal,False,GCAMP15
71,4116,3,71,320,370,80.0,130.0,post_swap,swap_distal,False,GCAMP15
72,4117,3,72,320,370,80.0,130.0,post_swap,swap_distal,False,GCAMP15
73,4118,3,73,320,370,80.0,130.0,post_swap,swap_distal,False,GCAMP15
74,4119,3,74,320,370,80.0,130.0,post_swap,swap_distal,False,GCAMP15
75,4120,3,75,320,370,80.0,130.0,post_swap,swap_distal,False,GCAMP15
76,4121,3,76,320,370,80.0,130.0,post_swap,swap_distal,False,GCAMP15
77,4122,3,77,320,370,80.0,130.0,post_swap,swap_distal,False,GCAMP15
78,4123,3,78,320,370,80.0,130.0,post_swap,swap_distal,False,GCAMP15
79,4124,3,79,320,370,80.0,130.0,post_swap,swap_distal,True,GCAMP15
0,4125,5,0,320,370,200.0,250.0,pre_swap,swap_proximal,False,GCAMP15
1,4126,5,1,320,370,200.0,250.0,pre_swap,swap_proximal,False,GCAMP15
2,4127,5,2,320,370,200.0,250.0,pre_swap,swap_proximal,False,GCAMP15
3,4128,5,3,320,370,200.0,250.0,pre_swap,swap_proximal,True,GCAMP15
4,4129,5,4,320,370,200.0,250.0,pre_swap,swap_proximal,False,GCAMP15
5,4130,5,5,320,370,200.0,250.0,pre_swap,swap_proximal,True,GCAMP15
6,4131,5,6,320,370,200.0,250.0,pre_swap,swap_proximal,False,GCAMP15
7,4132,5,7,320,370,200.0,250.0,pre_swap,swap_proximal,False,GCAMP15
8,4133,5,8,320,370,200.0,250.0,pre_swap,swap_proximal,False,GCAMP15
9,4134,5,9,320,370,200.0,250.0,pre_swap,swap_proximal,False,GCAMP15
10,4135,5,10,320,370,200.0,250.0,pre_swap,swap_proximal,False,GCAMP15
11,4136,5,11,320,370,200.0,250.0,pre_swap,swap_proximal,False,GCAMP15
12,4137,5,12,320,370,200.0,250.0,pre_swap,swap_proximal,True,GCAMP15
13,4138,5,13,320,370,200.0,250.0,pre_swap,swap_proximal,False,GCAMP15
14,4139,5,14,320,370,200.0,250.0,pre_swap,swap_proximal,False,GCAMP15
15,4140,5,15,320,370,200.0,250.0,pre_swap,swap_proximal,False,GCAMP15
16,4141,5,16,320,370,200.0,250.0,pre_swap,swap_proximal,False,GCAMP15
17,4142,5,17,320,370,200.0,250.0,pre_swap,swap_proximal,False,GCAMP15
18,4143,5,18,320,370,200.0,250.0,pre_swap,swap_proximal,False,GCAMP15
19,4144,5,19,320,370,200.0,250.0,pre_swap,swap_proximal,False,GCAMP15
20,4145,5,20,320,370,200.0,250.0,pre_swap,swap_proximal,False,GCAMP15
21,4146,5,21,320,370,200.0,250.0,pre_swap,swap_proximal,False,GCAMP15
22,4147,5,22,320,370,200.0,250.0,pre_swap,swap_proximal,True,GCAMP15
23,4148,5,23,320,370,200.0,250.0,pre_swap,swap_proximal,False,GCAMP15
24,4149,5,24,320,370,200.0,250.0,pre_swap,swap_proximal,False,GCAMP15
25,4150,5,25,320,370,200.0,250.0,pre_swap,swap_proximal,False,GCAMP15
26,4151,5,26,320,370,200.0,250.0,pre_swap,swap_proximal,False,GCAMP15
27,4152,5,27,320,370,200.0,250.0,pre_swap,swap_proximal,False,GCAMP15
28,4153,5,28,320,370,200.0,250.0,pre_swap,swap_proximal,False,GCAMP15
29,4154,5,29,320,370,200.0,250.0,pre_swap,swap_proximal,False,GCAMP15
30,4155,5,30,200,250,320.0,370.0,post_swap,swap_proximal,False,GCAMP15
31,4156,5,31,200,250,320.0,370.0,post_swap,swap_proximal,False,GCAMP15
32,4157,5,32,200,250,320.0,370.0,post_swap,swap_proximal,False,GCAMP15
33,4158,5,33,200,250,320.0,370.0,post_swap,swap_proximal,False,GCAMP15
34,4159,5,34,200,250,320.0,370.0,post_swap,swap_proximal,False,GCAMP15
35,4160,5,35,200,250,320.0,370.0,post_swap,swap_proximal,True,GCAMP15
36,4161,5,36,200,250,320.0,370.0,post_swap,swap_proximal,False,GCAMP15
37,4162,5,37,200,250,320.0,370.0,post_swap,swap_proximal,False,GCAMP15
38,4163,5,38,200,250,320.0,370.0,post_swap,swap_proximal,False,GCAMP15
39,4164,5,39,200,250,320.0,370.0,post_swap,swap_proximal,False,GCAMP15
40,4165,5,40,200,250,320.0,370.0,post_swap,swap_proximal,False,GCAMP15
41,4166,5,41,200,250,320.0,370.0,post_swap,swap_proximal,False,GCAMP15
42,4167,5,42,200,250,320.0,370.0,post_swap,swap_proximal,False,GCAMP15
43,4168,5,43,200,250,320.0,370.0,post_swap,swap_proximal,False,GCAMP15
44,4169,5,44,200,250,320.0,370.0,post_swap,swap_proximal,False,GCAMP15
45,4170,5,45,200,250,320.0,370.0,post_swap,swap_proximal,False,GCAMP15
46,4171,5,46,200,250,320.0,370.0,post_swap,swap_proximal,False,GCAMP15
47,4172,5,47,200,250,320.0,370.0,post_swap,swap_proximal,False,GCAMP15
48,4173,5,48,200,250,320.0,370.0,post_swap,swap_proximal,False,GCAMP15
49,4174,5,49,200,250,320.0,370.0,post_swap,swap_proximal,False,GCAMP15
50,4175,5,50,200,250,320.0,370.0,post_swap,swap_proximal,True,GCAMP15
51,4176,5,51,200,250,320.0,370.0,post_swap,swap_proximal,False,GCAMP15
52,4177,5,52,200,250,320.0,370.0,post_swap,swap_proximal,False,GCAMP15
53,4178,5,53,200,250,320.0,370.0,post_swap,swap_proximal,False,GCAMP15
54,4179,5,54,200,250,320.0,370.0,post_swap,swap_proximal,False,GCAMP15
55,4180,5,55,200,250,320.0,370.0,post_swap,swap_proximal,False,GCAMP15
56,4181,5,56,200,250,320.0,370.0,post_swap,swap_proximal,True,GCAMP15
57,4182,5,57,200,250,320.0,370.0,post_swap,swap_proximal,True,GCAMP15
58,4183,5,58,200,250,320.0,370.0,post_swap,swap_proximal,False,GCAMP15
59,4184,5,59,200,250,320.0,370.0,post_swap,swap_proximal,False,GCAMP15
60,4185,5,60,200,250,320.0,370.0,post_swap,swap_proximal,False,GCAMP15
61,4186,5,61,200,250,320.0,370.0,post_swap,swap_proximal,False,GCAMP15
62,4187,5,62,200,250,320.0,370.0,post_swap,swap_proximal,False,GCAMP15
63,4188,5,63,200,250,320.0,370.0,post_swap,swap_proximal,False,GCAMP15
64,4189,5,64,200,250,320.0,370.0,post_swap,swap_proximal,False,GCAMP15
65,4190,5,65,200,250,320.0,370.0,post_swap,swap_proximal,True,GCAMP15
66,4191,5,66,200,250,320.0,370.0,post_swap,swap_proximal,True,GCAMP15
67,4192,5,67,200,250,320.0,370.0,post_swap,swap_proximal,True,GCAMP15
68,4193,5,68,200,250,320.0,370.0,post_swap,swap_proximal,False,GCAMP15
69,4194,5,69,200,250,320.0,370.0,post_swap,swap_proximal,False,GCAMP15
70,4195,5,70,200,250,320.0,370.0,post_swap,swap_proximal,False,GCAMP15
71,4196,5,71,200,250,320.0,370.0,post_swap,swap_proximal,False,GCAMP15
72,4197,5,72,200,250,320.0,370.0,post_swap,swap_proximal,False,GCAMP15
73,4198,5,73,200,250,320.0,370.0,post_swap,swap_proximal,False,GCAMP15
0,4205,7,0,200,250,80.0,130.0,pre_swap,swap_proximal,False,GCAMP15
1,4206,7,1,200,250,80.0,130.0,pre_swap,swap_proximal,False,GCAMP15
2,4207,7,2,200,250,80.0,130.0,pre_swap,swap_proximal,False,GCAMP15
3,4208,7,3,200,250,80.0,130.0,pre_swap,swap_proximal,False,GCAMP15
4,4209,7,4,200,250,80.0,130.0,pre_swap,swap_proximal,False,GCAMP15
5,4210,7,5,200,250,80.0,130.0,pre_swap,swap_proximal,False,GCAMP15
6,4211,7,6,200,250,80.0,130.0,pre_swap,swap_proximal,False,GCAMP15
7,4212,7,7,200,250,80.0,130.0,pre_swap,swap_proximal,False,GCAMP15
8,4213,7,8,200,250,80.0,130.0,pre_swap,swap_proximal,False,GCAMP15
9,4214,7,9,200,250,80.0,130.0,pre_swap,swap_proximal,True,GCAMP15
10,4215,7,10,200,250,80.0,130.0,pre_swap,swap_proximal,False,GCAMP15
11,4216,7,11,200,250,80.0,130.0,pre_swap,swap_proximal,False,GCAMP15
12,4217,7,12,200,250,80.0,130.0,pre_swap,swap_proximal,False,GCAMP15
13,4218,7,13,200,250,80.0,130.0,pre_swap,swap_proximal,False,GCAMP15
14,4219,7,14,200,250,80.0,130.0,pre_swap,swap_proximal,True,GCAMP15
15,4220,7,15,200,250,80.0,130.0,pre_swap,swap_proximal,False,GCAMP15
16,4221,7,16,200,250,80.0,130.0,pre_swap,swap_proximal,False,GCAMP15
17,4222,7,17,200,250,80.0,130.0,pre_swap,swap_proximal,False,GCAMP15
18,4223,7,18,200,250,80.0,130.0,pre_swap,swap_proximal,True,GCAMP15
19,4224,7,19,200,250,80.0,130.0,pre_swap,swap_proximal,True,GCAMP15
20,4225,7,20,200,250,80.0,130.0,pre_swap,swap_proximal,True,GCAMP15
21,4226,7,21,200,250,80.0,130.0,pre_swap,swap_proximal,False,GCAMP15
22,4227,7,22,200,250,80.0,130.0,pre_swap,swap_proximal,False,GCAMP15
23,4228,7,23,200,250,80.0,130.0,pre_swap,swap_proximal,False,GCAMP15
24,4229,7,24,200,250,80.0,130.0,pre_swap,swap_proximal,False,GCAMP15
25,4230,7,25,200,250,80.0,130.0,pre_swap,swap_proximal,False,GCAMP15
26,4231,7,26,200,250,80.0,130.0,pre_swap,swap_proximal,False,GCAMP15
27,4232,7,27,200,250,80.0,130.0,pre_swap,swap_proximal,False,GCAMP15
28,4233,7,28,200,250,80.0,130.0,pre_swap,swap_proximal,False,GCAMP15
29,4234,7,29,200,250,80.0,130.0,pre_swap,swap_proximal,False,GCAMP15
30,4235,7,30,80,130,200.0,250.0,post_swap,swap_proximal,False,GCAMP15
31,4236,7,31,80,130,200.0,250.0,post_swap,swap_proximal,False,GCAMP15
32,4237,7,32,80,130,200.0,250.0,post_swap,swap_proximal,False,GCAMP15
33,4238,7,33,80,130,200.0,250.0,post_swap,swap_proximal,False,GCAMP15
34,4239,7,34,80,130,200.0,250.0,post_swap,swap_proximal,False,GCAMP15
35,4240,7,35,80,130,200.0,250.0,post_swap,swap_proximal,False,GCAMP15
36,4241,7,36,80,130,200.0,250.0,post_swap,swap_proximal,False,GCAMP15
37,4242,7,37,80,130,200.0,250.0,post_swap,swap_proximal,False,GCAMP15
38,4243,7,38,80,130,200.0,250.0,post_swap,swap_proximal,False,GCAMP15
39,4244,7,39,80,130,200.0,250.0,post_swap,swap_proximal,False,GCAMP15
40,4245,7,40,80,130,200.0,250.0,post_swap,swap_proximal,False,GCAMP15
41,4246,7,41,80,130,200.0,250.0,post_swap,swap_proximal,False,GCAMP15
42,4247,7,42,80,130,200.0,250.0,post_swap,swap_proximal,False,GCAMP15
43,4248,7,43,80,130,200.0,250.0,post_swap,swap_proximal,True,GCAMP15
44,4249,7,44,80,130,200.0,250.0,post_swap,swap_proximal,False,GCAMP15
45,4250,7,45,80,130,200.0,250.0,post_swap,swap_proximal,False,GCAMP15
46,4251,7,46,80,130,200.0,250.0,post_swap,swap_proximal,True,GCAMP15
47,4252,7,47,80,130,200.0,250.0,post_swap,swap_proximal,False,GCAMP15
48,4253,7,48,80,130,200.0,250.0,post_swap,swap_proximal,False,GCAMP15
49,4254,7,49,80,130,200.0,250.0,post_swap,swap_proximal,False,GCAMP15
50,4255,7,50,80,130,200.0,250.0,post_swap,swap_proximal,False,GCAMP15
51,4256,7,51,80,130,200.0,250.0,post_swap,swap_proximal,True,GCAMP15
52,4257,7,52,80,130,200.0,250.0,post_swap,swap_proximal,False,GCAMP15
53,4258,7,53,80,130,200.0,250.0,post_swap,swap_proximal,False,GCAMP15
54,4259,7,54,80,130,200.0,250.0,post_swap,swap_proximal,False,GCAMP15
55,4260,7,55,80,130,200.0,250.0,post_swap,swap_proximal,False,GCAMP15
56,4261,7,56,80,130,200.0,250.0,post_swap,swap_proximal,False,GCAMP15
57,4262,7,57,80,130,200.0,250.0,post_swap,swap_proximal,False,GCAMP15
58,4263,7,58,80,130,200.0,250.0,post_swap,swap_proximal,False,GCAMP15
59,4264,7,59,80,130,200.0,250.0,post_swap,swap_proximal,False,GCAMP15
60,4265,7,60,80,130,200.0,250.0,post_swap,swap_proximal,False,GCAMP15
61,4266,7,61,80,130,200.0,250.0,post_swap,swap_proximal,True,GCAMP15
62,4267,7,62,80,130,200.0,250.0,post_swap,swap_proximal,False,GCAMP15
63,4268,7,63,80,130,200.0,250.0,post_swap,swap_proximal,False,GCAMP15
64,4269,7,64,80,130,200.0,250.0,post_swap,swap_proximal,False,GCAMP15
65,4270,7,65,80,130,200.0,250.0,post_swap,swap_proximal,False,GCAMP15
66,4271,7,66,80,130,200.0,250.0,post_swap,swap_proximal,False,GCAMP15
67,4272,7,67,80,130,200.0,250.0,post_swap,swap_proximal,False,GCAMP15
68,4273,7,68,80,130,200.0,250.0,post_swap,swap_proximal,False,GCAMP15
69,4274,7,69,80,130,200.0,250.0,post_swap,swap_proximal,False,GCAMP15
70,4275,7,70,80,130,200.0,250.0,post_swap,swap_proximal,False,GCAMP15
71,4276,7,71,80,130,200.0,250.0,post_swap,swap_proximal,True,GCAMP15
72,4277,7,72,80,130,200.0,250.0,post_swap,swap_proximal,False,GCAMP15
73,4278,7,73,80,130,200.0,250.0,post_swap,swap_proximal,True,GCAMP15
74,4279,7,74,80,130,200.0,250.0,post_swap,swap_proximal,False,GCAMP15
75,4280,7,75,80,130,200.0,250.0,post_swap,swap_proximal,False,GCAMP15
76,4281,7,76,80,130,200.0,250.0,post_swap,swap_proximal,False,GCAMP15
77,4282,7,77,80,130,200.0,250.0,post_swap,swap_proximal,False,GCAMP15
78,4283,7,78,80,130,200.0,250.0,post_swap,swap_proximal,False,GCAMP15
79,4284,7,79,80,130,200.0,250.0,post_swap,swap_proximal,False,GCAMP15
0,4285,8,0,80,130,200.0,250.0,pre_swap,swap_distal,False,GCAMP15
1,4286,8,1,80,130,200.0,250.0,pre_swap,swap_distal,True,GCAMP15
2,4287,8,2,80,130,200.0,250.0,pre_swap,swap_distal,False,GCAMP15
3,4288,8,3,80,130,200.0,250.0,pre_swap,swap_distal,False,GCAMP15
4,4289,8,4,80,130,200.0,250.0,pre_swap,swap_distal,False,GCAMP15
5,4290,8,5,80,130,200.0,250.0,pre_swap,swap_distal,False,GCAMP15
6,4291,8,6,80,130,200.0,250.0,pre_swap,swap_distal,False,GCAMP15
7,4292,8,7,80,130,200.0,250.0,pre_swap,swap_distal,True,GCAMP15
8,4293,8,8,80,130,200.0,250.0,pre_swap,swap_distal,False,GCAMP15
9,4294,8,9,80,130,200.0,250.0,pre_swap,swap_distal,False,GCAMP15
10,4295,8,10,80,130,200.0,250.0,pre_swap,swap_distal,False,GCAMP15
11,4296,8,11,80,130,200.0,250.0,pre_swap,swap_distal,False,GCAMP15
12,4297,8,12,80,130,200.0,250.0,pre_swap,swap_distal,False,GCAMP15
13,4298,8,13,80,130,200.0,250.0,pre_swap,swap_distal,False,GCAMP15
14,4299,8,14,80,130,200.0,250.0,pre_swap,swap_distal,False,GCAMP15
15,4300,8,15,80,130,200.0,250.0,pre_swap,swap_distal,False,GCAMP15
16,4301,8,16,80,130,200.0,250.0,pre_swap,swap_distal,False,GCAMP15
17,4302,8,17,80,130,200.0,250.0,pre_swap,swap_distal,False,GCAMP15
18,4303,8,18,80,130,200.0,250.0,pre_swap,swap_distal,False,GCAMP15
19,4304,8,19,80,130,200.0,250.0,pre_swap,swap_distal,False,GCAMP15
20,4305,8,20,80,130,200.0,250.0,pre_swap,swap_distal,False,GCAMP15
21,4306,8,21,80,130,200.0,250.0,pre_swap,swap_distal,False,GCAMP15
22,4307,8,22,80,130,200.0,250.0,pre_swap,swap_distal,False,GCAMP15
23,4308,8,23,80,130,200.0,250.0,pre_swap,swap_distal,False,GCAMP15
24,4309,8,24,80,130,200.0,250.0,pre_swap,swap_distal,False,GCAMP15
25,4310,8,25,80,130,200.0,250.0,pre_swap,swap_distal,False,GCAMP15
26,4311,8,26,80,130,200.0,250.0,pre_swap,swap_distal,True,GCAMP15
27,4312,8,27,80,130,200.0,250.0,pre_swap,swap_distal,False,GCAMP15
28,4313,8,28,80,130,200.0,250.0,pre_swap,swap_distal,False,GCAMP15
29,4314,8,29,80,130,200.0,250.0,pre_swap,swap_distal,False,GCAMP15
30,4315,8,30,200,250,80.0,130.0,post_swap,swap_distal,False,GCAMP15
31,4316,8,31,200,250,80.0,130.0,post_swap,swap_distal,False,GCAMP15
32,4317,8,32,200,250,80.0,130.0,post_swap,swap_distal,True,GCAMP15
33,4318,8,33,200,250,80.0,130.0,post_swap,swap_distal,True,GCAMP15
34,4319,8,34,200,250,80.0,130.0,post_swap,swap_distal,False,GCAMP15
35,4320,8,35,200,250,80.0,130.0,post_swap,swap_distal,False,GCAMP15
36,4321,8,36,200,250,80.0,130.0,post_swap,swap_distal,False,GCAMP15
37,4322,8,37,200,250,80.0,130.0,post_swap,swap_distal,False,GCAMP15
38,4323,8,38,200,250,80.0,130.0,post_swap,swap_distal,False,GCAMP15
39,4324,8,39,200,250,80.0,130.0,post_swap,swap_distal,False,GCAMP15
40,4325,8,40,200,250,80.0,130.0,post_swap,swap_distal,False,GCAMP15
41,4326,8,41,200,250,80.0,130.0,post_swap,swap_distal,False,GCAMP15
42,4327,8,42,200,250,80.0,130.0,post_swap,swap_distal,True,GCAMP15
43,4328,8,43,200,250,80.0,130.0,post_swap,swap_distal,False,GCAMP15
44,4329,8,44,200,250,80.0,130.0,post_swap,swap_distal,False,GCAMP15
45,4330,8,45,200,250,80.0,130.0,post_swap,swap_distal,False,GCAMP15
46,4331,8,46,200,250,80.0,130.0,post_swap,swap_distal,False,GCAMP15
47,4332,8,47,200,250,80.0,130.0,post_swap,swap_distal,False,GCAMP15
48,4333,8,48,200,250,80.0,130.0,post_swap,swap_distal,False,GCAMP15
49,4334,8,49,200,250,80.0,130.0,post_swap,swap_distal,True,GCAMP15
50,4335,8,50,200,250,80.0,130.0,post_swap,swap_distal,False,GCAMP15
51,4336,8,51,200,250,80.0,130.0,post_swap,swap_distal,False,GCAMP15
52,4337,8,52,200,250,80.0,130.0,post_swap,swap_distal,False,GCAMP15
53,4338,8,53,200,250,80.0,130.0,post_swap,swap_distal,True,GCAMP15
54,4339,8,54,200,250,80.0,130.0,post_swap,swap_distal,True,GCAMP15
55,4340,8,55,200,250,80.0,130.0,post_swap,swap_distal,True,GCAMP15
56,4341,8,56,200,250,80.0,130.0,post_swap,swap_distal,False,GCAMP15
57,4342,8,57,200,250,80.0,130.0,post_swap,swap_distal,False,GCAMP15
58,4343,8,58,200,250,80.0,130.0,post_swap,swap_distal,False,GCAMP15
59,4344,8,59,200,250,80.0,130.0,post_swap,swap_distal,False,GCAMP15
60,4345,8,60,200,250,80.0,130.0,post_swap,swap_distal,False,GCAMP15
61,4346,8,61,200,250,80.0,130.0,post_swap,swap_distal,False,GCAMP15
62,4347,8,62,200,250,80.0,130.0,post_swap,swap_distal,False,GCAMP15
63,4348,8,63,200,250,80.0,130.0,post_swap,swap_distal,False,GCAMP15
64,4349,8,64,200,250,80.0,130.0,post_swap,swap_distal,False,GCAMP15
65,4350,8,65,200,250,80.0,130.0,post_swap,swap_distal,False,GCAMP15
66,4351,8,66,200,250,80.0,130.0,post_swap,swap_distal,False,GCAMP15
67,4352,8,67,200,250,80.0,130.0,post_swap,swap_distal,False,GCAMP15
68,4353,8,68,200,250,80.0,130.0,post_swap,swap_distal,False,GCAMP15
69,4354,8,69,200,250,80.0,130.0,post_swap,swap_distal,False,GCAMP15
70,4355,8,70,200,250,80.0,130.0,post_swap,swap_distal,False,GCAMP15
71,4356,8,71,200,250,80.0,130.0,post_swap,swap_distal,False,GCAMP15
72,4357,8,72,200,250,80.0,130.0,post_swap,swap_distal,False,GCAMP15
73,4358,8,73,200,250,80.0,130.0,post_swap,swap_distal,False,GCAMP15
74,4359,8,74,200,250,80.0,130.0,post_swap,swap_distal,False,GCAMP15
75,4360,8,75,200,250,80.0,130.0,post_swap,swap_distal,False,GCAMP15
76,4361,8,76,200,250,80.0,130.0,post_swap,swap_distal,False,GCAMP15
77,4362,8,77,200,250,80.0,130.0,post_swap,swap_distal,False,GCAMP15
78,4363,8,78,200,250,80.0,130.0,post_swap,swap_distal,False,GCAMP15
79,4364,8,79,200,250,80.0,130.0,post_swap,swap_distal,False,GCAMP15
0,4365,10,0,200,250,320.0,370.0,pre_swap,swap_distal,False,GCAMP15
1,4366,10,1,200,250,320.0,370.0,pre_swap,swap_distal,False,GCAMP15
2,4367,10,2,200,250,320.0,370.0,pre_swap,swap_distal,True,GCAMP15
3,4368,10,3,200,250,320.0,370.0,pre_swap,swap_distal,False,GCAMP15
4,4369,10,4,200,250,320.0,370.0,pre_swap,swap_distal,False,GCAMP15
5,4370,10,5,200,250,320.0,370.0,pre_swap,swap_distal,False,GCAMP15
6,4371,10,6,200,250,320.0,370.0,pre_swap,swap_distal,False,GCAMP15
7,4372,10,7,200,250,320.0,370.0,pre_swap,swap_distal,True,GCAMP15
8,4373,10,8,200,250,320.0,370.0,pre_swap,swap_distal,True,GCAMP15
9,4374,10,9,200,250,320.0,370.0,pre_swap,swap_distal,False,GCAMP15
10,4375,10,10,200,250,320.0,370.0,pre_swap,swap_distal,False,GCAMP15
11,4376,10,11,200,250,320.0,370.0,pre_swap,swap_distal,False,GCAMP15
12,4377,10,12,200,250,320.0,370.0,pre_swap,swap_distal,False,GCAMP15
13,4378,10,13,200,250,320.0,370.0,pre_swap,swap_distal,False,GCAMP15
14,4379,10,14,200,250,320.0,370.0,pre_swap,swap_distal,False,GCAMP15
15,4380,10,15,200,250,320.0,370.0,pre_swap,swap_distal,False,GCAMP15
16,4381,10,16,200,250,320.0,370.0,pre_swap,swap_distal,False,GCAMP15
17,4382,10,17,200,250,320.0,370.0,pre_swap,swap_distal,False,GCAMP15
18,4383,10,18,200,250,320.0,370.0,pre_swap,swap_distal,False,GCAMP15
19,4384,10,19,200,250,320.0,370.0,pre_swap,swap_distal,False,GCAMP15
20,4385,10,20,200,250,320.0,370.0,pre_swap,swap_distal,False,GCAMP15
21,4386,10,21,200,250,320.0,370.0,pre_swap,swap_distal,False,GCAMP15
22,4387,10,22,200,250,320.0,370.0,pre_swap,swap_distal,False,GCAMP15
23,4388,10,23,200,250,320.0,370.0,pre_swap,swap_distal,False,GCAMP15
24,4389,10,24,200,250,320.0,370.0,pre_swap,swap_distal,False,GCAMP15
25,4390,10,25,200,250,320.0,370.0,pre_swap,swap_distal,False,GCAMP15
26,4391,10,26,200,250,320.0,370.0,pre_swap,swap_distal,False,GCAMP15
27,4392,10,27,200,250,320.0,370.0,pre_swap,swap_distal,False,GCAMP15
28,4393,10,28,200,250,320.0,370.0,pre_swap,swap_distal,True,GCAMP15
29,4394,10,29,200,250,320.0,370.0,pre_swap,swap_distal,False,GCAMP15
30,4395,10,30,320,370,200.0,250.0,post_swap,swap_distal,False,GCAMP15
31,4396,10,31,320,370,200.0,250.0,post_swap,swap_distal,False,GCAMP15
32,4397,10,32,320,370,200.0,250.0,post_swap,swap_distal,False,GCAMP15
33,4398,10,33,320,370,200.0,250.0,post_swap,swap_distal,False,GCAMP15
34,4399,10,34,320,370,200.0,250.0,post_swap,swap_distal,False,GCAMP15
35,4400,10,35,320,370,200.0,250.0,post_swap,swap_distal,False,GCAMP15
36,4401,10,36,320,370,200.0,250.0,post_swap,swap_distal,True,GCAMP15
37,4402,10,37,320,370,200.0,250.0,post_swap,swap_distal,False,GCAMP15
38,4403,10,38,320,370,200.0,250.0,post_swap,swap_distal,False,GCAMP15
39,4404,10,39,320,370,200.0,250.0,post_swap,swap_distal,False,GCAMP15
40,4405,10,40,320,370,200.0,250.0,post_swap,swap_distal,False,GCAMP15
41,4406,10,41,320,370,200.0,250.0,post_swap,swap_distal,True,GCAMP15
42,4407,10,42,320,370,200.0,250.0,post_swap,swap_distal,False,GCAMP15
43,4408,10,43,320,370,200.0,250.0,post_swap,swap_distal,True,GCAMP15
44,4409,10,44,320,370,200.0,250.0,post_swap,swap_distal,False,GCAMP15
45,4410,10,45,320,370,200.0,250.0,post_swap,swap_distal,False,GCAMP15
46,4411,10,46,320,370,200.0,250.0,post_swap,swap_distal,False,GCAMP15
47,4412,10,47,320,370,200.0,250.0,post_swap,swap_distal,False,GCAMP15
48,4413,10,48,320,370,200.0,250.0,post_swap,swap_distal,False,GCAMP15
49,4414,10,49,320,370,200.0,250.0,post_swap,swap_distal,False,GCAMP15
50,4415,10,50,320,370,200.0,250.0,post_swap,swap_distal,False,GCAMP15
51,4416,10,51,320,370,200.0,250.0,post_swap,swap_distal,False,GCAMP15
52,4417,10,52,320,370,200.0,250.0,post_swap,swap_distal,True,GCAMP15
53,4418,10,53,320,370,200.0,250.0,post_swap,swap_distal,False,GCAMP15
54,4419,10,54,320,370,200.0,250.0,post_swap,swap_distal,False,GCAMP15
55,4420,10,55,320,370,200.0,250.0,post_swap,swap_distal,False,GCAMP15
56,4421,10,56,320,370,200.0,250.0,post_swap,swap_distal,False,GCAMP15
57,4422,10,57,320,370,200.0,250.0,post_swap,swap_distal,False,GCAMP15
58,4423,10,58,320,370,200.0,250.0,post_swap,swap_distal,False,GCAMP15
59,4424,10,59,320,370,200.0,250.0,post_swap,swap_distal,False,GCAMP15
60,4425,10,60,320,370,200.0,250.0,post_swap,swap_distal,False,GCAMP15
61,4426,10,61,320,370,200.0,250.0,post_swap,swap_distal,False,GCAMP15
62,4427,10,62,320,370,200.0,250.0,post_swap,swap_distal,False,GCAMP15
63,4428,10,63,320,370,200.0,250.0,post_swap,swap_distal,True,GCAMP15
64,4429,10,64,320,370,200.0,250.0,post_swap,swap_distal,False,GCAMP15
65,4430,10,65,320,370,200.0,250.0,post_swap,swap_distal,True,GCAMP15
66,4431,10,66,320,370,200.0,250.0,post_swap,swap_distal,False,GCAMP15
67,4432,10,67,320,370,200.0,250.0,post_swap,swap_distal,False,GCAMP15
68,4433,10,68,320,370,200.0,250.0,post_swap,swap_distal,False,GCAMP15
69,4434,10,69,320,370,200.0,250.0,post_swap,swap_distal,False,GCAMP15
70,4435,10,70,320,370,200.0,250.0,post_swap,swap_distal,False,GCAMP15
71,4436,10,71,320,370,200.0,250.0,post_swap,swap_distal,False,GCAMP15
72,4437,10,72,320,370,200.0,250.0,post_swap,swap_distal,True,GCAMP15
73,4438,10,73,320,370,200.0,250.0,post_swap,swap_distal,False,GCAMP15
74,4439,10,74,320,370,200.0,250.0,post_swap,swap_distal,False,GCAMP15
75,4440,10,75,320,370,200.0,250.0,post_swap,swap_distal,False,GCAMP15
76,4441,10,76,320,370,200.0,250.0,post_swap,swap_distal,False,GCAMP15
77,4442,10,77,320,370,200.0,250.0,post_swap,swap_distal,False,GCAMP15
78,4443,10,78,320,370,200.0,250.0,post_swap,swap_distal,False,GCAMP15
79,4444,10,79,320,370,200.0,250.0,post_swap,swap_distal,False,GCAMP15
0,4445,12,0,320,370,80.0,130.0,pre_swap,swap_proximal,True,GCAMP15
1,4446,12,1,320,370,80.0,130.0,pre_swap,swap_proximal,False,GCAMP15
2,4447,12,2,320,370,80.0,130.0,pre_swap,swap_proximal,False,GCAMP15
3,4448,12,3,320,370,80.0,130.0,pre_swap,swap_proximal,False,GCAMP15
4,4449,12,4,320,370,80.0,130.0,pre_swap,swap_proximal,False,GCAMP15
5,4450,12,5,320,370,80.0,130.0,pre_swap,swap_proximal,False,GCAMP15
6,4451,12,6,320,370,80.0,130.0,pre_swap,swap_proximal,False,GCAMP15
7,4452,12,7,320,370,80.0,130.0,pre_swap,swap_proximal,False,GCAMP15
8,4453,12,8,320,370,80.0,130.0,pre_swap,swap_proximal,False,GCAMP15
9,4454,12,9,320,370,80.0,130.0,pre_swap,swap_proximal,False,GCAMP15
10,4455,12,10,320,370,80.0,130.0,pre_swap,swap_proximal,False,GCAMP15
11,4456,12,11,320,370,80.0,130.0,pre_swap,swap_proximal,False,GCAMP15
12,4457,12,12,320,370,80.0,130.0,pre_swap,swap_proximal,False,GCAMP15
13,4458,12,13,320,370,80.0,130.0,pre_swap,swap_proximal,False,GCAMP15
14,4459,12,14,320,370,80.0,130.0,pre_swap,swap_proximal,False,GCAMP15
15,4460,12,15,320,370,80.0,130.0,pre_swap,swap_proximal,True,GCAMP15
16,4461,12,16,320,370,80.0,130.0,pre_swap,swap_proximal,False,GCAMP15
17,4462,12,17,320,370,80.0,130.0,pre_swap,swap_proximal,False,GCAMP15
18,4463,12,18,320,370,80.0,130.0,pre_swap,swap_proximal,False,GCAMP15
19,4464,12,19,320,370,80.0,130.0,pre_swap,swap_proximal,True,GCAMP15
20,4465,12,20,320,370,80.0,130.0,pre_swap,swap_proximal,True,GCAMP15
21,4466,12,21,320,370,80.0,130.0,pre_swap,swap_proximal,False,GCAMP15
22,4467,12,22,320,370,80.0,130.0,pre_swap,swap_proximal,False,GCAMP15
23,4468,12,23,320,370,80.0,130.0,pre_swap,swap_proximal,False,GCAMP15
24,4469,12,24,320,370,80.0,130.0,pre_swap,swap_proximal,False,GCAMP15
25,4470,12,25,320,370,80.0,130.0,pre_swap,swap_proximal,False,GCAMP15
26,4471,12,26,320,370,80.0,130.0,pre_swap,swap_proximal,False,GCAMP15
27,4472,12,27,320,370,80.0,130.0,pre_swap,swap_proximal,False,GCAMP15
28,4473,12,28,320,370,80.0,130.0,pre_swap,swap_proximal,False,GCAMP15
29,4474,12,29,320,370,80.0,130.0,pre_swap,swap_proximal,True,GCAMP15
30,4475,12,30,80,130,320.0,370.0,post_swap,swap_proximal,False,GCAMP15
31,4476,12,31,80,130,320.0,370.0,post_swap,swap_proximal,False,GCAMP15
32,4477,12,32,80,130,320.0,370.0,post_swap,swap_proximal,False,GCAMP15
33,4478,12,33,80,130,320.0,370.0,post_swap,swap_proximal,False,GCAMP15
34,4479,12,34,80,130,320.0,370.0,post_swap,swap_proximal,False,GCAMP15
35,4480,12,35,80,130,320.0,370.0,post_swap,swap_proximal,False,GCAMP15
36,4481,12,36,80,130,320.0,370.0,post_swap,swap_proximal,False,GCAMP15
37,4482,12,37,80,130,320.0,370.0,post_swap,swap_proximal,False,GCAMP15
38,4483,12,38,80,130,320.0,370.0,post_swap,swap_proximal,False,GCAMP15
39,4484,12,39,80,130,320.0,370.0,post_swap,swap_proximal,False,GCAMP15
40,4485,12,40,80,130,320.0,370.0,post_swap,swap_proximal,True,GCAMP15
41,4486,12,41,80,130,320.0,370.0,post_swap,swap_proximal,False,GCAMP15
42,4487,12,42,80,130,320.0,370.0,post_swap,swap_proximal,False,GCAMP15
43,4488,12,43,80,130,320.0,370.0,post_swap,swap_proximal,False,GCAMP15
44,4489,12,44,80,130,320.0,370.0,post_swap,swap_proximal,False,GCAMP15
45,4490,12,45,80,130,320.0,370.0,post_swap,swap_proximal,True,GCAMP15
46,4491,12,46,80,130,320.0,370.0,post_swap,swap_proximal,False,GCAMP15
47,4492,12,47,80,130,320.0,370.0,post_swap,swap_proximal,False,GCAMP15
48,4493,12,48,80,130,320.0,370.0,post_swap,swap_proximal,False,GCAMP15
49,4494,12,49,80,130,320.0,370.0,post_swap,swap_proximal,False,GCAMP15
50,4495,12,50,80,130,320.0,370.0,post_swap,swap_proximal,False,GCAMP15
51,4496,12,51,80,130,320.0,370.0,post_swap,swap_proximal,False,GCAMP15
52,4497,12,52,80,130,320.0,370.0,post_swap,swap_proximal,False,GCAMP15
53,4498,12,53,80,130,320.0,370.0,post_swap,swap_proximal,False,GCAMP15
54,4499,12,54,80,130,320.0,370.0,post_swap,swap_proximal,False,GCAMP15
55,4500,12,55,80,130,320.0,370.0,post_swap,swap_proximal,False,GCAMP15
56,4501,12,56,80,130,320.0,370.0,post_swap,swap_proximal,False,GCAMP15
57,4502,12,57,80,130,320.0,370.0,post_swap,swap_proximal,False,GCAMP15
58,4503,12,58,80,130,320.0,370.0,post_swap,swap_proximal,False,GCAMP15
59,4504,12,59,80,130,320.0,370.0,post_swap,swap_proximal,False,GCAMP15
60,4505,12,60,80,130,320.0,370.0,post_swap,swap_proximal,False,GCAMP15
61,4506,12,61,80,130,320.0,370.0,post_swap,swap_proximal,False,GCAMP15
62,4507,12,62,80,130,320.0,370.0,post_swap,swap_proximal,False,GCAMP15
63,4508,12,63,80,130,320.0,370.0,post_swap,swap_proximal,False,GCAMP15
64,4509,12,64,80,130,320.0,370.0,post_swap,swap_proximal,False,GCAMP15
65,4510,12,65,80,130,320.0,370.0,post_swap,swap_proximal,False,GCAMP15
66,4511,12,66,80,130,320.0,370.0,post_swap,swap_proximal,False,GCAMP15
67,4512,12,67,80,130,320.0,370.0,post_swap,swap_proximal,False,GCAMP15
68,4513,12,68,80,130,320.0,370.0,post_swap,swap_proximal,False,GCAMP15
69,4514,12,69,80,130,320.0,370.0,post_swap,swap_proximal,False,GCAMP15
70,4515,12,70,80,130,320.0,370.0,post_swap,swap_proximal,False,GCAMP15
71,4516,12,71,80,130,320.0,370.0,post_swap,swap_proximal,False,GCAMP15
72,4517,12,72,80,130,320.0,370.0,post_swap,swap_proximal,True,GCAMP15
73,4518,12,73,80,130,320.0,370.0,post_swap,swap_proximal,False,GCAMP15
74,4519,12,74,80,130,320.0,370.0,post_swap,swap_proximal,False,GCAMP15
75,4520,12,75,80,130,320.0,370.0,post_swap,swap_proximal,False,GCAMP15
76,4521,12,76,80,130,320.0,370.0,post_swap,swap_proximal,False,GCAMP15
77,4522,12,77,80,130,320.0,370.0,post_swap,swap_proximal,False,GCAMP15
78,4523,12,78,80,130,320.0,370.0,post_swap,swap_proximal,False,GCAMP15
79,4524,12,79,80,130,320.0,370.0,post_swap,swap_proximal,False,GCAMP15
0,4525,14,0,80,130,200.0,250.0,pre_swap,swap_distal,False,GCAMP15
2,4527,14,2,80,130,200.0,250.0,pre_swap,swap_distal,False,GCAMP15
3,4528,14,3,80,130,200.0,250.0,pre_swap,swap_distal,False,GCAMP15
4,4529,14,4,80,130,200.0,250.0,pre_swap,swap_distal,False,GCAMP15
5,4530,14,5,80,130,200.0,250.0,pre_swap,swap_distal,False,GCAMP15
6,4531,14,6,80,130,200.0,250.0,pre_swap,swap_distal,False,GCAMP15
7,4532,14,7,80,130,200.0,250.0,pre_swap,swap_distal,False,GCAMP15
8,4533,14,8,80,130,200.0,250.0,pre_swap,swap_distal,False,GCAMP15
9,4534,14,9,80,130,200.0,250.0,pre_swap,swap_distal,False,GCAMP15
10,4535,14,10,80,130,200.0,250.0,pre_swap,swap_distal,False,GCAMP15
11,4536,14,11,80,130,200.0,250.0,pre_swap,swap_distal,False,GCAMP15
12,4537,14,12,80,130,200.0,250.0,pre_swap,swap_distal,True,GCAMP15
13,4538,14,13,80,130,200.0,250.0,pre_swap,swap_distal,False,GCAMP15
14,4539,14,14,80,130,200.0,250.0,pre_swap,swap_distal,False,GCAMP15
15,4540,14,15,80,130,200.0,250.0,pre_swap,swap_distal,False,GCAMP15
16,4541,14,16,80,130,200.0,250.0,pre_swap,swap_distal,False,GCAMP15
17,4542,14,17,80,130,200.0,250.0,pre_swap,swap_distal,False,GCAMP15
18,4543,14,18,80,130,200.0,250.0,pre_swap,swap_distal,False,GCAMP15
19,4544,14,19,80,130,200.0,250.0,pre_swap,swap_distal,True,GCAMP15
20,4545,14,20,80,130,200.0,250.0,pre_swap,swap_distal,True,GCAMP15
21,4546,14,21,80,130,200.0,250.0,pre_swap,swap_distal,False,GCAMP15
22,4547,14,22,80,130,200.0,250.0,pre_swap,swap_distal,False,GCAMP15
23,4548,14,23,80,130,200.0,250.0,pre_swap,swap_distal,False,GCAMP15
24,4549,14,24,80,130,200.0,250.0,pre_swap,swap_distal,False,GCAMP15
25,4550,14,25,80,130,200.0,250.0,pre_swap,swap_distal,False,GCAMP15
26,4551,14,26,80,130,200.0,250.0,pre_swap,swap_distal,False,GCAMP15
27,4552,14,27,80,130,200.0,250.0,pre_swap,swap_distal,False,GCAMP15
28,4553,14,28,80,130,200.0,250.0,pre_swap,swap_distal,False,GCAMP15
29,4554,14,29,80,130,200.0,250.0,pre_swap,swap_distal,False,GCAMP15
30,4555,14,30,200,250,80.0,130.0,post_swap,swap_distal,False,GCAMP15
31,4556,14,31,200,250,80.0,130.0,post_swap,swap_distal,True,GCAMP15
32,4557,14,32,200,250,80.0,130.0,post_swap,swap_distal,False,GCAMP15
33,4558,14,33,200,250,80.0,130.0,post_swap,swap_distal,False,GCAMP15
34,4559,14,34,200,250,80.0,130.0,post_swap,swap_distal,False,GCAMP15
35,4560,14,35,200,250,80.0,130.0,post_swap,swap_distal,False,GCAMP15
36,4561,14,36,200,250,80.0,130.0,post_swap,swap_distal,False,GCAMP15
37,4562,14,37,200,250,80.0,130.0,post_swap,swap_distal,False,GCAMP15
38,4563,14,38,200,250,80.0,130.0,post_swap,swap_distal,False,GCAMP15
39,4564,14,39,200,250,80.0,130.0,post_swap,swap_distal,True,GCAMP15
40,4565,14,40,200,250,80.0,130.0,post_swap,swap_distal,False,GCAMP15
41,4566,14,41,200,250,80.0,130.0,post_swap,swap_distal,False,GCAMP15
42,4567,14,42,200,250,80.0,130.0,post_swap,swap_distal,False,GCAMP15
43,4568,14,43,200,250,80.0,130.0,post_swap,swap_distal,False,GCAMP15
44,4569,14,44,200,250,80.0,130.0,post_swap,swap_distal,False,GCAMP15
45,4570,14,45,200,250,80.0,130.0,post_swap,swap_distal,False,GCAMP15
46,4571,14,46,200,250,80.0,130.0,post_swap,swap_distal,False,GCAMP15
47,4572,14,47,200,250,80.0,130.0,post_swap,swap_distal,False,GCAMP15
48,4573,14,48,200,250,80.0,130.0,post_swap,swap_distal,False,GCAMP15
49,4574,14,49,200,250,80.0,130.0,post_swap,swap_distal,False,GCAMP15
50,4575,14,50,200,250,80.0,130.0,post_swap,swap_distal,False,GCAMP15
51,4576,14,51,200,250,80.0,130.0,post_swap,swap_distal,False,GCAMP15
52,4577,14,52,200,250,80.0,130.0,post_swap,swap_distal,False,GCAMP15
53,4578,14,53,200,250,80.0,130.0,post_swap,swap_distal,True,GCAMP15
54,4579,14,54,200,250,80.0,130.0,post_swap,swap_distal,False,GCAMP15
55,4580,14,55,200,250,80.0,130.0,post_swap,swap_distal,False,GCAMP15
56,4581,14,56,200,250,80.0,130.0,post_swap,swap_distal,True,GCAMP15
57,4582,14,57,200,250,80.0,130.0,post_swap,swap_distal,True,GCAMP15
58,4583,14,58,200,250,80.0,130.0,post_swap,swap_distal,False,GCAMP15
59,4584,14,59,200,250,80.0,130.0,post_swap,swap_distal,False,GCAMP15
60,4585,14,60,200,250,80.0,130.0,post_swap,swap_distal,False,GCAMP15
61,4586,14,61,200,250,80.0,130.0,post_swap,swap_distal,False,GCAMP15
62,4587,14,62,200,250,80.0,130.0,post_swap,swap_distal,False,GCAMP15
63,4588,14,63,200,250,80.0,130.0,post_swap,swap_distal,True,GCAMP15
64,4589,14,64,200,250,80.0,130.0,post_swap,swap_distal,False,GCAMP15
65,4590,14,65,200,250,80.0,130.0,post_swap,swap_distal,False,GCAMP15
66,4591,14,66,200,250,80.0,130.0,post_swap,swap_distal,False,GCAMP15
67,4592,14,67,200,250,80.0,130.0,post_swap,swap_distal,False,GCAMP15
68,4593,14,68,200,250,80.0,130.0,post_swap,swap_distal,True,GCAMP15
69,4594,14,69,200,250,80.0,130.0,post_swap,swap_distal,False,GCAMP15
70,4595,14,70,200,250,80.0,130.0,post_swap,swap_distal,False,GCAMP15
71,4596,14,71,200,250,80.0,130.0,post_swap,swap_distal,True,GCAMP15
72,4597,14,72,200,250,80.0,130.0,post_swap,swap_distal,False,GCAMP15
74,4599,14,74,200,250,80.0,130.0,post_swap,swap_distal,False,GCAMP15
75,4600,14,75,200,250,80.0,130.0,post_swap,swap_distal,False,GCAMP15
76,4601,14,76,200,250,80.0,130.0,post_swap,swap_distal,False,GCAMP15
77,4602,14,77,200,250,80.0,130.0,post_swap,swap_distal,True,GCAMP15
78,4603,14,78,200,250,80.0,130.0,post_swap,swap_distal,False,GCAMP15
79,4604,14,79,200,250,80.0,130.0,post_swap,swap_distal,False,GCAMP15
0,4605,3,0,200,250,320.0,370.0,pre_swap,swap_distal,False,GCAMP17
1,4606,3,1,200,250,320.0,370.0,pre_swap,swap_distal,False,GCAMP17
2,4607,3,2,200,250,320.0,370.0,pre_swap,swap_distal,False,GCAMP17
3,4608,3,3,200,250,320.0,370.0,pre_swap,swap_distal,False,GCAMP17
4,4609,3,4,200,250,320.0,370.0,pre_swap,swap_distal,True,GCAMP17
5,4610,3,5,200,250,320.0,370.0,pre_swap,swap_distal,False,GCAMP17
6,4611,3,6,200,250,320.0,370.0,pre_swap,swap_distal,False,GCAMP17
7,4612,3,7,200,250,320.0,370.0,pre_swap,swap_distal,False,GCAMP17
8,4613,3,8,200,250,320.0,370.0,pre_swap,swap_distal,False,GCAMP17
9,4614,3,9,200,250,320.0,370.0,pre_swap,swap_distal,False,GCAMP17
10,4615,3,10,200,250,320.0,370.0,pre_swap,swap_distal,False,GCAMP17
11,4616,3,11,200,250,320.0,370.0,pre_swap,swap_distal,False,GCAMP17
12,4617,3,12,200,250,320.0,370.0,pre_swap,swap_distal,True,GCAMP17
13,4618,3,13,200,250,320.0,370.0,pre_swap,swap_distal,False,GCAMP17
14,4619,3,14,200,250,320.0,370.0,pre_swap,swap_distal,False,GCAMP17
16,4621,3,16,200,250,320.0,370.0,pre_swap,swap_distal,False,GCAMP17
17,4622,3,17,200,250,320.0,370.0,pre_swap,swap_distal,False,GCAMP17
18,4623,3,18,200,250,320.0,370.0,pre_swap,swap_distal,False,GCAMP17
19,4624,3,19,200,250,320.0,370.0,pre_swap,swap_distal,False,GCAMP17
20,4625,3,20,200,250,320.0,370.0,pre_swap,swap_distal,False,GCAMP17
21,4626,3,21,200,250,320.0,370.0,pre_swap,swap_distal,False,GCAMP17
22,4627,3,22,200,250,320.0,370.0,pre_swap,swap_distal,False,GCAMP17
23,4628,3,23,200,250,320.0,370.0,pre_swap,swap_distal,False,GCAMP17
24,4629,3,24,200,250,320.0,370.0,pre_swap,swap_distal,False,GCAMP17
25,4630,3,25,200,250,320.0,370.0,pre_swap,swap_distal,False,GCAMP17
26,4631,3,26,200,250,320.0,370.0,pre_swap,swap_distal,False,GCAMP17
27,4632,3,27,200,250,320.0,370.0,pre_swap,swap_distal,False,GCAMP17
28,4633,3,28,200,250,320.0,370.0,pre_swap,swap_distal,False,GCAMP17
29,4634,3,29,200,250,320.0,370.0,pre_swap,swap_distal,False,GCAMP17
30,4635,3,30,320,370,200.0,250.0,post_swap,swap_distal,True,GCAMP17
31,4636,3,31,320,370,200.0,250.0,post_swap,swap_distal,False,GCAMP17
32,4637,3,32,320,370,200.0,250.0,post_swap,swap_distal,False,GCAMP17
33,4638,3,33,320,370,200.0,250.0,post_swap,swap_distal,False,GCAMP17
34,4639,3,34,320,370,200.0,250.0,post_swap,swap_distal,False,GCAMP17
35,4640,3,35,320,370,200.0,250.0,post_swap,swap_distal,False,GCAMP17
36,4641,3,36,320,370,200.0,250.0,post_swap,swap_distal,True,GCAMP17
37,4642,3,37,320,370,200.0,250.0,post_swap,swap_distal,False,GCAMP17
38,4643,3,38,320,370,200.0,250.0,post_swap,swap_distal,False,GCAMP17
39,4644,3,39,320,370,200.0,250.0,post_swap,swap_distal,True,GCAMP17
40,4645,3,40,320,370,200.0,250.0,post_swap,swap_distal,False,GCAMP17
41,4646,3,41,320,370,200.0,250.0,post_swap,swap_distal,False,GCAMP17
42,4647,3,42,320,370,200.0,250.0,post_swap,swap_distal,False,GCAMP17
43,4648,3,43,320,370,200.0,250.0,post_swap,swap_distal,False,GCAMP17
44,4649,3,44,320,370,200.0,250.0,post_swap,swap_distal,False,GCAMP17
45,4650,3,45,320,370,200.0,250.0,post_swap,swap_distal,False,GCAMP17
46,4651,3,46,320,370,200.0,250.0,post_swap,swap_distal,False,GCAMP17
47,4652,3,47,320,370,200.0,250.0,post_swap,swap_distal,False,GCAMP17
48,4653,3,48,320,370,200.0,250.0,post_swap,swap_distal,True,GCAMP17
49,4654,3,49,320,370,200.0,250.0,post_swap,swap_distal,True,GCAMP17
50,4655,3,50,320,370,200.0,250.0,post_swap,swap_distal,False,GCAMP17
51,4656,3,51,320,370,200.0,250.0,post_swap,swap_distal,False,GCAMP17
52,4657,3,52,320,370,200.0,250.0,post_swap,swap_distal,True,GCAMP17
53,4658,3,53,320,370,200.0,250.0,post_swap,swap_distal,False,GCAMP17
54,4659,3,54,320,370,200.0,250.0,post_swap,swap_distal,False,GCAMP17
55,4660,3,55,320,370,200.0,250.0,post_swap,swap_distal,False,GCAMP17
56,4661,3,56,320,370,200.0,250.0,post_swap,swap_distal,False,GCAMP17
57,4662,3,57,320,370,200.0,250.0,post_swap,swap_distal,False,GCAMP17
58,4663,3,58,320,370,200.0,250.0,post_swap,swap_distal,False,GCAMP17
59,4664,3,59,320,370,200.0,250.0,post_swap,swap_distal,True,GCAMP17
60,4665,3,60,320,370,200.0,250.0,post_swap,swap_distal,False,GCAMP17
61,4666,3,61,320,370,200.0,250.0,post_swap,swap_distal,False,GCAMP17
62,4667,3,62,320,370,200.0,250.0,post_swap,swap_distal,True,GCAMP17
63,4668,3,63,320,370,200.0,250.0,post_swap,swap_distal,False,GCAMP17
64,4669,3,64,320,370,200.0,250.0,post_swap,swap_distal,False,GCAMP17
65,4670,3,65,320,370,200.0,250.0,post_swap,swap_distal,False,GCAMP17
66,4671,3,66,320,370,200.0,250.0,post_swap,swap_distal,False,GCAMP17
67,4672,3,67,320,370,200.0,250.0,post_swap,swap_distal,False,GCAMP17
68,4673,3,68,320,370,200.0,250.0,post_swap,swap_distal,False,GCAMP17
69,4674,3,69,320,370,200.0,250.0,post_swap,swap_distal,False,GCAMP17
70,4675,3,70,320,370,200.0,250.0,post_swap,swap_distal,False,GCAMP17
71,4676,3,71,320,370,200.0,250.0,post_swap,swap_distal,False,GCAMP17
72,4677,3,72,320,370,200.0,250.0,post_swap,swap_distal,False,GCAMP17
73,4678,3,73,320,370,200.0,250.0,post_swap,swap_distal,False,GCAMP17
74,4679,3,74,320,370,200.0,250.0,post_swap,swap_distal,False,GCAMP17
75,4680,3,75,320,370,200.0,250.0,post_swap,swap_distal,False,GCAMP17
76,4681,3,76,320,370,200.0,250.0,post_swap,swap_distal,True,GCAMP17
77,4682,3,77,320,370,200.0,250.0,post_swap,swap_distal,False,GCAMP17
78,4683,3,78,320,370,200.0,250.0,post_swap,swap_distal,False,GCAMP17
79,4684,3,79,320,370,200.0,250.0,post_swap,swap_distal,False,GCAMP17
0,4685,5,0,320,370,80.0,130.0,pre_swap,swap_proximal,False,GCAMP17
1,4686,5,1,320,370,80.0,130.0,pre_swap,swap_proximal,False,GCAMP17
2,4687,5,2,320,370,80.0,130.0,pre_swap,swap_proximal,False,GCAMP17
3,4688,5,3,320,370,80.0,130.0,pre_swap,swap_proximal,False,GCAMP17
4,4689,5,4,320,370,80.0,130.0,pre_swap,swap_proximal,False,GCAMP17
5,4690,5,5,320,370,80.0,130.0,pre_swap,swap_proximal,False,GCAMP17
6,4691,5,6,320,370,80.0,130.0,pre_swap,swap_proximal,False,GCAMP17
7,4692,5,7,320,370,80.0,130.0,pre_swap,swap_proximal,False,GCAMP17
8,4693,5,8,320,370,80.0,130.0,pre_swap,swap_proximal,False,GCAMP17
9,4694,5,9,320,370,80.0,130.0,pre_swap,swap_proximal,False,GCAMP17
10,4695,5,10,320,370,80.0,130.0,pre_swap,swap_proximal,False,GCAMP17
11,4696,5,11,320,370,80.0,130.0,pre_swap,swap_proximal,False,GCAMP17
12,4697,5,12,320,370,80.0,130.0,pre_swap,swap_proximal,False,GCAMP17
13,4698,5,13,320,370,80.0,130.0,pre_swap,swap_proximal,True,GCAMP17
14,4699,5,14,320,370,80.0,130.0,pre_swap,swap_proximal,True,GCAMP17
15,4700,5,15,320,370,80.0,130.0,pre_swap,swap_proximal,True,GCAMP17
16,4701,5,16,320,370,80.0,130.0,pre_swap,swap_proximal,False,GCAMP17
17,4702,5,17,320,370,80.0,130.0,pre_swap,swap_proximal,False,GCAMP17
18,4703,5,18,320,370,80.0,130.0,pre_swap,swap_proximal,False,GCAMP17
19,4704,5,19,320,370,80.0,130.0,pre_swap,swap_proximal,False,GCAMP17
20,4705,5,20,320,370,80.0,130.0,pre_swap,swap_proximal,False,GCAMP17
21,4706,5,21,320,370,80.0,130.0,pre_swap,swap_proximal,True,GCAMP17
22,4707,5,22,320,370,80.0,130.0,pre_swap,swap_proximal,False,GCAMP17
23,4708,5,23,320,370,80.0,130.0,pre_swap,swap_proximal,False,GCAMP17
24,4709,5,24,320,370,80.0,130.0,pre_swap,swap_proximal,True,GCAMP17
25,4710,5,25,320,370,80.0,130.0,pre_swap,swap_proximal,False,GCAMP17
26,4711,5,26,320,370,80.0,130.0,pre_swap,swap_proximal,False,GCAMP17
27,4712,5,27,320,370,80.0,130.0,pre_swap,swap_proximal,False,GCAMP17
28,4713,5,28,320,370,80.0,130.0,pre_swap,swap_proximal,True,GCAMP17
29,4714,5,29,320,370,80.0,130.0,pre_swap,swap_proximal,False,GCAMP17
30,4715,5,30,80,130,320.0,370.0,post_swap,swap_proximal,False,GCAMP17
31,4716,5,31,80,130,320.0,370.0,post_swap,swap_proximal,False,GCAMP17
32,4717,5,32,80,130,320.0,370.0,post_swap,swap_proximal,False,GCAMP17
33,4718,5,33,80,130,320.0,370.0,post_swap,swap_proximal,False,GCAMP17
34,4719,5,34,80,130,320.0,370.0,post_swap,swap_proximal,False,GCAMP17
35,4720,5,35,80,130,320.0,370.0,post_swap,swap_proximal,False,GCAMP17
36,4721,5,36,80,130,320.0,370.0,post_swap,swap_proximal,False,GCAMP17
37,4722,5,37,80,130,320.0,370.0,post_swap,swap_proximal,False,GCAMP17
38,4723,5,38,80,130,320.0,370.0,post_swap,swap_proximal,False,GCAMP17
39,4724,5,39,80,130,320.0,370.0,post_swap,swap_proximal,False,GCAMP17
40,4725,5,40,80,130,320.0,370.0,post_swap,swap_proximal,False,GCAMP17
41,4726,5,41,80,130,320.0,370.0,post_swap,swap_proximal,False,GCAMP17
42,4727,5,42,80,130,320.0,370.0,post_swap,swap_proximal,False,GCAMP17
43,4728,5,43,80,130,320.0,370.0,post_swap,swap_proximal,False,GCAMP17
44,4729,5,44,80,130,320.0,370.0,post_swap,swap_proximal,False,GCAMP17
45,4730,5,45,80,130,320.0,370.0,post_swap,swap_proximal,False,GCAMP17
46,4731,5,46,80,130,320.0,370.0,post_swap,swap_proximal,False,GCAMP17
47,4732,5,47,80,130,320.0,370.0,post_swap,swap_proximal,False,GCAMP17
48,4733,5,48,80,130,320.0,370.0,post_swap,swap_proximal,False,GCAMP17
49,4734,5,49,80,130,320.0,370.0,post_swap,swap_proximal,False,GCAMP17
50,4735,5,50,80,130,320.0,370.0,post_swap,swap_proximal,False,GCAMP17
51,4736,5,51,80,130,320.0,370.0,post_swap,swap_proximal,False,GCAMP17
52,4737,5,52,80,130,320.0,370.0,post_swap,swap_proximal,False,GCAMP17
53,4738,5,53,80,130,320.0,370.0,post_swap,swap_proximal,False,GCAMP17
54,4739,5,54,80,130,320.0,370.0,post_swap,swap_proximal,False,GCAMP17
55,4740,5,55,80,130,320.0,370.0,post_swap,swap_proximal,True,GCAMP17
56,4741,5,56,80,130,320.0,370.0,post_swap,swap_proximal,False,GCAMP17
57,4742,5,57,80,130,320.0,370.0,post_swap,swap_proximal,False,GCAMP17
58,4743,5,58,80,130,320.0,370.0,post_swap,swap_proximal,False,GCAMP17
59,4744,5,59,80,130,320.0,370.0,post_swap,swap_proximal,True,GCAMP17
60,4745,5,60,80,130,320.0,370.0,post_swap,swap_proximal,False,GCAMP17
61,4746,5,61,80,130,320.0,370.0,post_swap,swap_proximal,False,GCAMP17
62,4747,5,62,80,130,320.0,370.0,post_swap,swap_proximal,False,GCAMP17
63,4748,5,63,80,130,320.0,370.0,post_swap,swap_proximal,True,GCAMP17
64,4749,5,64,80,130,320.0,370.0,post_swap,swap_proximal,False,GCAMP17
65,4750,5,65,80,130,320.0,370.0,post_swap,swap_proximal,False,GCAMP17
66,4751,5,66,80,130,320.0,370.0,post_swap,swap_proximal,True,GCAMP17
67,4752,5,67,80,130,320.0,370.0,post_swap,swap_proximal,False,GCAMP17
68,4753,5,68,80,130,320.0,370.0,post_swap,swap_proximal,False,GCAMP17
69,4754,5,69,80,130,320.0,370.0,post_swap,swap_proximal,False,GCAMP17
70,4755,5,70,80,130,320.0,370.0,post_swap,swap_proximal,False,GCAMP17
71,4756,5,71,80,130,320.0,370.0,post_swap,swap_proximal,False,GCAMP17
72,4757,5,72,80,130,320.0,370.0,post_swap,swap_proximal,False,GCAMP17
73,4758,5,73,80,130,320.0,370.0,post_swap,swap_proximal,False,GCAMP17
74,4759,5,74,80,130,320.0,370.0,post_swap,swap_proximal,True,GCAMP17
75,4760,5,75,80,130,320.0,370.0,post_swap,swap_proximal,False,GCAMP17
76,4761,5,76,80,130,320.0,370.0,post_swap,swap_proximal,True,GCAMP17
77,4762,5,77,80,130,320.0,370.0,post_swap,swap_proximal,False,GCAMP17
78,4763,5,78,80,130,320.0,370.0,post_swap,swap_proximal,False,GCAMP17
79,4764,5,79,80,130,320.0,370.0,post_swap,swap_proximal,False,GCAMP17
0,4765,7,0,80,130,200.0,250.0,pre_swap,swap_distal,False,GCAMP17
1,4766,7,1,80,130,200.0,250.0,pre_swap,swap_distal,False,GCAMP17
2,4767,7,2,80,130,200.0,250.0,pre_swap,swap_distal,False,GCAMP17
3,4768,7,3,80,130,200.0,250.0,pre_swap,swap_distal,False,GCAMP17
4,4769,7,4,80,130,200.0,250.0,pre_swap,swap_distal,False,GCAMP17
5,4770,7,5,80,130,200.0,250.0,pre_swap,swap_distal,False,GCAMP17
6,4771,7,6,80,130,200.0,250.0,pre_swap,swap_distal,True,GCAMP17
7,4772,7,7,80,130,200.0,250.0,pre_swap,swap_distal,False,GCAMP17
8,4773,7,8,80,130,200.0,250.0,pre_swap,swap_distal,False,GCAMP17
9,4774,7,9,80,130,200.0,250.0,pre_swap,swap_distal,True,GCAMP17
10,4775,7,10,80,130,200.0,250.0,pre_swap,swap_distal,False,GCAMP17
11,4776,7,11,80,130,200.0,250.0,pre_swap,swap_distal,True,GCAMP17
12,4777,7,12,80,130,200.0,250.0,pre_swap,swap_distal,False,GCAMP17
13,4778,7,13,80,130,200.0,250.0,pre_swap,swap_distal,False,GCAMP17
14,4779,7,14,80,130,200.0,250.0,pre_swap,swap_distal,False,GCAMP17
15,4780,7,15,80,130,200.0,250.0,pre_swap,swap_distal,False,GCAMP17
16,4781,7,16,80,130,200.0,250.0,pre_swap,swap_distal,False,GCAMP17
17,4782,7,17,80,130,200.0,250.0,pre_swap,swap_distal,False,GCAMP17
18,4783,7,18,80,130,200.0,250.0,pre_swap,swap_distal,False,GCAMP17
19,4784,7,19,80,130,200.0,250.0,pre_swap,swap_distal,False,GCAMP17
20,4785,7,20,80,130,200.0,250.0,pre_swap,swap_distal,False,GCAMP17
21,4786,7,21,80,130,200.0,250.0,pre_swap,swap_distal,False,GCAMP17
22,4787,7,22,80,130,200.0,250.0,pre_swap,swap_distal,False,GCAMP17
23,4788,7,23,80,130,200.0,250.0,pre_swap,swap_distal,False,GCAMP17
24,4789,7,24,80,130,200.0,250.0,pre_swap,swap_distal,False,GCAMP17
25,4790,7,25,80,130,200.0,250.0,pre_swap,swap_distal,False,GCAMP17
26,4791,7,26,80,130,200.0,250.0,pre_swap,swap_distal,True,GCAMP17
27,4792,7,27,80,130,200.0,250.0,pre_swap,swap_distal,False,GCAMP17
28,4793,7,28,80,130,200.0,250.0,pre_swap,swap_distal,True,GCAMP17
29,4794,7,29,80,130,200.0,250.0,pre_swap,swap_distal,False,GCAMP17
30,4795,7,30,200,250,80.0,130.0,post_swap,swap_distal,False,GCAMP17
31,4796,7,31,200,250,80.0,130.0,post_swap,swap_distal,False,GCAMP17
32,4797,7,32,200,250,80.0,130.0,post_swap,swap_distal,False,GCAMP17
33,4798,7,33,200,250,80.0,130.0,post_swap,swap_distal,False,GCAMP17
34,4799,7,34,200,250,80.0,130.0,post_swap,swap_distal,True,GCAMP17
35,4800,7,35,200,250,80.0,130.0,post_swap,swap_distal,True,GCAMP17
36,4801,7,36,200,250,80.0,130.0,post_swap,swap_distal,False,GCAMP17
37,4802,7,37,200,250,80.0,130.0,post_swap,swap_distal,False,GCAMP17
38,4803,7,38,200,250,80.0,130.0,post_swap,swap_distal,False,GCAMP17
39,4804,7,39,200,250,80.0,130.0,post_swap,swap_distal,False,GCAMP17
40,4805,7,40,200,250,80.0,130.0,post_swap,swap_distal,True,GCAMP17
41,4806,7,41,200,250,80.0,130.0,post_swap,swap_distal,False,GCAMP17
42,4807,7,42,200,250,80.0,130.0,post_swap,swap_distal,True,GCAMP17
43,4808,7,43,200,250,80.0,130.0,post_swap,swap_distal,False,GCAMP17
44,4809,7,44,200,250,80.0,130.0,post_swap,swap_distal,False,GCAMP17
45,4810,7,45,200,250,80.0,130.0,post_swap,swap_distal,False,GCAMP17
46,4811,7,46,200,250,80.0,130.0,post_swap,swap_distal,False,GCAMP17
47,4812,7,47,200,250,80.0,130.0,post_swap,swap_distal,True,GCAMP17
48,4813,7,48,200,250,80.0,130.0,post_swap,swap_distal,False,GCAMP17
49,4814,7,49,200,250,80.0,130.0,post_swap,swap_distal,False,GCAMP17
50,4815,7,50,200,250,80.0,130.0,post_swap,swap_distal,False,GCAMP17
51,4816,7,51,200,250,80.0,130.0,post_swap,swap_distal,False,GCAMP17
52,4817,7,52,200,250,80.0,130.0,post_swap,swap_distal,False,GCAMP17
53,4818,7,53,200,250,80.0,130.0,post_swap,swap_distal,False,GCAMP17
54,4819,7,54,200,250,80.0,130.0,post_swap,swap_distal,False,GCAMP17
55,4820,7,55,200,250,80.0,130.0,post_swap,swap_distal,False,GCAMP17
56,4821,7,56,200,250,80.0,130.0,post_swap,swap_distal,True,GCAMP17
57,4822,7,57,200,250,80.0,130.0,post_swap,swap_distal,False,GCAMP17
58,4823,7,58,200,250,80.0,130.0,post_swap,swap_distal,False,GCAMP17
59,4824,7,59,200,250,80.0,130.0,post_swap,swap_distal,False,GCAMP17
60,4825,7,60,200,250,80.0,130.0,post_swap,swap_distal,False,GCAMP17
61,4826,7,61,200,250,80.0,130.0,post_swap,swap_distal,False,GCAMP17
62,4827,7,62,200,250,80.0,130.0,post_swap,swap_distal,False,GCAMP17
63,4828,7,63,200,250,80.0,130.0,post_swap,swap_distal,False,GCAMP17
64,4829,7,64,200,250,80.0,130.0,post_swap,swap_distal,False,GCAMP17
65,4830,7,65,200,250,80.0,130.0,post_swap,swap_distal,False,GCAMP17
66,4831,7,66,200,250,80.0,130.0,post_swap,swap_distal,False,GCAMP17
67,4832,7,67,200,250,80.0,130.0,post_swap,swap_distal,False,GCAMP17
68,4833,7,68,200,250,80.0,130.0,post_swap,swap_distal,False,GCAMP17
69,4834,7,69,200,250,80.0,130.0,post_swap,swap_distal,False,GCAMP17
70,4835,7,70,200,250,80.0,130.0,post_swap,swap_distal,True,GCAMP17
71,4836,7,71,200,250,80.0,130.0,post_swap,swap_distal,False,GCAMP17
72,4837,7,72,200,250,80.0,130.0,post_swap,swap_distal,False,GCAMP17
73,4838,7,73,200,250,80.0,130.0,post_swap,swap_distal,False,GCAMP17
74,4839,7,74,200,250,80.0,130.0,post_swap,swap_distal,False,GCAMP17
75,4840,7,75,200,250,80.0,130.0,post_swap,swap_distal,False,GCAMP17
76,4841,7,76,200,250,80.0,130.0,post_swap,swap_distal,False,GCAMP17
77,4842,7,77,200,250,80.0,130.0,post_swap,swap_distal,False,GCAMP17
78,4843,7,78,200,250,80.0,130.0,post_swap,swap_distal,False,GCAMP17
79,4844,7,79,200,250,80.0,130.0,post_swap,swap_distal,False,GCAMP17
0,4845,8,0,200,250,80.0,130.0,pre_swap,swap_proximal,False,GCAMP17
1,4846,8,1,200,250,80.0,130.0,pre_swap,swap_proximal,True,GCAMP17
2,4847,8,2,200,250,80.0,130.0,pre_swap,swap_proximal,False,GCAMP17
3,4848,8,3,200,250,80.0,130.0,pre_swap,swap_proximal,False,GCAMP17
4,4849,8,4,200,250,80.0,130.0,pre_swap,swap_proximal,False,GCAMP17
5,4850,8,5,200,250,80.0,130.0,pre_swap,swap_proximal,True,GCAMP17
6,4851,8,6,200,250,80.0,130.0,pre_swap,swap_proximal,False,GCAMP17
7,4852,8,7,200,250,80.0,130.0,pre_swap,swap_proximal,False,GCAMP17
8,4853,8,8,200,250,80.0,130.0,pre_swap,swap_proximal,True,GCAMP17
9,4854,8,9,200,250,80.0,130.0,pre_swap,swap_proximal,True,GCAMP17
10,4855,8,10,200,250,80.0,130.0,pre_swap,swap_proximal,False,GCAMP17
11,4856,8,11,200,250,80.0,130.0,pre_swap,swap_proximal,False,GCAMP17
12,4857,8,12,200,250,80.0,130.0,pre_swap,swap_proximal,False,GCAMP17
13,4858,8,13,200,250,80.0,130.0,pre_swap,swap_proximal,False,GCAMP17
14,4859,8,14,200,250,80.0,130.0,pre_swap,swap_proximal,False,GCAMP17
15,4860,8,15,200,250,80.0,130.0,pre_swap,swap_proximal,False,GCAMP17
16,4861,8,16,200,250,80.0,130.0,pre_swap,swap_proximal,False,GCAMP17
17,4862,8,17,200,250,80.0,130.0,pre_swap,swap_proximal,False,GCAMP17
18,4863,8,18,200,250,80.0,130.0,pre_swap,swap_proximal,False,GCAMP17
19,4864,8,19,200,250,80.0,130.0,pre_swap,swap_proximal,False,GCAMP17
20,4865,8,20,200,250,80.0,130.0,pre_swap,swap_proximal,False,GCAMP17
21,4866,8,21,200,250,80.0,130.0,pre_swap,swap_proximal,False,GCAMP17
22,4867,8,22,200,250,80.0,130.0,pre_swap,swap_proximal,False,GCAMP17
23,4868,8,23,200,250,80.0,130.0,pre_swap,swap_proximal,False,GCAMP17
24,4869,8,24,200,250,80.0,130.0,pre_swap,swap_proximal,False,GCAMP17
25,4870,8,25,200,250,80.0,130.0,pre_swap,swap_proximal,False,GCAMP17
26,4871,8,26,200,250,80.0,130.0,pre_swap,swap_proximal,False,GCAMP17
27,4872,8,27,200,250,80.0,130.0,pre_swap,swap_proximal,False,GCAMP17
28,4873,8,28,200,250,80.0,130.0,pre_swap,swap_proximal,True,GCAMP17
29,4874,8,29,200,250,80.0,130.0,pre_swap,swap_proximal,True,GCAMP17
30,4875,8,30,80,130,200.0,250.0,post_swap,swap_proximal,False,GCAMP17
31,4876,8,31,80,130,200.0,250.0,post_swap,swap_proximal,False,GCAMP17
32,4877,8,32,80,130,200.0,250.0,post_swap,swap_proximal,False,GCAMP17
33,4878,8,33,80,130,200.0,250.0,post_swap,swap_proximal,False,GCAMP17
34,4879,8,34,80,130,200.0,250.0,post_swap,swap_proximal,False,GCAMP17
35,4880,8,35,80,130,200.0,250.0,post_swap,swap_proximal,False,GCAMP17
36,4881,8,36,80,130,200.0,250.0,post_swap,swap_proximal,False,GCAMP17
37,4882,8,37,80,130,200.0,250.0,post_swap,swap_proximal,False,GCAMP17
38,4883,8,38,80,130,200.0,250.0,post_swap,swap_proximal,False,GCAMP17
39,4884,8,39,80,130,200.0,250.0,post_swap,swap_proximal,False,GCAMP17
40,4885,8,40,80,130,200.0,250.0,post_swap,swap_proximal,False,GCAMP17
41,4886,8,41,80,130,200.0,250.0,post_swap,swap_proximal,False,GCAMP17
42,4887,8,42,80,130,200.0,250.0,post_swap,swap_proximal,False,GCAMP17
43,4888,8,43,80,130,200.0,250.0,post_swap,swap_proximal,False,GCAMP17
44,4889,8,44,80,130,200.0,250.0,post_swap,swap_proximal,False,GCAMP17
45,4890,8,45,80,130,200.0,250.0,post_swap,swap_proximal,False,GCAMP17
46,4891,8,46,80,130,200.0,250.0,post_swap,swap_proximal,False,GCAMP17
47,4892,8,47,80,130,200.0,250.0,post_swap,swap_proximal,False,GCAMP17
48,4893,8,48,80,130,200.0,250.0,post_swap,swap_proximal,False,GCAMP17
49,4894,8,49,80,130,200.0,250.0,post_swap,swap_proximal,False,GCAMP17
50,4895,8,50,80,130,200.0,250.0,post_swap,swap_proximal,False,GCAMP17
51,4896,8,51,80,130,200.0,250.0,post_swap,swap_proximal,False,GCAMP17
52,4897,8,52,80,130,200.0,250.0,post_swap,swap_proximal,False,GCAMP17
53,4898,8,53,80,130,200.0,250.0,post_swap,swap_proximal,False,GCAMP17
54,4899,8,54,80,130,200.0,250.0,post_swap,swap_proximal,False,GCAMP17
55,4900,8,55,80,130,200.0,250.0,post_swap,swap_proximal,False,GCAMP17
56,4901,8,56,80,130,200.0,250.0,post_swap,swap_proximal,False,GCAMP17
57,4902,8,57,80,130,200.0,250.0,post_swap,swap_proximal,False,GCAMP17
58,4903,8,58,80,130,200.0,250.0,post_swap,swap_proximal,False,GCAMP17
59,4904,8,59,80,130,200.0,250.0,post_swap,swap_proximal,False,GCAMP17
60,4905,8,60,80,130,200.0,250.0,post_swap,swap_proximal,False,GCAMP17
61,4906,8,61,80,130,200.0,250.0,post_swap,swap_proximal,False,GCAMP17
62,4907,8,62,80,130,200.0,250.0,post_swap,swap_proximal,False,GCAMP17
63,4908,8,63,80,130,200.0,250.0,post_swap,swap_proximal,True,GCAMP17
64,4909,8,64,80,130,200.0,250.0,post_swap,swap_proximal,False,GCAMP17
65,4910,8,65,80,130,200.0,250.0,post_swap,swap_proximal,False,GCAMP17
66,4911,8,66,80,130,200.0,250.0,post_swap,swap_proximal,True,GCAMP17
67,4912,8,67,80,130,200.0,250.0,post_swap,swap_proximal,False,GCAMP17
68,4913,8,68,80,130,200.0,250.0,post_swap,swap_proximal,False,GCAMP17
69,4914,8,69,80,130,200.0,250.0,post_swap,swap_proximal,True,GCAMP17
70,4915,8,70,80,130,200.0,250.0,post_swap,swap_proximal,False,GCAMP17
71,4916,8,71,80,130,200.0,250.0,post_swap,swap_proximal,False,GCAMP17
72,4917,8,72,80,130,200.0,250.0,post_swap,swap_proximal,False,GCAMP17
73,4918,8,73,80,130,200.0,250.0,post_swap,swap_proximal,False,GCAMP17
74,4919,8,74,80,130,200.0,250.0,post_swap,swap_proximal,False,GCAMP17
75,4920,8,75,80,130,200.0,250.0,post_swap,swap_proximal,True,GCAMP17
76,4921,8,76,80,130,200.0,250.0,post_swap,swap_proximal,False,GCAMP17
77,4922,8,77,80,130,200.0,250.0,post_swap,swap_proximal,False,GCAMP17
78,4923,8,78,80,130,200.0,250.0,post_swap,swap_proximal,False,GCAMP17
79,4924,8,79,80,130,200.0,250.0,post_swap,swap_proximal,False,GCAMP17
0,4925,10,0,80,130,320.0,370.0,pre_swap,swap_distal,True,GCAMP17
1,4926,10,1,80,130,320.0,370.0,pre_swap,swap_distal,False,GCAMP17
2,4927,10,2,80,130,320.0,370.0,pre_swap,swap_distal,False,GCAMP17
3,4928,10,3,80,130,320.0,370.0,pre_swap,swap_distal,False,GCAMP17
4,4929,10,4,80,130,320.0,370.0,pre_swap,swap_distal,False,GCAMP17
5,4930,10,5,80,130,320.0,370.0,pre_swap,swap_distal,False,GCAMP17
6,4931,10,6,80,130,320.0,370.0,pre_swap,swap_distal,False,GCAMP17
7,4932,10,7,80,130,320.0,370.0,pre_swap,swap_distal,True,GCAMP17
8,4933,10,8,80,130,320.0,370.0,pre_swap,swap_distal,False,GCAMP17
9,4934,10,9,80,130,320.0,370.0,pre_swap,swap_distal,False,GCAMP17
10,4935,10,10,80,130,320.0,370.0,pre_swap,swap_distal,False,GCAMP17
11,4936,10,11,80,130,320.0,370.0,pre_swap,swap_distal,False,GCAMP17
12,4937,10,12,80,130,320.0,370.0,pre_swap,swap_distal,False,GCAMP17
13,4938,10,13,80,130,320.0,370.0,pre_swap,swap_distal,False,GCAMP17
14,4939,10,14,80,130,320.0,370.0,pre_swap,swap_distal,False,GCAMP17
15,4940,10,15,80,130,320.0,370.0,pre_swap,swap_distal,False,GCAMP17
16,4941,10,16,80,130,320.0,370.0,pre_swap,swap_distal,False,GCAMP17
17,4942,10,17,80,130,320.0,370.0,pre_swap,swap_distal,False,GCAMP17
18,4943,10,18,80,130,320.0,370.0,pre_swap,swap_distal,False,GCAMP17
19,4944,10,19,80,130,320.0,370.0,pre_swap,swap_distal,False,GCAMP17
20,4945,10,20,80,130,320.0,370.0,pre_swap,swap_distal,False,GCAMP17
21,4946,10,21,80,130,320.0,370.0,pre_swap,swap_distal,False,GCAMP17
22,4947,10,22,80,130,320.0,370.0,pre_swap,swap_distal,False,GCAMP17
23,4948,10,23,80,130,320.0,370.0,pre_swap,swap_distal,False,GCAMP17
24,4949,10,24,80,130,320.0,370.0,pre_swap,swap_distal,False,GCAMP17
25,4950,10,25,80,130,320.0,370.0,pre_swap,swap_distal,False,GCAMP17
26,4951,10,26,80,130,320.0,370.0,pre_swap,swap_distal,False,GCAMP17
27,4952,10,27,80,130,320.0,370.0,pre_swap,swap_distal,False,GCAMP17
28,4953,10,28,80,130,320.0,370.0,pre_swap,swap_distal,False,GCAMP17
29,4954,10,29,80,130,320.0,370.0,pre_swap,swap_distal,False,GCAMP17
30,4955,10,30,320,370,80.0,130.0,post_swap,swap_distal,True,GCAMP17
31,4956,10,31,320,370,80.0,130.0,post_swap,swap_distal,False,GCAMP17
32,4957,10,32,320,370,80.0,130.0,post_swap,swap_distal,False,GCAMP17
33,4958,10,33,320,370,80.0,130.0,post_swap,swap_distal,False,GCAMP17
34,4959,10,34,320,370,80.0,130.0,post_swap,swap_distal,False,GCAMP17
35,4960,10,35,320,370,80.0,130.0,post_swap,swap_distal,False,GCAMP17
36,4961,10,36,320,370,80.0,130.0,post_swap,swap_distal,False,GCAMP17
37,4962,10,37,320,370,80.0,130.0,post_swap,swap_distal,False,GCAMP17
38,4963,10,38,320,370,80.0,130.0,post_swap,swap_distal,False,GCAMP17
39,4964,10,39,320,370,80.0,130.0,post_swap,swap_distal,False,GCAMP17
40,4965,10,40,320,370,80.0,130.0,post_swap,swap_distal,True,GCAMP17
41,4966,10,41,320,370,80.0,130.0,post_swap,swap_distal,False,GCAMP17
42,4967,10,42,320,370,80.0,130.0,post_swap,swap_distal,False,GCAMP17
43,4968,10,43,320,370,80.0,130.0,post_swap,swap_distal,False,GCAMP17
44,4969,10,44,320,370,80.0,130.0,post_swap,swap_distal,False,GCAMP17
45,4970,10,45,320,370,80.0,130.0,post_swap,swap_distal,False,GCAMP17
46,4971,10,46,320,370,80.0,130.0,post_swap,swap_distal,True,GCAMP17
47,4972,10,47,320,370,80.0,130.0,post_swap,swap_distal,False,GCAMP17
48,4973,10,48,320,370,80.0,130.0,post_swap,swap_distal,False,GCAMP17
49,4974,10,49,320,370,80.0,130.0,post_swap,swap_distal,False,GCAMP17
50,4975,10,50,320,370,80.0,130.0,post_swap,swap_distal,False,GCAMP17
51,4976,10,51,320,370,80.0,130.0,post_swap,swap_distal,False,GCAMP17
52,4977,10,52,320,370,80.0,130.0,post_swap,swap_distal,False,GCAMP17
53,4978,10,53,320,370,80.0,130.0,post_swap,swap_distal,False,GCAMP17
54,4979,10,54,320,370,80.0,130.0,post_swap,swap_distal,False,GCAMP17
55,4980,10,55,320,370,80.0,130.0,post_swap,swap_distal,False,GCAMP17
56,4981,10,56,320,370,80.0,130.0,post_swap,swap_distal,False,GCAMP17
57,4982,10,57,320,370,80.0,130.0,post_swap,swap_distal,False,GCAMP17
58,4983,10,58,320,370,80.0,130.0,post_swap,swap_distal,False,GCAMP17
59,4984,10,59,320,370,80.0,130.0,post_swap,swap_distal,True,GCAMP17
60,4985,10,60,320,370,80.0,130.0,post_swap,swap_distal,False,GCAMP17
61,4986,10,61,320,370,80.0,130.0,post_swap,swap_distal,False,GCAMP17
62,4987,10,62,320,370,80.0,130.0,post_swap,swap_distal,False,GCAMP17
63,4988,10,63,320,370,80.0,130.0,post_swap,swap_distal,False,GCAMP17
64,4989,10,64,320,370,80.0,130.0,post_swap,swap_distal,False,GCAMP17
65,4990,10,65,320,370,80.0,130.0,post_swap,swap_distal,False,GCAMP17
66,4991,10,66,320,370,80.0,130.0,post_swap,swap_distal,True,GCAMP17
67,4992,10,67,320,370,80.0,130.0,post_swap,swap_distal,False,GCAMP17
68,4993,10,68,320,370,80.0,130.0,post_swap,swap_distal,False,GCAMP17
69,4994,10,69,320,370,80.0,130.0,post_swap,swap_distal,False,GCAMP17
70,4995,10,70,320,370,80.0,130.0,post_swap,swap_distal,False,GCAMP17
71,4996,10,71,320,370,80.0,130.0,post_swap,swap_distal,False,GCAMP17
72,4997,10,72,320,370,80.0,130.0,post_swap,swap_distal,True,GCAMP17
73,4998,10,73,320,370,80.0,130.0,post_swap,swap_distal,False,GCAMP17
74,4999,10,74,320,370,80.0,130.0,post_swap,swap_distal,False,GCAMP17
75,5000,10,75,320,370,80.0,130.0,post_swap,swap_distal,False,GCAMP17
76,5001,10,76,320,370,80.0,130.0,post_swap,swap_distal,False,GCAMP17
77,5002,10,77,320,370,80.0,130.0,post_swap,swap_distal,False,GCAMP17
78,5003,10,78,320,370,80.0,130.0,post_swap,swap_distal,False,GCAMP17
79,5004,10,79,320,370,80.0,130.0,post_swap,swap_distal,False,GCAMP17
0,5005,12,0,320,370,200.0,250.0,pre_swap,swap_proximal,False,GCAMP17
1,5006,12,1,320,370,200.0,250.0,pre_swap,swap_proximal,False,GCAMP17
2,5007,12,2,320,370,200.0,250.0,pre_swap,swap_proximal,False,GCAMP17
3,5008,12,3,320,370,200.0,250.0,pre_swap,swap_proximal,False,GCAMP17
4,5009,12,4,320,370,200.0,250.0,pre_swap,swap_proximal,False,GCAMP17
5,5010,12,5,320,370,200.0,250.0,pre_swap,swap_proximal,True,GCAMP17
6,5011,12,6,320,370,200.0,250.0,pre_swap,swap_proximal,False,GCAMP17
7,5012,12,7,320,370,200.0,250.0,pre_swap,swap_proximal,False,GCAMP17
8,5013,12,8,320,370,200.0,250.0,pre_swap,swap_proximal,False,GCAMP17
9,5014,12,9,320,370,200.0,250.0,pre_swap,swap_proximal,False,GCAMP17
10,5015,12,10,320,370,200.0,250.0,pre_swap,swap_proximal,False,GCAMP17
11,5016,12,11,320,370,200.0,250.0,pre_swap,swap_proximal,False,GCAMP17
12,5017,12,12,320,370,200.0,250.0,pre_swap,swap_proximal,False,GCAMP17
13,5018,12,13,320,370,200.0,250.0,pre_swap,swap_proximal,False,GCAMP17
14,5019,12,14,320,370,200.0,250.0,pre_swap,swap_proximal,False,GCAMP17
15,5020,12,15,320,370,200.0,250.0,pre_swap,swap_proximal,False,GCAMP17
16,5021,12,16,320,370,200.0,250.0,pre_swap,swap_proximal,False,GCAMP17
17,5022,12,17,320,370,200.0,250.0,pre_swap,swap_proximal,False,GCAMP17
18,5023,12,18,320,370,200.0,250.0,pre_swap,swap_proximal,False,GCAMP17
19,5024,12,19,320,370,200.0,250.0,pre_swap,swap_proximal,False,GCAMP17
20,5025,12,20,320,370,200.0,250.0,pre_swap,swap_proximal,False,GCAMP17
21,5026,12,21,320,370,200.0,250.0,pre_swap,swap_proximal,False,GCAMP17
22,5027,12,22,320,370,200.0,250.0,pre_swap,swap_proximal,False,GCAMP17
23,5028,12,23,320,370,200.0,250.0,pre_swap,swap_proximal,False,GCAMP17
24,5029,12,24,320,370,200.0,250.0,pre_swap,swap_proximal,False,GCAMP17
25,5030,12,25,320,370,200.0,250.0,pre_swap,swap_proximal,False,GCAMP17
26,5031,12,26,320,370,200.0,250.0,pre_swap,swap_proximal,False,GCAMP17
27,5032,12,27,320,370,200.0,250.0,pre_swap,swap_proximal,False,GCAMP17
28,5033,12,28,320,370,200.0,250.0,pre_swap,swap_proximal,False,GCAMP17
29,5034,12,29,320,370,200.0,250.0,pre_swap,swap_proximal,False,GCAMP17
30,5035,12,30,200,250,320.0,370.0,post_swap,swap_proximal,False,GCAMP17
31,5036,12,31,200,250,320.0,370.0,post_swap,swap_proximal,False,GCAMP17
32,5037,12,32,200,250,320.0,370.0,post_swap,swap_proximal,False,GCAMP17
33,5038,12,33,200,250,320.0,370.0,post_swap,swap_proximal,False,GCAMP17
34,5039,12,34,200,250,320.0,370.0,post_swap,swap_proximal,False,GCAMP17
35,5040,12,35,200,250,320.0,370.0,post_swap,swap_proximal,False,GCAMP17
36,5041,12,36,200,250,320.0,370.0,post_swap,swap_proximal,False,GCAMP17
37,5042,12,37,200,250,320.0,370.0,post_swap,swap_proximal,True,GCAMP17
38,5043,12,38,200,250,320.0,370.0,post_swap,swap_proximal,True,GCAMP17
39,5044,12,39,200,250,320.0,370.0,post_swap,swap_proximal,False,GCAMP17
40,5045,12,40,200,250,320.0,370.0,post_swap,swap_proximal,False,GCAMP17
41,5046,12,41,200,250,320.0,370.0,post_swap,swap_proximal,False,GCAMP17
42,5047,12,42,200,250,320.0,370.0,post_swap,swap_proximal,False,GCAMP17
43,5048,12,43,200,250,320.0,370.0,post_swap,swap_proximal,False,GCAMP17
44,5049,12,44,200,250,320.0,370.0,post_swap,swap_proximal,True,GCAMP17
45,5050,12,45,200,250,320.0,370.0,post_swap,swap_proximal,False,GCAMP17
46,5051,12,46,200,250,320.0,370.0,post_swap,swap_proximal,False,GCAMP17
47,5052,12,47,200,250,320.0,370.0,post_swap,swap_proximal,False,GCAMP17
48,5053,12,48,200,250,320.0,370.0,post_swap,swap_proximal,False,GCAMP17
49,5054,12,49,200,250,320.0,370.0,post_swap,swap_proximal,False,GCAMP17
50,5055,12,50,200,250,320.0,370.0,post_swap,swap_proximal,True,GCAMP17
51,5056,12,51,200,250,320.0,370.0,post_swap,swap_proximal,False,GCAMP17
52,5057,12,52,200,250,320.0,370.0,post_swap,swap_proximal,True,GCAMP17
53,5058,12,53,200,250,320.0,370.0,post_swap,swap_proximal,False,GCAMP17
54,5059,12,54,200,250,320.0,370.0,post_swap,swap_proximal,True,GCAMP17
55,5060,12,55,200,250,320.0,370.0,post_swap,swap_proximal,False,GCAMP17
56,5061,12,56,200,250,320.0,370.0,post_swap,swap_proximal,True,GCAMP17
57,5062,12,57,200,250,320.0,370.0,post_swap,swap_proximal,True,GCAMP17
58,5063,12,58,200,250,320.0,370.0,post_swap,swap_proximal,False,GCAMP17
59,5064,12,59,200,250,320.0,370.0,post_swap,swap_proximal,True,GCAMP17
60,5065,12,60,200,250,320.0,370.0,post_swap,swap_proximal,False,GCAMP17
61,5066,12,61,200,250,320.0,370.0,post_swap,swap_proximal,False,GCAMP17
62,5067,12,62,200,250,320.0,370.0,post_swap,swap_proximal,False,GCAMP17
63,5068,12,63,200,250,320.0,370.0,post_swap,swap_proximal,True,GCAMP17
64,5069,12,64,200,250,320.0,370.0,post_swap,swap_proximal,True,GCAMP17
65,5070,12,65,200,250,320.0,370.0,post_swap,swap_proximal,False,GCAMP17
66,5071,12,66,200,250,320.0,370.0,post_swap,swap_proximal,False,GCAMP17
67,5072,12,67,200,250,320.0,370.0,post_swap,swap_proximal,False,GCAMP17
68,5073,12,68,200,250,320.0,370.0,post_swap,swap_proximal,False,GCAMP17
69,5074,12,69,200,250,320.0,370.0,post_swap,swap_proximal,False,GCAMP17
70,5075,12,70,200,250,320.0,370.0,post_swap,swap_proximal,False,GCAMP17
71,5076,12,71,200,250,320.0,370.0,post_swap,swap_proximal,False,GCAMP17
72,5077,12,72,200,250,320.0,370.0,post_swap,swap_proximal,False,GCAMP17
73,5078,12,73,200,250,320.0,370.0,post_swap,swap_proximal,False,GCAMP17
74,5079,12,74,200,250,320.0,370.0,post_swap,swap_proximal,False,GCAMP17
75,5080,12,75,200,250,320.0,370.0,post_swap,swap_proximal,False,GCAMP17
76,5081,12,76,200,250,320.0,370.0,post_swap,swap_proximal,False,GCAMP17
77,5082,12,77,200,250,320.0,370.0,post_swap,swap_proximal,False,GCAMP17
78,5083,12,78,200,250,320.0,370.0,post_swap,swap_proximal,False,GCAMP17
79,5084,12,79,200,250,320.0,370.0,post_swap,swap_proximal,True,GCAMP17
0,5085,14,0,200,250,80.0,130.0,pre_swap,swap_proximal,False,GCAMP17
1,5086,14,1,200,250,80.0,130.0,pre_swap,swap_proximal,False,GCAMP17
2,5087,14,2,200,250,80.0,130.0,pre_swap,swap_proximal,False,GCAMP17
3,5088,14,3,200,250,80.0,130.0,pre_swap,swap_proximal,False,GCAMP17
4,5089,14,4,200,250,80.0,130.0,pre_swap,swap_proximal,False,GCAMP17
5,5090,14,5,200,250,80.0,130.0,pre_swap,swap_proximal,False,GCAMP17
6,5091,14,6,200,250,80.0,130.0,pre_swap,swap_proximal,False,GCAMP17
7,5092,14,7,200,250,80.0,130.0,pre_swap,swap_proximal,False,GCAMP17
8,5093,14,8,200,250,80.0,130.0,pre_swap,swap_proximal,False,GCAMP17
9,5094,14,9,200,250,80.0,130.0,pre_swap,swap_proximal,False,GCAMP17
10,5095,14,10,200,250,80.0,130.0,pre_swap,swap_proximal,False,GCAMP17
11,5096,14,11,200,250,80.0,130.0,pre_swap,swap_proximal,False,GCAMP17
12,5097,14,12,200,250,80.0,130.0,pre_swap,swap_proximal,False,GCAMP17
13,5098,14,13,200,250,80.0,130.0,pre_swap,swap_proximal,False,GCAMP17
14,5099,14,14,200,250,80.0,130.0,pre_swap,swap_proximal,False,GCAMP17
15,5100,14,15,200,250,80.0,130.0,pre_swap,swap_proximal,False,GCAMP17
16,5101,14,16,200,250,80.0,130.0,pre_swap,swap_proximal,False,GCAMP17
17,5102,14,17,200,250,80.0,130.0,pre_swap,swap_proximal,False,GCAMP17
18,5103,14,18,200,250,80.0,130.0,pre_swap,swap_proximal,True,GCAMP17
19,5104,14,19,200,250,80.0,130.0,pre_swap,swap_proximal,False,GCAMP17
20,5105,14,20,200,250,80.0,130.0,pre_swap,swap_proximal,True,GCAMP17
21,5106,14,21,200,250,80.0,130.0,pre_swap,swap_proximal,False,GCAMP17
22,5107,14,22,200,250,80.0,130.0,pre_swap,swap_proximal,False,GCAMP17
23,5108,14,23,200,250,80.0,130.0,pre_swap,swap_proximal,False,GCAMP17
24,5109,14,24,200,250,80.0,130.0,pre_swap,swap_proximal,False,GCAMP17
25,5110,14,25,200,250,80.0,130.0,pre_swap,swap_proximal,False,GCAMP17
26,5111,14,26,200,250,80.0,130.0,pre_swap,swap_proximal,False,GCAMP17
27,5112,14,27,200,250,80.0,130.0,pre_swap,swap_proximal,False,GCAMP17
28,5113,14,28,200,250,80.0,130.0,pre_swap,swap_proximal,False,GCAMP17
29,5114,14,29,200,250,80.0,130.0,pre_swap,swap_proximal,False,GCAMP17
30,5115,14,30,80,130,200.0,250.0,post_swap,swap_proximal,False,GCAMP17
31,5116,14,31,80,130,200.0,250.0,post_swap,swap_proximal,False,GCAMP17
32,5117,14,32,80,130,200.0,250.0,post_swap,swap_proximal,False,GCAMP17
33,5118,14,33,80,130,200.0,250.0,post_swap,swap_proximal,False,GCAMP17
34,5119,14,34,80,130,200.0,250.0,post_swap,swap_proximal,False,GCAMP17
35,5120,14,35,80,130,200.0,250.0,post_swap,swap_proximal,False,GCAMP17
36,5121,14,36,80,130,200.0,250.0,post_swap,swap_proximal,False,GCAMP17
37,5122,14,37,80,130,200.0,250.0,post_swap,swap_proximal,False,GCAMP17
38,5123,14,38,80,130,200.0,250.0,post_swap,swap_proximal,False,GCAMP17
39,5124,14,39,80,130,200.0,250.0,post_swap,swap_proximal,False,GCAMP17
40,5125,14,40,80,130,200.0,250.0,post_swap,swap_proximal,False,GCAMP17
41,5126,14,41,80,130,200.0,250.0,post_swap,swap_proximal,False,GCAMP17
42,5127,14,42,80,130,200.0,250.0,post_swap,swap_proximal,False,GCAMP17
43,5128,14,43,80,130,200.0,250.0,post_swap,swap_proximal,False,GCAMP17
44,5129,14,44,80,130,200.0,250.0,post_swap,swap_proximal,False,GCAMP17
45,5130,14,45,80,130,200.0,250.0,post_swap,swap_proximal,False,GCAMP17
46,5131,14,46,80,130,200.0,250.0,post_swap,swap_proximal,False,GCAMP17
47,5132,14,47,80,130,200.0,250.0,post_swap,swap_proximal,False,GCAMP17
48,5133,14,48,80,130,200.0,250.0,post_swap,swap_proximal,False,GCAMP17
49,5134,14,49,80,130,200.0,250.0,post_swap,swap_proximal,False,GCAMP17
50,5135,14,50,80,130,200.0,250.0,post_swap,swap_proximal,False,GCAMP17
51,5136,14,51,80,130,200.0,250.0,post_swap,swap_proximal,False,GCAMP17
52,5137,14,52,80,130,200.0,250.0,post_swap,swap_proximal,False,GCAMP17
53,5138,14,53,80,130,200.0,250.0,post_swap,swap_proximal,False,GCAMP17
54,5139,14,54,80,130,200.0,250.0,post_swap,swap_proximal,False,GCAMP17
55,5140,14,55,80,130,200.0,250.0,post_swap,swap_proximal,False,GCAMP17
56,5141,14,56,80,130,200.0,250.0,post_swap,swap_proximal,False,GCAMP17
57,5142,14,57,80,130,200.0,250.0,post_swap,swap_proximal,False,GCAMP17
58,5143,14,58,80,130,200.0,250.0,post_swap,swap_proximal,False,GCAMP17
59,5144,14,59,80,130,200.0,250.0,post_swap,swap_proximal,False,GCAMP17
60,5145,14,60,80,130,200.0,250.0,post_swap,swap_proximal,False,GCAMP17
61,5146,14,61,80,130,200.0,250.0,post_swap,swap_proximal,False,GCAMP17
62,5147,14,62,80,130,200.0,250.0,post_swap,swap_proximal,False,GCAMP17
63,5148,14,63,80,130,200.0,250.0,post_swap,swap_proximal,False,GCAMP17
64,5149,14,64,80,130,200.0,250.0,post_swap,swap_proximal,False,GCAMP17
65,5150,14,65,80,130,200.0,250.0,post_swap,swap_proximal,False,GCAMP17
66,5151,14,66,80,130,200.0,250.0,post_swap,swap_proximal,False,GCAMP17
67,5152,14,67,80,130,200.0,250.0,post_swap,swap_proximal,False,GCAMP17
68,5153,14,68,80,130,200.0,250.0,post_swap,swap_proximal,False,GCAMP17
69,5154,14,69,80,130,200.0,250.0,post_swap,swap_proximal,False,GCAMP17
70,5155,14,70,80,130,200.0,250.0,post_swap,swap_proximal,False,GCAMP17
71,5156,14,71,80,130,200.0,250.0,post_swap,swap_proximal,False,GCAMP17
72,5157,14,72,80,130,200.0,250.0,post_swap,swap_proximal,False,GCAMP17
73,5158,14,73,80,130,200.0,250.0,post_swap,swap_proximal,False,GCAMP17
74,5159,14,74,80,130,200.0,250.0,post_swap,swap_proximal,False,GCAMP17
75,5160,14,75,80,130,200.0,250.0,post_swap,swap_proximal,False,GCAMP17
76,5161,14,76,80,130,200.0,250.0,post_swap,swap_proximal,True,GCAMP17
77,5162,14,77,80,130,200.0,250.0,post_swap,swap_proximal,False,GCAMP17
78,5163,14,78,80,130,200.0,250.0,post_swap,swap_proximal,False,GCAMP17
79,5164,14,79,80,130,200.0,250.0,post_swap,swap_proximal,False,GCAMP17
0,5165,3,0,80,130,200.0,250.0,pre_swap,swap_distal,False,GCAMP18
1,5166,3,1,80,130,200.0,250.0,pre_swap,swap_distal,False,GCAMP18
2,5167,3,2,80,130,200.0,250.0,pre_swap,swap_distal,True,GCAMP18
3,5168,3,3,80,130,200.0,250.0,pre_swap,swap_distal,False,GCAMP18
4,5169,3,4,80,130,200.0,250.0,pre_swap,swap_distal,False,GCAMP18
5,5170,3,5,80,130,200.0,250.0,pre_swap,swap_distal,True,GCAMP18
6,5171,3,6,80,130,200.0,250.0,pre_swap,swap_distal,False,GCAMP18
7,5172,3,7,80,130,200.0,250.0,pre_swap,swap_distal,True,GCAMP18
8,5173,3,8,80,130,200.0,250.0,pre_swap,swap_distal,False,GCAMP18
9,5174,3,9,80,130,200.0,250.0,pre_swap,swap_distal,False,GCAMP18
10,5175,3,10,80,130,200.0,250.0,pre_swap,swap_distal,False,GCAMP18
11,5176,3,11,80,130,200.0,250.0,pre_swap,swap_distal,True,GCAMP18
12,5177,3,12,80,130,200.0,250.0,pre_swap,swap_distal,False,GCAMP18
13,5178,3,13,80,130,200.0,250.0,pre_swap,swap_distal,True,GCAMP18
14,5179,3,14,80,130,200.0,250.0,pre_swap,swap_distal,False,GCAMP18
15,5180,3,15,80,130,200.0,250.0,pre_swap,swap_distal,False,GCAMP18
16,5181,3,16,80,130,200.0,250.0,pre_swap,swap_distal,False,GCAMP18
17,5182,3,17,80,130,200.0,250.0,pre_swap,swap_distal,False,GCAMP18
18,5183,3,18,80,130,200.0,250.0,pre_swap,swap_distal,False,GCAMP18
19,5184,3,19,80,130,200.0,250.0,pre_swap,swap_distal,False,GCAMP18
20,5185,3,20,80,130,200.0,250.0,pre_swap,swap_distal,False,GCAMP18
21,5186,3,21,80,130,200.0,250.0,pre_swap,swap_distal,True,GCAMP18
22,5187,3,22,80,130,200.0,250.0,pre_swap,swap_distal,False,GCAMP18
23,5188,3,23,80,130,200.0,250.0,pre_swap,swap_distal,False,GCAMP18
24,5189,3,24,80,130,200.0,250.0,pre_swap,swap_distal,False,GCAMP18
25,5190,3,25,80,130,200.0,250.0,pre_swap,swap_distal,False,GCAMP18
26,5191,3,26,80,130,200.0,250.0,pre_swap,swap_distal,False,GCAMP18
27,5192,3,27,80,130,200.0,250.0,pre_swap,swap_distal,False,GCAMP18
28,5193,3,28,80,130,200.0,250.0,pre_swap,swap_distal,True,GCAMP18
29,5194,3,29,80,130,200.0,250.0,pre_swap,swap_distal,False,GCAMP18
30,5195,3,30,200,250,80.0,130.0,post_swap,swap_distal,False,GCAMP18
31,5196,3,31,200,250,80.0,130.0,post_swap,swap_distal,False,GCAMP18
32,5197,3,32,200,250,80.0,130.0,post_swap,swap_distal,False,GCAMP18
33,5198,3,33,200,250,80.0,130.0,post_swap,swap_distal,False,GCAMP18
34,5199,3,34,200,250,80.0,130.0,post_swap,swap_distal,False,GCAMP18
35,5200,3,35,200,250,80.0,130.0,post_swap,swap_distal,False,GCAMP18
36,5201,3,36,200,250,80.0,130.0,post_swap,swap_distal,False,GCAMP18
37,5202,3,37,200,250,80.0,130.0,post_swap,swap_distal,False,GCAMP18
38,5203,3,38,200,250,80.0,130.0,post_swap,swap_distal,False,GCAMP18
39,5204,3,39,200,250,80.0,130.0,post_swap,swap_distal,False,GCAMP18
40,5205,3,40,200,250,80.0,130.0,post_swap,swap_distal,False,GCAMP18
41,5206,3,41,200,250,80.0,130.0,post_swap,swap_distal,False,GCAMP18
42,5207,3,42,200,250,80.0,130.0,post_swap,swap_distal,False,GCAMP18
43,5208,3,43,200,250,80.0,130.0,post_swap,swap_distal,False,GCAMP18
44,5209,3,44,200,250,80.0,130.0,post_swap,swap_distal,False,GCAMP18
47,5212,3,47,200,250,80.0,130.0,post_swap,swap_distal,False,GCAMP18
48,5213,3,48,200,250,80.0,130.0,post_swap,swap_distal,False,GCAMP18
49,5214,3,49,200,250,80.0,130.0,post_swap,swap_distal,False,GCAMP18
50,5215,3,50,200,250,80.0,130.0,post_swap,swap_distal,False,GCAMP18
51,5216,3,51,200,250,80.0,130.0,post_swap,swap_distal,False,GCAMP18
52,5217,3,52,200,250,80.0,130.0,post_swap,swap_distal,False,GCAMP18
55,5220,3,55,200,250,80.0,130.0,post_swap,swap_distal,False,GCAMP18
56,5221,3,56,200,250,80.0,130.0,post_swap,swap_distal,True,GCAMP18
57,5222,3,57,200,250,80.0,130.0,post_swap,swap_distal,True,GCAMP18
58,5223,3,58,200,250,80.0,130.0,post_swap,swap_distal,False,GCAMP18
59,5224,3,59,200,250,80.0,130.0,post_swap,swap_distal,False,GCAMP18
60,5225,3,60,200,250,80.0,130.0,post_swap,swap_distal,False,GCAMP18
61,5226,3,61,200,250,80.0,130.0,post_swap,swap_distal,False,GCAMP18
62,5227,3,62,200,250,80.0,130.0,post_swap,swap_distal,True,GCAMP18
63,5228,3,63,200,250,80.0,130.0,post_swap,swap_distal,False,GCAMP18
64,5229,3,64,200,250,80.0,130.0,post_swap,swap_distal,False,GCAMP18
65,5230,3,65,200,250,80.0,130.0,post_swap,swap_distal,False,GCAMP18
66,5231,3,66,200,250,80.0,130.0,post_swap,swap_distal,True,GCAMP18
67,5232,3,67,200,250,80.0,130.0,post_swap,swap_distal,False,GCAMP18
68,5233,3,68,200,250,80.0,130.0,post_swap,swap_distal,False,GCAMP18
69,5234,3,69,200,250,80.0,130.0,post_swap,swap_distal,False,GCAMP18
70,5235,3,70,200,250,80.0,130.0,post_swap,swap_distal,False,GCAMP18
71,5236,3,71,200,250,80.0,130.0,post_swap,swap_distal,False,GCAMP18
72,5237,3,72,200,250,80.0,130.0,post_swap,swap_distal,False,GCAMP18
73,5238,3,73,200,250,80.0,130.0,post_swap,swap_distal,False,GCAMP18
74,5239,3,74,200,250,80.0,130.0,post_swap,swap_distal,False,GCAMP18
75,5240,3,75,200,250,80.0,130.0,post_swap,swap_distal,False,GCAMP18
76,5241,3,76,200,250,80.0,130.0,post_swap,swap_distal,False,GCAMP18
77,5242,3,77,200,250,80.0,130.0,post_swap,swap_distal,False,GCAMP18
78,5243,3,78,200,250,80.0,130.0,post_swap,swap_distal,False,GCAMP18
79,5244,3,79,200,250,80.0,130.0,post_swap,swap_distal,False,GCAMP18
0,5245,5,0,200,250,320.0,370.0,pre_swap,swap_distal,False,GCAMP18
1,5246,5,1,200,250,320.0,370.0,pre_swap,swap_distal,False,GCAMP18
2,5247,5,2,200,250,320.0,370.0,pre_swap,swap_distal,False,GCAMP18
3,5248,5,3,200,250,320.0,370.0,pre_swap,swap_distal,False,GCAMP18
4,5249,5,4,200,250,320.0,370.0,pre_swap,swap_distal,False,GCAMP18
5,5250,5,5,200,250,320.0,370.0,pre_swap,swap_distal,False,GCAMP18
6,5251,5,6,200,250,320.0,370.0,pre_swap,swap_distal,True,GCAMP18
7,5252,5,7,200,250,320.0,370.0,pre_swap,swap_distal,False,GCAMP18
8,5253,5,8,200,250,320.0,370.0,pre_swap,swap_distal,False,GCAMP18
9,5254,5,9,200,250,320.0,370.0,pre_swap,swap_distal,False,GCAMP18
10,5255,5,10,200,250,320.0,370.0,pre_swap,swap_distal,True,GCAMP18
11,5256,5,11,200,250,320.0,370.0,pre_swap,swap_distal,False,GCAMP18
12,5257,5,12,200,250,320.0,370.0,pre_swap,swap_distal,False,GCAMP18
13,5258,5,13,200,250,320.0,370.0,pre_swap,swap_distal,True,GCAMP18
14,5259,5,14,200,250,320.0,370.0,pre_swap,swap_distal,False,GCAMP18
15,5260,5,15,200,250,320.0,370.0,pre_swap,swap_distal,False,GCAMP18
16,5261,5,16,200,250,320.0,370.0,pre_swap,swap_distal,False,GCAMP18
17,5262,5,17,200,250,320.0,370.0,pre_swap,swap_distal,False,GCAMP18
18,5263,5,18,200,250,320.0,370.0,pre_swap,swap_distal,False,GCAMP18
19,5264,5,19,200,250,320.0,370.0,pre_swap,swap_distal,False,GCAMP18
20,5265,5,20,200,250,320.0,370.0,pre_swap,swap_distal,False,GCAMP18
21,5266,5,21,200,250,320.0,370.0,pre_swap,swap_distal,False,GCAMP18
22,5267,5,22,200,250,320.0,370.0,pre_swap,swap_distal,False,GCAMP18
23,5268,5,23,200,250,320.0,370.0,pre_swap,swap_distal,False,GCAMP18
24,5269,5,24,200,250,320.0,370.0,pre_swap,swap_distal,False,GCAMP18
25,5270,5,25,200,250,320.0,370.0,pre_swap,swap_distal,False,GCAMP18
26,5271,5,26,200,250,320.0,370.0,pre_swap,swap_distal,False,GCAMP18
27,5272,5,27,200,250,320.0,370.0,pre_swap,swap_distal,False,GCAMP18
28,5273,5,28,200,250,320.0,370.0,pre_swap,swap_distal,False,GCAMP18
29,5274,5,29,200,250,320.0,370.0,pre_swap,swap_distal,False,GCAMP18
30,5275,5,30,320,370,200.0,250.0,post_swap,swap_distal,False,GCAMP18
31,5276,5,31,320,370,200.0,250.0,post_swap,swap_distal,False,GCAMP18
32,5277,5,32,320,370,200.0,250.0,post_swap,swap_distal,False,GCAMP18
33,5278,5,33,320,370,200.0,250.0,post_swap,swap_distal,False,GCAMP18
34,5279,5,34,320,370,200.0,250.0,post_swap,swap_distal,False,GCAMP18
35,5280,5,35,320,370,200.0,250.0,post_swap,swap_distal,False,GCAMP18
36,5281,5,36,320,370,200.0,250.0,post_swap,swap_distal,False,GCAMP18
37,5282,5,37,320,370,200.0,250.0,post_swap,swap_distal,True,GCAMP18
38,5283,5,38,320,370,200.0,250.0,post_swap,swap_distal,True,GCAMP18
39,5284,5,39,320,370,200.0,250.0,post_swap,swap_distal,False,GCAMP18
40,5285,5,40,320,370,200.0,250.0,post_swap,swap_distal,True,GCAMP18
41,5286,5,41,320,370,200.0,250.0,post_swap,swap_distal,False,GCAMP18
42,5287,5,42,320,370,200.0,250.0,post_swap,swap_distal,False,GCAMP18
43,5288,5,43,320,370,200.0,250.0,post_swap,swap_distal,False,GCAMP18
44,5289,5,44,320,370,200.0,250.0,post_swap,swap_distal,False,GCAMP18
45,5290,5,45,320,370,200.0,250.0,post_swap,swap_distal,False,GCAMP18
46,5291,5,46,320,370,200.0,250.0,post_swap,swap_distal,False,GCAMP18
47,5292,5,47,320,370,200.0,250.0,post_swap,swap_distal,False,GCAMP18
48,5293,5,48,320,370,200.0,250.0,post_swap,swap_distal,False,GCAMP18
49,5294,5,49,320,370,200.0,250.0,post_swap,swap_distal,False,GCAMP18
50,5295,5,50,320,370,200.0,250.0,post_swap,swap_distal,False,GCAMP18
51,5296,5,51,320,370,200.0,250.0,post_swap,swap_distal,True,GCAMP18
52,5297,5,52,320,370,200.0,250.0,post_swap,swap_distal,True,GCAMP18
53,5298,5,53,320,370,200.0,250.0,post_swap,swap_distal,False,GCAMP18
54,5299,5,54,320,370,200.0,250.0,post_swap,swap_distal,False,GCAMP18
55,5300,5,55,320,370,200.0,250.0,post_swap,swap_distal,False,GCAMP18
56,5301,5,56,320,370,200.0,250.0,post_swap,swap_distal,False,GCAMP18
57,5302,5,57,320,370,200.0,250.0,post_swap,swap_distal,False,GCAMP18
58,5303,5,58,320,370,200.0,250.0,post_swap,swap_distal,True,GCAMP18
59,5304,5,59,320,370,200.0,250.0,post_swap,swap_distal,False,GCAMP18
60,5305,5,60,320,370,200.0,250.0,post_swap,swap_distal,False,GCAMP18
61,5306,5,61,320,370,200.0,250.0,post_swap,swap_distal,False,GCAMP18
62,5307,5,62,320,370,200.0,250.0,post_swap,swap_distal,False,GCAMP18
63,5308,5,63,320,370,200.0,250.0,post_swap,swap_distal,False,GCAMP18
64,5309,5,64,320,370,200.0,250.0,post_swap,swap_distal,False,GCAMP18
65,5310,5,65,320,370,200.0,250.0,post_swap,swap_distal,False,GCAMP18
66,5311,5,66,320,370,200.0,250.0,post_swap,swap_distal,False,GCAMP18
67,5312,5,67,320,370,200.0,250.0,post_swap,swap_distal,False,GCAMP18
68,5313,5,68,320,370,200.0,250.0,post_swap,swap_distal,False,GCAMP18
69,5314,5,69,320,370,200.0,250.0,post_swap,swap_distal,False,GCAMP18
70,5315,5,70,320,370,200.0,250.0,post_swap,swap_distal,True,GCAMP18
71,5316,5,71,320,370,200.0,250.0,post_swap,swap_distal,False,GCAMP18
72,5317,5,72,320,370,200.0,250.0,post_swap,swap_distal,False,GCAMP18
73,5318,5,73,320,370,200.0,250.0,post_swap,swap_distal,False,GCAMP18
74,5319,5,74,320,370,200.0,250.0,post_swap,swap_distal,False,GCAMP18
75,5320,5,75,320,370,200.0,250.0,post_swap,swap_distal,False,GCAMP18
76,5321,5,76,320,370,200.0,250.0,post_swap,swap_distal,False,GCAMP18
77,5322,5,77,320,370,200.0,250.0,post_swap,swap_distal,False,GCAMP18
78,5323,5,78,320,370,200.0,250.0,post_swap,swap_distal,False,GCAMP18
79,5324,5,79,320,370,200.0,250.0,post_swap,swap_distal,False,GCAMP18
0,5325,7,0,320,370,80.0,130.0,pre_swap,swap_proximal,False,GCAMP18
1,5326,7,1,320,370,80.0,130.0,pre_swap,swap_proximal,False,GCAMP18
2,5327,7,2,320,370,80.0,130.0,pre_swap,swap_proximal,False,GCAMP18
3,5328,7,3,320,370,80.0,130.0,pre_swap,swap_proximal,False,GCAMP18
4,5329,7,4,320,370,80.0,130.0,pre_swap,swap_proximal,False,GCAMP18
5,5330,7,5,320,370,80.0,130.0,pre_swap,swap_proximal,False,GCAMP18
6,5331,7,6,320,370,80.0,130.0,pre_swap,swap_proximal,False,GCAMP18
7,5332,7,7,320,370,80.0,130.0,pre_swap,swap_proximal,False,GCAMP18
8,5333,7,8,320,370,80.0,130.0,pre_swap,swap_proximal,True,GCAMP18
9,5334,7,9,320,370,80.0,130.0,pre_swap,swap_proximal,False,GCAMP18
10,5335,7,10,320,370,80.0,130.0,pre_swap,swap_proximal,False,GCAMP18
11,5336,7,11,320,370,80.0,130.0,pre_swap,swap_proximal,True,GCAMP18
12,5337,7,12,320,370,80.0,130.0,pre_swap,swap_proximal,False,GCAMP18
13,5338,7,13,320,370,80.0,130.0,pre_swap,swap_proximal,False,GCAMP18
14,5339,7,14,320,370,80.0,130.0,pre_swap,swap_proximal,True,GCAMP18
15,5340,7,15,320,370,80.0,130.0,pre_swap,swap_proximal,False,GCAMP18
16,5341,7,16,320,370,80.0,130.0,pre_swap,swap_proximal,False,GCAMP18
17,5342,7,17,320,370,80.0,130.0,pre_swap,swap_proximal,False,GCAMP18
18,5343,7,18,320,370,80.0,130.0,pre_swap,swap_proximal,False,GCAMP18
19,5344,7,19,320,370,80.0,130.0,pre_swap,swap_proximal,False,GCAMP18
20,5345,7,20,320,370,80.0,130.0,pre_swap,swap_proximal,False,GCAMP18
21,5346,7,21,320,370,80.0,130.0,pre_swap,swap_proximal,False,GCAMP18
22,5347,7,22,320,370,80.0,130.0,pre_swap,swap_proximal,False,GCAMP18
23,5348,7,23,320,370,80.0,130.0,pre_swap,swap_proximal,False,GCAMP18
24,5349,7,24,320,370,80.0,130.0,pre_swap,swap_proximal,False,GCAMP18
25,5350,7,25,320,370,80.0,130.0,pre_swap,swap_proximal,False,GCAMP18
26,5351,7,26,320,370,80.0,130.0,pre_swap,swap_proximal,True,GCAMP18
27,5352,7,27,320,370,80.0,130.0,pre_swap,swap_proximal,False,GCAMP18
28,5353,7,28,320,370,80.0,130.0,pre_swap,swap_proximal,True,GCAMP18
29,5354,7,29,320,370,80.0,130.0,pre_swap,swap_proximal,False,GCAMP18
30,5355,7,30,80,130,320.0,370.0,post_swap,swap_proximal,False,GCAMP18
31,5356,7,31,80,130,320.0,370.0,post_swap,swap_proximal,False,GCAMP18
32,5357,7,32,80,130,320.0,370.0,post_swap,swap_proximal,False,GCAMP18
33,5358,7,33,80,130,320.0,370.0,post_swap,swap_proximal,False,GCAMP18
34,5359,7,34,80,130,320.0,370.0,post_swap,swap_proximal,False,GCAMP18
35,5360,7,35,80,130,320.0,370.0,post_swap,swap_proximal,False,GCAMP18
36,5361,7,36,80,130,320.0,370.0,post_swap,swap_proximal,False,GCAMP18
37,5362,7,37,80,130,320.0,370.0,post_swap,swap_proximal,False,GCAMP18
38,5363,7,38,80,130,320.0,370.0,post_swap,swap_proximal,False,GCAMP18
39,5364,7,39,80,130,320.0,370.0,post_swap,swap_proximal,False,GCAMP18
40,5365,7,40,80,130,320.0,370.0,post_swap,swap_proximal,True,GCAMP18
41,5366,7,41,80,130,320.0,370.0,post_swap,swap_proximal,False,GCAMP18
42,5367,7,42,80,130,320.0,370.0,post_swap,swap_proximal,False,GCAMP18
43,5368,7,43,80,130,320.0,370.0,post_swap,swap_proximal,False,GCAMP18
44,5369,7,44,80,130,320.0,370.0,post_swap,swap_proximal,False,GCAMP18
45,5370,7,45,80,130,320.0,370.0,post_swap,swap_proximal,False,GCAMP18
46,5371,7,46,80,130,320.0,370.0,post_swap,swap_proximal,False,GCAMP18
47,5372,7,47,80,130,320.0,370.0,post_swap,swap_proximal,False,GCAMP18
48,5373,7,48,80,130,320.0,370.0,post_swap,swap_proximal,False,GCAMP18
49,5374,7,49,80,130,320.0,370.0,post_swap,swap_proximal,False,GCAMP18
50,5375,7,50,80,130,320.0,370.0,post_swap,swap_proximal,False,GCAMP18
51,5376,7,51,80,130,320.0,370.0,post_swap,swap_proximal,True,GCAMP18
52,5377,7,52,80,130,320.0,370.0,post_swap,swap_proximal,False,GCAMP18
53,5378,7,53,80,130,320.0,370.0,post_swap,swap_proximal,False,GCAMP18
54,5379,7,54,80,130,320.0,370.0,post_swap,swap_proximal,False,GCAMP18
55,5380,7,55,80,130,320.0,370.0,post_swap,swap_proximal,False,GCAMP18
56,5381,7,56,80,130,320.0,370.0,post_swap,swap_proximal,False,GCAMP18
57,5382,7,57,80,130,320.0,370.0,post_swap,swap_proximal,False,GCAMP18
58,5383,7,58,80,130,320.0,370.0,post_swap,swap_proximal,False,GCAMP18
59,5384,7,59,80,130,320.0,370.0,post_swap,swap_proximal,False,GCAMP18
60,5385,7,60,80,130,320.0,370.0,post_swap,swap_proximal,False,GCAMP18
61,5386,7,61,80,130,320.0,370.0,post_swap,swap_proximal,False,GCAMP18
62,5387,7,62,80,130,320.0,370.0,post_swap,swap_proximal,False,GCAMP18
63,5388,7,63,80,130,320.0,370.0,post_swap,swap_proximal,False,GCAMP18
64,5389,7,64,80,130,320.0,370.0,post_swap,swap_proximal,False,GCAMP18
65,5390,7,65,80,130,320.0,370.0,post_swap,swap_proximal,False,GCAMP18
66,5391,7,66,80,130,320.0,370.0,post_swap,swap_proximal,False,GCAMP18
67,5392,7,67,80,130,320.0,370.0,post_swap,swap_proximal,False,GCAMP18
68,5393,7,68,80,130,320.0,370.0,post_swap,swap_proximal,False,GCAMP18
69,5394,7,69,80,130,320.0,370.0,post_swap,swap_proximal,False,GCAMP18
70,5395,7,70,80,130,320.0,370.0,post_swap,swap_proximal,False,GCAMP18
71,5396,7,71,80,130,320.0,370.0,post_swap,swap_proximal,False,GCAMP18
72,5397,7,72,80,130,320.0,370.0,post_swap,swap_proximal,False,GCAMP18
73,5398,7,73,80,130,320.0,370.0,post_swap,swap_proximal,True,GCAMP18
74,5399,7,74,80,130,320.0,370.0,post_swap,swap_proximal,False,GCAMP18
75,5400,7,75,80,130,320.0,370.0,post_swap,swap_proximal,False,GCAMP18
76,5401,7,76,80,130,320.0,370.0,post_swap,swap_proximal,True,GCAMP18
77,5402,7,77,80,130,320.0,370.0,post_swap,swap_proximal,False,GCAMP18
78,5403,7,78,80,130,320.0,370.0,post_swap,swap_proximal,False,GCAMP18
79,5404,7,79,80,130,320.0,370.0,post_swap,swap_proximal,False,GCAMP18
0,5405,8,0,80,130,320.0,370.0,pre_swap,swap_distal,False,GCAMP18
1,5406,8,1,80,130,320.0,370.0,pre_swap,swap_distal,False,GCAMP18
2,5407,8,2,80,130,320.0,370.0,pre_swap,swap_distal,True,GCAMP18
3,5408,8,3,80,130,320.0,370.0,pre_swap,swap_distal,False,GCAMP18
4,5409,8,4,80,130,320.0,370.0,pre_swap,swap_distal,False,GCAMP18
5,5410,8,5,80,130,320.0,370.0,pre_swap,swap_distal,False,GCAMP18
6,5411,8,6,80,130,320.0,370.0,pre_swap,swap_distal,False,GCAMP18
7,5412,8,7,80,130,320.0,370.0,pre_swap,swap_distal,False,GCAMP18
8,5413,8,8,80,130,320.0,370.0,pre_swap,swap_distal,True,GCAMP18
9,5414,8,9,80,130,320.0,370.0,pre_swap,swap_distal,False,GCAMP18
10,5415,8,10,80,130,320.0,370.0,pre_swap,swap_distal,False,GCAMP18
11,5416,8,11,80,130,320.0,370.0,pre_swap,swap_distal,False,GCAMP18
12,5417,8,12,80,130,320.0,370.0,pre_swap,swap_distal,False,GCAMP18
13,5418,8,13,80,130,320.0,370.0,pre_swap,swap_distal,True,GCAMP18
14,5419,8,14,80,130,320.0,370.0,pre_swap,swap_distal,False,GCAMP18
15,5420,8,15,80,130,320.0,370.0,pre_swap,swap_distal,False,GCAMP18
16,5421,8,16,80,130,320.0,370.0,pre_swap,swap_distal,False,GCAMP18
17,5422,8,17,80,130,320.0,370.0,pre_swap,swap_distal,False,GCAMP18
18,5423,8,18,80,130,320.0,370.0,pre_swap,swap_distal,False,GCAMP18
19,5424,8,19,80,130,320.0,370.0,pre_swap,swap_distal,False,GCAMP18
20,5425,8,20,80,130,320.0,370.0,pre_swap,swap_distal,True,GCAMP18
21,5426,8,21,80,130,320.0,370.0,pre_swap,swap_distal,False,GCAMP18
22,5427,8,22,80,130,320.0,370.0,pre_swap,swap_distal,False,GCAMP18
23,5428,8,23,80,130,320.0,370.0,pre_swap,swap_distal,False,GCAMP18
24,5429,8,24,80,130,320.0,370.0,pre_swap,swap_distal,True,GCAMP18
25,5430,8,25,80,130,320.0,370.0,pre_swap,swap_distal,True,GCAMP18
26,5431,8,26,80,130,320.0,370.0,pre_swap,swap_distal,False,GCAMP18
27,5432,8,27,80,130,320.0,370.0,pre_swap,swap_distal,False,GCAMP18
28,5433,8,28,80,130,320.0,370.0,pre_swap,swap_distal,False,GCAMP18
29,5434,8,29,80,130,320.0,370.0,pre_swap,swap_distal,False,GCAMP18
30,5435,8,30,320,370,80.0,130.0,post_swap,swap_distal,False,GCAMP18
31,5436,8,31,320,370,80.0,130.0,post_swap,swap_distal,False,GCAMP18
32,5437,8,32,320,370,80.0,130.0,post_swap,swap_distal,False,GCAMP18
33,5438,8,33,320,370,80.0,130.0,post_swap,swap_distal,False,GCAMP18
34,5439,8,34,320,370,80.0,130.0,post_swap,swap_distal,False,GCAMP18
35,5440,8,35,320,370,80.0,130.0,post_swap,swap_distal,False,GCAMP18
36,5441,8,36,320,370,80.0,130.0,post_swap,swap_distal,False,GCAMP18
37,5442,8,37,320,370,80.0,130.0,post_swap,swap_distal,False,GCAMP18
38,5443,8,38,320,370,80.0,130.0,post_swap,swap_distal,False,GCAMP18
39,5444,8,39,320,370,80.0,130.0,post_swap,swap_distal,False,GCAMP18
40,5445,8,40,320,370,80.0,130.0,post_swap,swap_distal,True,GCAMP18
41,5446,8,41,320,370,80.0,130.0,post_swap,swap_distal,False,GCAMP18
42,5447,8,42,320,370,80.0,130.0,post_swap,swap_distal,False,GCAMP18
43,5448,8,43,320,370,80.0,130.0,post_swap,swap_distal,False,GCAMP18
44,5449,8,44,320,370,80.0,130.0,post_swap,swap_distal,False,GCAMP18
45,5450,8,45,320,370,80.0,130.0,post_swap,swap_distal,False,GCAMP18
46,5451,8,46,320,370,80.0,130.0,post_swap,swap_distal,False,GCAMP18
47,5452,8,47,320,370,80.0,130.0,post_swap,swap_distal,False,GCAMP18
48,5453,8,48,320,370,80.0,130.0,post_swap,swap_distal,False,GCAMP18
49,5454,8,49,320,370,80.0,130.0,post_swap,swap_distal,False,GCAMP18
50,5455,8,50,320,370,80.0,130.0,post_swap,swap_distal,False,GCAMP18
51,5456,8,51,320,370,80.0,130.0,post_swap,swap_distal,False,GCAMP18
52,5457,8,52,320,370,80.0,130.0,post_swap,swap_distal,False,GCAMP18
53,5458,8,53,320,370,80.0,130.0,post_swap,swap_distal,False,GCAMP18
54,5459,8,54,320,370,80.0,130.0,post_swap,swap_distal,False,GCAMP18
55,5460,8,55,320,370,80.0,130.0,post_swap,swap_distal,False,GCAMP18
56,5461,8,56,320,370,80.0,130.0,post_swap,swap_distal,False,GCAMP18
57,5462,8,57,320,370,80.0,130.0,post_swap,swap_distal,False,GCAMP18
58,5463,8,58,320,370,80.0,130.0,post_swap,swap_distal,False,GCAMP18
59,5464,8,59,320,370,80.0,130.0,post_swap,swap_distal,True,GCAMP18
60,5465,8,60,320,370,80.0,130.0,post_swap,swap_distal,False,GCAMP18
61,5466,8,61,320,370,80.0,130.0,post_swap,swap_distal,False,GCAMP18
62,5467,8,62,320,370,80.0,130.0,post_swap,swap_distal,False,GCAMP18
63,5468,8,63,320,370,80.0,130.0,post_swap,swap_distal,False,GCAMP18
64,5469,8,64,320,370,80.0,130.0,post_swap,swap_distal,False,GCAMP18
65,5470,8,65,320,370,80.0,130.0,post_swap,swap_distal,False,GCAMP18
66,5471,8,66,320,370,80.0,130.0,post_swap,swap_distal,False,GCAMP18
67,5472,8,67,320,370,80.0,130.0,post_swap,swap_distal,True,GCAMP18
68,5473,8,68,320,370,80.0,130.0,post_swap,swap_distal,False,GCAMP18
69,5474,8,69,320,370,80.0,130.0,post_swap,swap_distal,False,GCAMP18
70,5475,8,70,320,370,80.0,130.0,post_swap,swap_distal,False,GCAMP18
71,5476,8,71,320,370,80.0,130.0,post_swap,swap_distal,False,GCAMP18
72,5477,8,72,320,370,80.0,130.0,post_swap,swap_distal,False,GCAMP18
73,5478,8,73,320,370,80.0,130.0,post_swap,swap_distal,False,GCAMP18
74,5479,8,74,320,370,80.0,130.0,post_swap,swap_distal,False,GCAMP18
75,5480,8,75,320,370,80.0,130.0,post_swap,swap_distal,False,GCAMP18
76,5481,8,76,320,370,80.0,130.0,post_swap,swap_distal,True,GCAMP18
77,5482,8,77,320,370,80.0,130.0,post_swap,swap_distal,False,GCAMP18
78,5483,8,78,320,370,80.0,130.0,post_swap,swap_distal,False,GCAMP18
79,5484,8,79,320,370,80.0,130.0,post_swap,swap_distal,False,GCAMP18
0,5485,10,0,320,370,200.0,250.0,pre_swap,swap_proximal,False,GCAMP18
1,5486,10,1,320,370,200.0,250.0,pre_swap,swap_proximal,False,GCAMP18
2,5487,10,2,320,370,200.0,250.0,pre_swap,swap_proximal,True,GCAMP18
3,5488,10,3,320,370,200.0,250.0,pre_swap,swap_proximal,False,GCAMP18
4,5489,10,4,320,370,200.0,250.0,pre_swap,swap_proximal,False,GCAMP18
5,5490,10,5,320,370,200.0,250.0,pre_swap,swap_proximal,False,GCAMP18
6,5491,10,6,320,370,200.0,250.0,pre_swap,swap_proximal,False,GCAMP18
7,5492,10,7,320,370,200.0,250.0,pre_swap,swap_proximal,False,GCAMP18
8,5493,10,8,320,370,200.0,250.0,pre_swap,swap_proximal,False,GCAMP18
9,5494,10,9,320,370,200.0,250.0,pre_swap,swap_proximal,True,GCAMP18
10,5495,10,10,320,370,200.0,250.0,pre_swap,swap_proximal,False,GCAMP18
11,5496,10,11,320,370,200.0,250.0,pre_swap,swap_proximal,False,GCAMP18
12,5497,10,12,320,370,200.0,250.0,pre_swap,swap_proximal,False,GCAMP18
13,5498,10,13,320,370,200.0,250.0,pre_swap,swap_proximal,False,GCAMP18
14,5499,10,14,320,370,200.0,250.0,pre_swap,swap_proximal,True,GCAMP18
15,5500,10,15,320,370,200.0,250.0,pre_swap,swap_proximal,False,GCAMP18
16,5501,10,16,320,370,200.0,250.0,pre_swap,swap_proximal,False,GCAMP18
17,5502,10,17,320,370,200.0,250.0,pre_swap,swap_proximal,True,GCAMP18
18,5503,10,18,320,370,200.0,250.0,pre_swap,swap_proximal,False,GCAMP18
19,5504,10,19,320,370,200.0,250.0,pre_swap,swap_proximal,False,GCAMP18
20,5505,10,20,320,370,200.0,250.0,pre_swap,swap_proximal,False,GCAMP18
21,5506,10,21,320,370,200.0,250.0,pre_swap,swap_proximal,False,GCAMP18
22,5507,10,22,320,370,200.0,250.0,pre_swap,swap_proximal,False,GCAMP18
23,5508,10,23,320,370,200.0,250.0,pre_swap,swap_proximal,False,GCAMP18
24,5509,10,24,320,370,200.0,250.0,pre_swap,swap_proximal,False,GCAMP18
25,5510,10,25,320,370,200.0,250.0,pre_swap,swap_proximal,False,GCAMP18
26,5511,10,26,320,370,200.0,250.0,pre_swap,swap_proximal,False,GCAMP18
27,5512,10,27,320,370,200.0,250.0,pre_swap,swap_proximal,False,GCAMP18
28,5513,10,28,320,370,200.0,250.0,pre_swap,swap_proximal,False,GCAMP18
29,5514,10,29,320,370,200.0,250.0,pre_swap,swap_proximal,True,GCAMP18
30,5515,10,30,200,250,320.0,370.0,post_swap,swap_proximal,False,GCAMP18
31,5516,10,31,200,250,320.0,370.0,post_swap,swap_proximal,False,GCAMP18
32,5517,10,32,200,250,320.0,370.0,post_swap,swap_proximal,False,GCAMP18
33,5518,10,33,200,250,320.0,370.0,post_swap,swap_proximal,True,GCAMP18
34,5519,10,34,200,250,320.0,370.0,post_swap,swap_proximal,False,GCAMP18
35,5520,10,35,200,250,320.0,370.0,post_swap,swap_proximal,False,GCAMP18
36,5521,10,36,200,250,320.0,370.0,post_swap,swap_proximal,False,GCAMP18
37,5522,10,37,200,250,320.0,370.0,post_swap,swap_proximal,True,GCAMP18
38,5523,10,38,200,250,320.0,370.0,post_swap,swap_proximal,False,GCAMP18
39,5524,10,39,200,250,320.0,370.0,post_swap,swap_proximal,True,GCAMP18
40,5525,10,40,200,250,320.0,370.0,post_swap,swap_proximal,False,GCAMP18
41,5526,10,41,200,250,320.0,370.0,post_swap,swap_proximal,False,GCAMP18
42,5527,10,42,200,250,320.0,370.0,post_swap,swap_proximal,False,GCAMP18
43,5528,10,43,200,250,320.0,370.0,post_swap,swap_proximal,False,GCAMP18
44,5529,10,44,200,250,320.0,370.0,post_swap,swap_proximal,True,GCAMP18
45,5530,10,45,200,250,320.0,370.0,post_swap,swap_proximal,False,GCAMP18
46,5531,10,46,200,250,320.0,370.0,post_swap,swap_proximal,False,GCAMP18
47,5532,10,47,200,250,320.0,370.0,post_swap,swap_proximal,False,GCAMP18
48,5533,10,48,200,250,320.0,370.0,post_swap,swap_proximal,False,GCAMP18
49,5534,10,49,200,250,320.0,370.0,post_swap,swap_proximal,False,GCAMP18
50,5535,10,50,200,250,320.0,370.0,post_swap,swap_proximal,False,GCAMP18
51,5536,10,51,200,250,320.0,370.0,post_swap,swap_proximal,True,GCAMP18
52,5537,10,52,200,250,320.0,370.0,post_swap,swap_proximal,False,GCAMP18
53,5538,10,53,200,250,320.0,370.0,post_swap,swap_proximal,True,GCAMP18
54,5539,10,54,200,250,320.0,370.0,post_swap,swap_proximal,False,GCAMP18
55,5540,10,55,200,250,320.0,370.0,post_swap,swap_proximal,False,GCAMP18
56,5541,10,56,200,250,320.0,370.0,post_swap,swap_proximal,False,GCAMP18
57,5542,10,57,200,250,320.0,370.0,post_swap,swap_proximal,True,GCAMP18
58,5543,10,58,200,250,320.0,370.0,post_swap,swap_proximal,False,GCAMP18
59,5544,10,59,200,250,320.0,370.0,post_swap,swap_proximal,False,GCAMP18
60,5545,10,60,200,250,320.0,370.0,post_swap,swap_proximal,True,GCAMP18
61,5546,10,61,200,250,320.0,370.0,post_swap,swap_proximal,False,GCAMP18
62,5547,10,62,200,250,320.0,370.0,post_swap,swap_proximal,False,GCAMP18
63,5548,10,63,200,250,320.0,370.0,post_swap,swap_proximal,False,GCAMP18
64,5549,10,64,200,250,320.0,370.0,post_swap,swap_proximal,False,GCAMP18
65,5550,10,65,200,250,320.0,370.0,post_swap,swap_proximal,False,GCAMP18
66,5551,10,66,200,250,320.0,370.0,post_swap,swap_proximal,False,GCAMP18
67,5552,10,67,200,250,320.0,370.0,post_swap,swap_proximal,False,GCAMP18
68,5553,10,68,200,250,320.0,370.0,post_swap,swap_proximal,False,GCAMP18
69,5554,10,69,200,250,320.0,370.0,post_swap,swap_proximal,True,GCAMP18
70,5555,10,70,200,250,320.0,370.0,post_swap,swap_proximal,False,GCAMP18
71,5556,10,71,200,250,320.0,370.0,post_swap,swap_proximal,True,GCAMP18
72,5557,10,72,200,250,320.0,370.0,post_swap,swap_proximal,False,GCAMP18
73,5558,10,73,200,250,320.0,370.0,post_swap,swap_proximal,False,GCAMP18
74,5559,10,74,200,250,320.0,370.0,post_swap,swap_proximal,False,GCAMP18
75,5560,10,75,200,250,320.0,370.0,post_swap,swap_proximal,False,GCAMP18
76,5561,10,76,200,250,320.0,370.0,post_swap,swap_proximal,False,GCAMP18
77,5562,10,77,200,250,320.0,370.0,post_swap,swap_proximal,False,GCAMP18
78,5563,10,78,200,250,320.0,370.0,post_swap,swap_proximal,False,GCAMP18
79,5564,10,79,200,250,320.0,370.0,post_swap,swap_proximal,False,GCAMP18
0,5565,12,0,200,250,80.0,130.0,pre_swap,swap_proximal,False,GCAMP18
1,5566,12,1,200,250,80.0,130.0,pre_swap,swap_proximal,False,GCAMP18
2,5567,12,2,200,250,80.0,130.0,pre_swap,swap_proximal,False,GCAMP18
3,5568,12,3,200,250,80.0,130.0,pre_swap,swap_proximal,True,GCAMP18
4,5569,12,4,200,250,80.0,130.0,pre_swap,swap_proximal,False,GCAMP18
5,5570,12,5,200,250,80.0,130.0,pre_swap,swap_proximal,True,GCAMP18
6,5571,12,6,200,250,80.0,130.0,pre_swap,swap_proximal,False,GCAMP18
7,5572,12,7,200,250,80.0,130.0,pre_swap,swap_proximal,False,GCAMP18
8,5573,12,8,200,250,80.0,130.0,pre_swap,swap_proximal,True,GCAMP18
9,5574,12,9,200,250,80.0,130.0,pre_swap,swap_proximal,False,GCAMP18
10,5575,12,10,200,250,80.0,130.0,pre_swap,swap_proximal,False,GCAMP18
11,5576,12,11,200,250,80.0,130.0,pre_swap,swap_proximal,False,GCAMP18
12,5577,12,12,200,250,80.0,130.0,pre_swap,swap_proximal,False,GCAMP18
13,5578,12,13,200,250,80.0,130.0,pre_swap,swap_proximal,True,GCAMP18
14,5579,12,14,200,250,80.0,130.0,pre_swap,swap_proximal,False,GCAMP18
15,5580,12,15,200,250,80.0,130.0,pre_swap,swap_proximal,False,GCAMP18
16,5581,12,16,200,250,80.0,130.0,pre_swap,swap_proximal,False,GCAMP18
17,5582,12,17,200,250,80.0,130.0,pre_swap,swap_proximal,False,GCAMP18
18,5583,12,18,200,250,80.0,130.0,pre_swap,swap_proximal,False,GCAMP18
19,5584,12,19,200,250,80.0,130.0,pre_swap,swap_proximal,False,GCAMP18
20,5585,12,20,200,250,80.0,130.0,pre_swap,swap_proximal,False,GCAMP18
21,5586,12,21,200,250,80.0,130.0,pre_swap,swap_proximal,False,GCAMP18
22,5587,12,22,200,250,80.0,130.0,pre_swap,swap_proximal,False,GCAMP18
23,5588,12,23,200,250,80.0,130.0,pre_swap,swap_proximal,False,GCAMP18
24,5589,12,24,200,250,80.0,130.0,pre_swap,swap_proximal,False,GCAMP18
25,5590,12,25,200,250,80.0,130.0,pre_swap,swap_proximal,False,GCAMP18
26,5591,12,26,200,250,80.0,130.0,pre_swap,swap_proximal,False,GCAMP18
27,5592,12,27,200,250,80.0,130.0,pre_swap,swap_proximal,True,GCAMP18
28,5593,12,28,200,250,80.0,130.0,pre_swap,swap_proximal,False,GCAMP18
29,5594,12,29,200,250,80.0,130.0,pre_swap,swap_proximal,False,GCAMP18
30,5595,12,30,80,130,200.0,250.0,post_swap,swap_proximal,True,GCAMP18
31,5596,12,31,80,130,200.0,250.0,post_swap,swap_proximal,False,GCAMP18
32,5597,12,32,80,130,200.0,250.0,post_swap,swap_proximal,False,GCAMP18
33,5598,12,33,80,130,200.0,250.0,post_swap,swap_proximal,False,GCAMP18
34,5599,12,34,80,130,200.0,250.0,post_swap,swap_proximal,True,GCAMP18
35,5600,12,35,80,130,200.0,250.0,post_swap,swap_proximal,False,GCAMP18
36,5601,12,36,80,130,200.0,250.0,post_swap,swap_proximal,False,GCAMP18
37,5602,12,37,80,130,200.0,250.0,post_swap,swap_proximal,True,GCAMP18
38,5603,12,38,80,130,200.0,250.0,post_swap,swap_proximal,False,GCAMP18
39,5604,12,39,80,130,200.0,250.0,post_swap,swap_proximal,False,GCAMP18
40,5605,12,40,80,130,200.0,250.0,post_swap,swap_proximal,False,GCAMP18
41,5606,12,41,80,130,200.0,250.0,post_swap,swap_proximal,False,GCAMP18
42,5607,12,42,80,130,200.0,250.0,post_swap,swap_proximal,False,GCAMP18
43,5608,12,43,80,130,200.0,250.0,post_swap,swap_proximal,False,GCAMP18
44,5609,12,44,80,130,200.0,250.0,post_swap,swap_proximal,False,GCAMP18
45,5610,12,45,80,130,200.0,250.0,post_swap,swap_proximal,False,GCAMP18
46,5611,12,46,80,130,200.0,250.0,post_swap,swap_proximal,False,GCAMP18
47,5612,12,47,80,130,200.0,250.0,post_swap,swap_proximal,False,GCAMP18
48,5613,12,48,80,130,200.0,250.0,post_swap,swap_proximal,False,GCAMP18
49,5614,12,49,80,130,200.0,250.0,post_swap,swap_proximal,False,GCAMP18
50,5615,12,50,80,130,200.0,250.0,post_swap,swap_proximal,False,GCAMP18
51,5616,12,51,80,130,200.0,250.0,post_swap,swap_proximal,False,GCAMP18
52,5617,12,52,80,130,200.0,250.0,post_swap,swap_proximal,False,GCAMP18
53,5618,12,53,80,130,200.0,250.0,post_swap,swap_proximal,False,GCAMP18
54,5619,12,54,80,130,200.0,250.0,post_swap,swap_proximal,False,GCAMP18
55,5620,12,55,80,130,200.0,250.0,post_swap,swap_proximal,True,GCAMP18
56,5621,12,56,80,130,200.0,250.0,post_swap,swap_proximal,False,GCAMP18
57,5622,12,57,80,130,200.0,250.0,post_swap,swap_proximal,True,GCAMP18
58,5623,12,58,80,130,200.0,250.0,post_swap,swap_proximal,False,GCAMP18
59,5624,12,59,80,130,200.0,250.0,post_swap,swap_proximal,False,GCAMP18
60,5625,12,60,80,130,200.0,250.0,post_swap,swap_proximal,False,GCAMP18
61,5626,12,61,80,130,200.0,250.0,post_swap,swap_proximal,False,GCAMP18
62,5627,12,62,80,130,200.0,250.0,post_swap,swap_proximal,False,GCAMP18
63,5628,12,63,80,130,200.0,250.0,post_swap,swap_proximal,True,GCAMP18
64,5629,12,64,80,130,200.0,250.0,post_swap,swap_proximal,False,GCAMP18
65,5630,12,65,80,130,200.0,250.0,post_swap,swap_proximal,False,GCAMP18
66,5631,12,66,80,130,200.0,250.0,post_swap,swap_proximal,False,GCAMP18
67,5632,12,67,80,130,200.0,250.0,post_swap,swap_proximal,False,GCAMP18
68,5633,12,68,80,130,200.0,250.0,post_swap,swap_proximal,False,GCAMP18
69,5634,12,69,80,130,200.0,250.0,post_swap,swap_proximal,False,GCAMP18
70,5635,12,70,80,130,200.0,250.0,post_swap,swap_proximal,False,GCAMP18
71,5636,12,71,80,130,200.0,250.0,post_swap,swap_proximal,False,GCAMP18
72,5637,12,72,80,130,200.0,250.0,post_swap,swap_proximal,False,GCAMP18
73,5638,12,73,80,130,200.0,250.0,post_swap,swap_proximal,False,GCAMP18
74,5639,12,74,80,130,200.0,250.0,post_swap,swap_proximal,True,GCAMP18
75,5640,12,75,80,130,200.0,250.0,post_swap,swap_proximal,True,GCAMP18
76,5641,12,76,80,130,200.0,250.0,post_swap,swap_proximal,False,GCAMP18
77,5642,12,77,80,130,200.0,250.0,post_swap,swap_proximal,False,GCAMP18
78,5643,12,78,80,130,200.0,250.0,post_swap,swap_proximal,False,GCAMP18
79,5644,12,79,80,130,200.0,250.0,post_swap,swap_proximal,False,GCAMP18
0,5645,14,0,80,130,320.0,370.0,pre_swap,swap_distal,True,GCAMP18
1,5646,14,1,80,130,320.0,370.0,pre_swap,swap_distal,False,GCAMP18
2,5647,14,2,80,130,320.0,370.0,pre_swap,swap_distal,False,GCAMP18
3,5648,14,3,80,130,320.0,370.0,pre_swap,swap_distal,False,GCAMP18
4,5649,14,4,80,130,320.0,370.0,pre_swap,swap_distal,False,GCAMP18
5,5650,14,5,80,130,320.0,370.0,pre_swap,swap_distal,False,GCAMP18
6,5651,14,6,80,130,320.0,370.0,pre_swap,swap_distal,False,GCAMP18
7,5652,14,7,80,130,320.0,370.0,pre_swap,swap_distal,False,GCAMP18
8,5653,14,8,80,130,320.0,370.0,pre_swap,swap_distal,False,GCAMP18
9,5654,14,9,80,130,320.0,370.0,pre_swap,swap_distal,False,GCAMP18
10,5655,14,10,80,130,320.0,370.0,pre_swap,swap_distal,False,GCAMP18
11,5656,14,11,80,130,320.0,370.0,pre_swap,swap_distal,False,GCAMP18
12,5657,14,12,80,130,320.0,370.0,pre_swap,swap_distal,False,GCAMP18
13,5658,14,13,80,130,320.0,370.0,pre_swap,swap_distal,False,GCAMP18
14,5659,14,14,80,130,320.0,370.0,pre_swap,swap_distal,True,GCAMP18
15,5660,14,15,80,130,320.0,370.0,pre_swap,swap_distal,False,GCAMP18
16,5661,14,16,80,130,320.0,370.0,pre_swap,swap_distal,True,GCAMP18
17,5662,14,17,80,130,320.0,370.0,pre_swap,swap_distal,False,GCAMP18
18,5663,14,18,80,130,320.0,370.0,pre_swap,swap_distal,False,GCAMP18
19,5664,14,19,80,130,320.0,370.0,pre_swap,swap_distal,False,GCAMP18
20,5665,14,20,80,130,320.0,370.0,pre_swap,swap_distal,False,GCAMP18
21,5666,14,21,80,130,320.0,370.0,pre_swap,swap_distal,False,GCAMP18
22,5667,14,22,80,130,320.0,370.0,pre_swap,swap_distal,False,GCAMP18
23,5668,14,23,80,130,320.0,370.0,pre_swap,swap_distal,False,GCAMP18
24,5669,14,24,80,130,320.0,370.0,pre_swap,swap_distal,False,GCAMP18
25,5670,14,25,80,130,320.0,370.0,pre_swap,swap_distal,False,GCAMP18
26,5671,14,26,80,130,320.0,370.0,pre_swap,swap_distal,False,GCAMP18
27,5672,14,27,80,130,320.0,370.0,pre_swap,swap_distal,False,GCAMP18
28,5673,14,28,80,130,320.0,370.0,pre_swap,swap_distal,False,GCAMP18
29,5674,14,29,80,130,320.0,370.0,pre_swap,swap_distal,True,GCAMP18
30,5675,14,30,320,370,80.0,130.0,post_swap,swap_distal,False,GCAMP18
31,5676,14,31,320,370,80.0,130.0,post_swap,swap_distal,False,GCAMP18
32,5677,14,32,320,370,80.0,130.0,post_swap,swap_distal,False,GCAMP18
33,5678,14,33,320,370,80.0,130.0,post_swap,swap_distal,False,GCAMP18
34,5679,14,34,320,370,80.0,130.0,post_swap,swap_distal,False,GCAMP18
35,5680,14,35,320,370,80.0,130.0,post_swap,swap_distal,False,GCAMP18
36,5681,14,36,320,370,80.0,130.0,post_swap,swap_distal,False,GCAMP18
37,5682,14,37,320,370,80.0,130.0,post_swap,swap_distal,False,GCAMP18
38,5683,14,38,320,370,80.0,130.0,post_swap,swap_distal,False,GCAMP18
39,5684,14,39,320,370,80.0,130.0,post_swap,swap_distal,False,GCAMP18
40,5685,14,40,320,370,80.0,130.0,post_swap,swap_distal,False,GCAMP18
41,5686,14,41,320,370,80.0,130.0,post_swap,swap_distal,False,GCAMP18
42,5687,14,42,320,370,80.0,130.0,post_swap,swap_distal,False,GCAMP18
43,5688,14,43,320,370,80.0,130.0,post_swap,swap_distal,False,GCAMP18
44,5689,14,44,320,370,80.0,130.0,post_swap,swap_distal,False,GCAMP18
45,5690,14,45,320,370,80.0,130.0,post_swap,swap_distal,False,GCAMP18
46,5691,14,46,320,370,80.0,130.0,post_swap,swap_distal,False,GCAMP18
47,5692,14,47,320,370,80.0,130.0,post_swap,swap_distal,False,GCAMP18
48,5693,14,48,320,370,80.0,130.0,post_swap,swap_distal,False,GCAMP18
49,5694,14,49,320,370,80.0,130.0,post_swap,swap_distal,False,GCAMP18
50,5695,14,50,320,370,80.0,130.0,post_swap,swap_distal,False,GCAMP18
51,5696,14,51,320,370,80.0,130.0,post_swap,swap_distal,False,GCAMP18
52,5697,14,52,320,370,80.0,130.0,post_swap,swap_distal,False,GCAMP18
53,5698,14,53,320,370,80.0,130.0,post_swap,swap_distal,False,GCAMP18
54,5699,14,54,320,370,80.0,130.0,post_swap,swap_distal,False,GCAMP18
55,5700,14,55,320,370,80.0,130.0,post_swap,swap_distal,False,GCAMP18
56,5701,14,56,320,370,80.0,130.0,post_swap,swap_distal,False,GCAMP18
57,5702,14,57,320,370,80.0,130.0,post_swap,swap_distal,False,GCAMP18
58,5703,14,58,320,370,80.0,130.0,post_swap,swap_distal,False,GCAMP18
59,5704,14,59,320,370,80.0,130.0,post_swap,swap_distal,False,GCAMP18
60,5705,14,60,320,370,80.0,130.0,post_swap,swap_distal,False,GCAMP18
61,5706,14,61,320,370,80.0,130.0,post_swap,swap_distal,False,GCAMP18
62,5707,14,62,320,370,80.0,130.0,post_swap,swap_distal,False,GCAMP18
63,5708,14,63,320,370,80.0,130.0,post_swap,swap_distal,False,GCAMP18
64,5709,14,64,320,370,80.0,130.0,post_swap,swap_distal,True,GCAMP18
65,5710,14,65,320,370,80.0,130.0,post_swap,swap_distal,False,GCAMP18
66,5711,14,66,320,370,80.0,130.0,post_swap,swap_distal,False,GCAMP18
67,5712,14,67,320,370,80.0,130.0,post_swap,swap_distal,True,GCAMP18
68,5713,14,68,320,370,80.0,130.0,post_swap,swap_distal,False,GCAMP18
69,5714,14,69,320,370,80.0,130.0,post_swap,swap_distal,False,GCAMP18
70,5715,14,70,320,370,80.0,130.0,post_swap,swap_distal,False,GCAMP18
71,5716,14,71,320,370,80.0,130.0,post_swap,swap_distal,False,GCAMP18
72,5717,14,72,320,370,80.0,130.0,post_swap,swap_distal,False,GCAMP18
73,5718,14,73,320,370,80.0,130.0,post_swap,swap_distal,False,GCAMP18
74,5719,14,74,320,370,80.0,130.0,post_swap,swap_distal,False,GCAMP18
75,5720,14,75,320,370,80.0,130.0,post_swap,swap_distal,False,GCAMP18
76,5721,14,76,320,370,80.0,130.0,post_swap,swap_distal,False,GCAMP18
77,5722,14,77,320,370,80.0,130.0,post_swap,swap_distal,False,GCAMP18
78,5723,14,78,320,370,80.0,130.0,post_swap,swap_distal,False,GCAMP18
79,5724,14,79,320,370,80.0,130.0,post_swap,swap_distal,False,GCAMP18
0,5725,3,0,320,370,200.0,250.0,pre_swap,swap_proximal,False,GCAMP19
1,5726,3,1,320,370,200.0,250.0,pre_swap,swap_proximal,False,GCAMP19
2,5727,3,2,320,370,200.0,250.0,pre_swap,swap_proximal,True,GCAMP19
3,5728,3,3,320,370,200.0,250.0,pre_swap,swap_proximal,False,GCAMP19
4,5729,3,4,320,370,200.0,250.0,pre_swap,swap_proximal,True,GCAMP19
5,5730,3,5,320,370,200.0,250.0,pre_swap,swap_proximal,False,GCAMP19
6,5731,3,6,320,370,200.0,250.0,pre_swap,swap_proximal,False,GCAMP19
7,5732,3,7,320,370,200.0,250.0,pre_swap,swap_proximal,False,GCAMP19
8,5733,3,8,320,370,200.0,250.0,pre_swap,swap_proximal,True,GCAMP19
9,5734,3,9,320,370,200.0,250.0,pre_swap,swap_proximal,False,GCAMP19
10,5735,3,10,320,370,200.0,250.0,pre_swap,swap_proximal,False,GCAMP19
11,5736,3,11,320,370,200.0,250.0,pre_swap,swap_proximal,False,GCAMP19
12,5737,3,12,320,370,200.0,250.0,pre_swap,swap_proximal,False,GCAMP19
13,5738,3,13,320,370,200.0,250.0,pre_swap,swap_proximal,False,GCAMP19
14,5739,3,14,320,370,200.0,250.0,pre_swap,swap_proximal,False,GCAMP19
15,5740,3,15,320,370,200.0,250.0,pre_swap,swap_proximal,True,GCAMP19
16,5741,3,16,320,370,200.0,250.0,pre_swap,swap_proximal,False,GCAMP19
17,5742,3,17,320,370,200.0,250.0,pre_swap,swap_proximal,False,GCAMP19
18,5743,3,18,320,370,200.0,250.0,pre_swap,swap_proximal,False,GCAMP19
19,5744,3,19,320,370,200.0,250.0,pre_swap,swap_proximal,False,GCAMP19
20,5745,3,20,320,370,200.0,250.0,pre_swap,swap_proximal,False,GCAMP19
21,5746,3,21,320,370,200.0,250.0,pre_swap,swap_proximal,True,GCAMP19
22,5747,3,22,320,370,200.0,250.0,pre_swap,swap_proximal,False,GCAMP19
23,5748,3,23,320,370,200.0,250.0,pre_swap,swap_proximal,False,GCAMP19
24,5749,3,24,320,370,200.0,250.0,pre_swap,swap_proximal,False,GCAMP19
25,5750,3,25,320,370,200.0,250.0,pre_swap,swap_proximal,False,GCAMP19
26,5751,3,26,320,370,200.0,250.0,pre_swap,swap_proximal,False,GCAMP19
27,5752,3,27,320,370,200.0,250.0,pre_swap,swap_proximal,False,GCAMP19
28,5753,3,28,320,370,200.0,250.0,pre_swap,swap_proximal,False,GCAMP19
29,5754,3,29,320,370,200.0,250.0,pre_swap,swap_proximal,False,GCAMP19
30,5755,3,30,200,250,320.0,370.0,post_swap,swap_proximal,False,GCAMP19
31,5756,3,31,200,250,320.0,370.0,post_swap,swap_proximal,False,GCAMP19
32,5757,3,32,200,250,320.0,370.0,post_swap,swap_proximal,False,GCAMP19
33,5758,3,33,200,250,320.0,370.0,post_swap,swap_proximal,False,GCAMP19
34,5759,3,34,200,250,320.0,370.0,post_swap,swap_proximal,False,GCAMP19
35,5760,3,35,200,250,320.0,370.0,post_swap,swap_proximal,False,GCAMP19
36,5761,3,36,200,250,320.0,370.0,post_swap,swap_proximal,False,GCAMP19
37,5762,3,37,200,250,320.0,370.0,post_swap,swap_proximal,False,GCAMP19
38,5763,3,38,200,250,320.0,370.0,post_swap,swap_proximal,False,GCAMP19
39,5764,3,39,200,250,320.0,370.0,post_swap,swap_proximal,False,GCAMP19
40,5765,3,40,200,250,320.0,370.0,post_swap,swap_proximal,False,GCAMP19
41,5766,3,41,200,250,320.0,370.0,post_swap,swap_proximal,False,GCAMP19
42,5767,3,42,200,250,320.0,370.0,post_swap,swap_proximal,True,GCAMP19
43,5768,3,43,200,250,320.0,370.0,post_swap,swap_proximal,False,GCAMP19
44,5769,3,44,200,250,320.0,370.0,post_swap,swap_proximal,False,GCAMP19
45,5770,3,45,200,250,320.0,370.0,post_swap,swap_proximal,False,GCAMP19
46,5771,3,46,200,250,320.0,370.0,post_swap,swap_proximal,False,GCAMP19
47,5772,3,47,200,250,320.0,370.0,post_swap,swap_proximal,False,GCAMP19
48,5773,3,48,200,250,320.0,370.0,post_swap,swap_proximal,False,GCAMP19
49,5774,3,49,200,250,320.0,370.0,post_swap,swap_proximal,False,GCAMP19
50,5775,3,50,200,250,320.0,370.0,post_swap,swap_proximal,False,GCAMP19
51,5776,3,51,200,250,320.0,370.0,post_swap,swap_proximal,False,GCAMP19
52,5777,3,52,200,250,320.0,370.0,post_swap,swap_proximal,False,GCAMP19
53,5778,3,53,200,250,320.0,370.0,post_swap,swap_proximal,True,GCAMP19
54,5779,3,54,200,250,320.0,370.0,post_swap,swap_proximal,False,GCAMP19
55,5780,3,55,200,250,320.0,370.0,post_swap,swap_proximal,False,GCAMP19
56,5781,3,56,200,250,320.0,370.0,post_swap,swap_proximal,False,GCAMP19
57,5782,3,57,200,250,320.0,370.0,post_swap,swap_proximal,True,GCAMP19
58,5783,3,58,200,250,320.0,370.0,post_swap,swap_proximal,False,GCAMP19
59,5784,3,59,200,250,320.0,370.0,post_swap,swap_proximal,False,GCAMP19
60,5785,3,60,200,250,320.0,370.0,post_swap,swap_proximal,False,GCAMP19
61,5786,3,61,200,250,320.0,370.0,post_swap,swap_proximal,False,GCAMP19
62,5787,3,62,200,250,320.0,370.0,post_swap,swap_proximal,False,GCAMP19
63,5788,3,63,200,250,320.0,370.0,post_swap,swap_proximal,False,GCAMP19
64,5789,3,64,200,250,320.0,370.0,post_swap,swap_proximal,False,GCAMP19
65,5790,3,65,200,250,320.0,370.0,post_swap,swap_proximal,False,GCAMP19
66,5791,3,66,200,250,320.0,370.0,post_swap,swap_proximal,False,GCAMP19
67,5792,3,67,200,250,320.0,370.0,post_swap,swap_proximal,False,GCAMP19
68,5793,3,68,200,250,320.0,370.0,post_swap,swap_proximal,False,GCAMP19
69,5794,3,69,200,250,320.0,370.0,post_swap,swap_proximal,False,GCAMP19
70,5795,3,70,200,250,320.0,370.0,post_swap,swap_proximal,False,GCAMP19
71,5796,3,71,200,250,320.0,370.0,post_swap,swap_proximal,False,GCAMP19
72,5797,3,72,200,250,320.0,370.0,post_swap,swap_proximal,False,GCAMP19
73,5798,3,73,200,250,320.0,370.0,post_swap,swap_proximal,False,GCAMP19
74,5799,3,74,200,250,320.0,370.0,post_swap,swap_proximal,False,GCAMP19
75,5800,3,75,200,250,320.0,370.0,post_swap,swap_proximal,False,GCAMP19
76,5801,3,76,200,250,320.0,370.0,post_swap,swap_proximal,False,GCAMP19
77,5802,3,77,200,250,320.0,370.0,post_swap,swap_proximal,False,GCAMP19
78,5803,3,78,200,250,320.0,370.0,post_swap,swap_proximal,False,GCAMP19
79,5804,3,79,200,250,320.0,370.0,post_swap,swap_proximal,False,GCAMP19
0,5805,5,0,200,250,80.0,130.0,pre_swap,swap_proximal,False,GCAMP19
1,5806,5,1,200,250,80.0,130.0,pre_swap,swap_proximal,False,GCAMP19
2,5807,5,2,200,250,80.0,130.0,pre_swap,swap_proximal,False,GCAMP19
3,5808,5,3,200,250,80.0,130.0,pre_swap,swap_proximal,True,GCAMP19
4,5809,5,4,200,250,80.0,130.0,pre_swap,swap_proximal,False,GCAMP19
5,5810,5,5,200,250,80.0,130.0,pre_swap,swap_proximal,True,GCAMP19
6,5811,5,6,200,250,80.0,130.0,pre_swap,swap_proximal,False,GCAMP19
7,5812,5,7,200,250,80.0,130.0,pre_swap,swap_proximal,False,GCAMP19
8,5813,5,8,200,250,80.0,130.0,pre_swap,swap_proximal,False,GCAMP19
9,5814,5,9,200,250,80.0,130.0,pre_swap,swap_proximal,False,GCAMP19
10,5815,5,10,200,250,80.0,130.0,pre_swap,swap_proximal,False,GCAMP19
11,5816,5,11,200,250,80.0,130.0,pre_swap,swap_proximal,False,GCAMP19
12,5817,5,12,200,250,80.0,130.0,pre_swap,swap_proximal,True,GCAMP19
13,5818,5,13,200,250,80.0,130.0,pre_swap,swap_proximal,False,GCAMP19
14,5819,5,14,200,250,80.0,130.0,pre_swap,swap_proximal,False,GCAMP19
15,5820,5,15,200,250,80.0,130.0,pre_swap,swap_proximal,False,GCAMP19
16,5821,5,16,200,250,80.0,130.0,pre_swap,swap_proximal,False,GCAMP19
17,5822,5,17,200,250,80.0,130.0,pre_swap,swap_proximal,False,GCAMP19
18,5823,5,18,200,250,80.0,130.0,pre_swap,swap_proximal,False,GCAMP19
19,5824,5,19,200,250,80.0,130.0,pre_swap,swap_proximal,True,GCAMP19
20,5825,5,20,200,250,80.0,130.0,pre_swap,swap_proximal,False,GCAMP19
21,5826,5,21,200,250,80.0,130.0,pre_swap,swap_proximal,True,GCAMP19
22,5827,5,22,200,250,80.0,130.0,pre_swap,swap_proximal,False,GCAMP19
23,5828,5,23,200,250,80.0,130.0,pre_swap,swap_proximal,False,GCAMP19
24,5829,5,24,200,250,80.0,130.0,pre_swap,swap_proximal,True,GCAMP19
25,5830,5,25,200,250,80.0,130.0,pre_swap,swap_proximal,True,GCAMP19
26,5831,5,26,200,250,80.0,130.0,pre_swap,swap_proximal,False,GCAMP19
27,5832,5,27,200,250,80.0,130.0,pre_swap,swap_proximal,False,GCAMP19
28,5833,5,28,200,250,80.0,130.0,pre_swap,swap_proximal,False,GCAMP19
29,5834,5,29,200,250,80.0,130.0,pre_swap,swap_proximal,False,GCAMP19
30,5835,5,30,80,130,200.0,250.0,post_swap,swap_proximal,False,GCAMP19
31,5836,5,31,80,130,200.0,250.0,post_swap,swap_proximal,False,GCAMP19
32,5837,5,32,80,130,200.0,250.0,post_swap,swap_proximal,True,GCAMP19
33,5838,5,33,80,130,200.0,250.0,post_swap,swap_proximal,False,GCAMP19
34,5839,5,34,80,130,200.0,250.0,post_swap,swap_proximal,True,GCAMP19
35,5840,5,35,80,130,200.0,250.0,post_swap,swap_proximal,True,GCAMP19
36,5841,5,36,80,130,200.0,250.0,post_swap,swap_proximal,False,GCAMP19
37,5842,5,37,80,130,200.0,250.0,post_swap,swap_proximal,False,GCAMP19
38,5843,5,38,80,130,200.0,250.0,post_swap,swap_proximal,False,GCAMP19
39,5844,5,39,80,130,200.0,250.0,post_swap,swap_proximal,False,GCAMP19
40,5845,5,40,80,130,200.0,250.0,post_swap,swap_proximal,False,GCAMP19
41,5846,5,41,80,130,200.0,250.0,post_swap,swap_proximal,False,GCAMP19
42,5847,5,42,80,130,200.0,250.0,post_swap,swap_proximal,False,GCAMP19
43,5848,5,43,80,130,200.0,250.0,post_swap,swap_proximal,False,GCAMP19
44,5849,5,44,80,130,200.0,250.0,post_swap,swap_proximal,False,GCAMP19
45,5850,5,45,80,130,200.0,250.0,post_swap,swap_proximal,False,GCAMP19
46,5851,5,46,80,130,200.0,250.0,post_swap,swap_proximal,False,GCAMP19
47,5852,5,47,80,130,200.0,250.0,post_swap,swap_proximal,False,GCAMP19
48,5853,5,48,80,130,200.0,250.0,post_swap,swap_proximal,False,GCAMP19
49,5854,5,49,80,130,200.0,250.0,post_swap,swap_proximal,False,GCAMP19
50,5855,5,50,80,130,200.0,250.0,post_swap,swap_proximal,False,GCAMP19
51,5856,5,51,80,130,200.0,250.0,post_swap,swap_proximal,False,GCAMP19
52,5857,5,52,80,130,200.0,250.0,post_swap,swap_proximal,True,GCAMP19
53,5858,5,53,80,130,200.0,250.0,post_swap,swap_proximal,False,GCAMP19
54,5859,5,54,80,130,200.0,250.0,post_swap,swap_proximal,False,GCAMP19
55,5860,5,55,80,130,200.0,250.0,post_swap,swap_proximal,False,GCAMP19
56,5861,5,56,80,130,200.0,250.0,post_swap,swap_proximal,False,GCAMP19
57,5862,5,57,80,130,200.0,250.0,post_swap,swap_proximal,False,GCAMP19
58,5863,5,58,80,130,200.0,250.0,post_swap,swap_proximal,False,GCAMP19
59,5864,5,59,80,130,200.0,250.0,post_swap,swap_proximal,False,GCAMP19
60,5865,5,60,80,130,200.0,250.0,post_swap,swap_proximal,False,GCAMP19
61,5866,5,61,80,130,200.0,250.0,post_swap,swap_proximal,False,GCAMP19
62,5867,5,62,80,130,200.0,250.0,post_swap,swap_proximal,False,GCAMP19
63,5868,5,63,80,130,200.0,250.0,post_swap,swap_proximal,False,GCAMP19
64,5869,5,64,80,130,200.0,250.0,post_swap,swap_proximal,False,GCAMP19
65,5870,5,65,80,130,200.0,250.0,post_swap,swap_proximal,False,GCAMP19
66,5871,5,66,80,130,200.0,250.0,post_swap,swap_proximal,False,GCAMP19
67,5872,5,67,80,130,200.0,250.0,post_swap,swap_proximal,False,GCAMP19
68,5873,5,68,80,130,200.0,250.0,post_swap,swap_proximal,False,GCAMP19
69,5874,5,69,80,130,200.0,250.0,post_swap,swap_proximal,False,GCAMP19
70,5875,5,70,80,130,200.0,250.0,post_swap,swap_proximal,False,GCAMP19
71,5876,5,71,80,130,200.0,250.0,post_swap,swap_proximal,False,GCAMP19
72,5877,5,72,80,130,200.0,250.0,post_swap,swap_proximal,False,GCAMP19
73,5878,5,73,80,130,200.0,250.0,post_swap,swap_proximal,False,GCAMP19
74,5879,5,74,80,130,200.0,250.0,post_swap,swap_proximal,False,GCAMP19
75,5880,5,75,80,130,200.0,250.0,post_swap,swap_proximal,False,GCAMP19
76,5881,5,76,80,130,200.0,250.0,post_swap,swap_proximal,False,GCAMP19
77,5882,5,77,80,130,200.0,250.0,post_swap,swap_proximal,False,GCAMP19
78,5883,5,78,80,130,200.0,250.0,post_swap,swap_proximal,False,GCAMP19
79,5884,5,79,80,130,200.0,250.0,post_swap,swap_proximal,False,GCAMP19
0,5885,7,0,80,130,320.0,370.0,pre_swap,swap_distal,False,GCAMP19
1,5886,7,1,80,130,320.0,370.0,pre_swap,swap_distal,False,GCAMP19
2,5887,7,2,80,130,320.0,370.0,pre_swap,swap_distal,False,GCAMP19
3,5888,7,3,80,130,320.0,370.0,pre_swap,swap_distal,True,GCAMP19
4,5889,7,4,80,130,320.0,370.0,pre_swap,swap_distal,True,GCAMP19
5,5890,7,5,80,130,320.0,370.0,pre_swap,swap_distal,False,GCAMP19
6,5891,7,6,80,130,320.0,370.0,pre_swap,swap_distal,False,GCAMP19
7,5892,7,7,80,130,320.0,370.0,pre_swap,swap_distal,True,GCAMP19
8,5893,7,8,80,130,320.0,370.0,pre_swap,swap_distal,False,GCAMP19
9,5894,7,9,80,130,320.0,370.0,pre_swap,swap_distal,False,GCAMP19
10,5895,7,10,80,130,320.0,370.0,pre_swap,swap_distal,False,GCAMP19
11,5896,7,11,80,130,320.0,370.0,pre_swap,swap_distal,False,GCAMP19
12,5897,7,12,80,130,320.0,370.0,pre_swap,swap_distal,False,GCAMP19
13,5898,7,13,80,130,320.0,370.0,pre_swap,swap_distal,False,GCAMP19
14,5899,7,14,80,130,320.0,370.0,pre_swap,swap_distal,False,GCAMP19
15,5900,7,15,80,130,320.0,370.0,pre_swap,swap_distal,False,GCAMP19
16,5901,7,16,80,130,320.0,370.0,pre_swap,swap_distal,False,GCAMP19
17,5902,7,17,80,130,320.0,370.0,pre_swap,swap_distal,False,GCAMP19
18,5903,7,18,80,130,320.0,370.0,pre_swap,swap_distal,True,GCAMP19
19,5904,7,19,80,130,320.0,370.0,pre_swap,swap_distal,False,GCAMP19
20,5905,7,20,80,130,320.0,370.0,pre_swap,swap_distal,False,GCAMP19
21,5906,7,21,80,130,320.0,370.0,pre_swap,swap_distal,False,GCAMP19
22,5907,7,22,80,130,320.0,370.0,pre_swap,swap_distal,True,GCAMP19
23,5908,7,23,80,130,320.0,370.0,pre_swap,swap_distal,False,GCAMP19
24,5909,7,24,80,130,320.0,370.0,pre_swap,swap_distal,False,GCAMP19
25,5910,7,25,80,130,320.0,370.0,pre_swap,swap_distal,True,GCAMP19
26,5911,7,26,80,130,320.0,370.0,pre_swap,swap_distal,False,GCAMP19
27,5912,7,27,80,130,320.0,370.0,pre_swap,swap_distal,True,GCAMP19
28,5913,7,28,80,130,320.0,370.0,pre_swap,swap_distal,False,GCAMP19
29,5914,7,29,80,130,320.0,370.0,pre_swap,swap_distal,False,GCAMP19
30,5915,7,30,320,370,80.0,130.0,post_swap,swap_distal,False,GCAMP19
31,5916,7,31,320,370,80.0,130.0,post_swap,swap_distal,False,GCAMP19
32,5917,7,32,320,370,80.0,130.0,post_swap,swap_distal,False,GCAMP19
33,5918,7,33,320,370,80.0,130.0,post_swap,swap_distal,False,GCAMP19
34,5919,7,34,320,370,80.0,130.0,post_swap,swap_distal,False,GCAMP19
35,5920,7,35,320,370,80.0,130.0,post_swap,swap_distal,False,GCAMP19
36,5921,7,36,320,370,80.0,130.0,post_swap,swap_distal,False,GCAMP19
37,5922,7,37,320,370,80.0,130.0,post_swap,swap_distal,False,GCAMP19
38,5923,7,38,320,370,80.0,130.0,post_swap,swap_distal,False,GCAMP19
39,5924,7,39,320,370,80.0,130.0,post_swap,swap_distal,False,GCAMP19
40,5925,7,40,320,370,80.0,130.0,post_swap,swap_distal,True,GCAMP19
41,5926,7,41,320,370,80.0,130.0,post_swap,swap_distal,False,GCAMP19
42,5927,7,42,320,370,80.0,130.0,post_swap,swap_distal,False,GCAMP19
43,5928,7,43,320,370,80.0,130.0,post_swap,swap_distal,False,GCAMP19
44,5929,7,44,320,370,80.0,130.0,post_swap,swap_distal,False,GCAMP19
45,5930,7,45,320,370,80.0,130.0,post_swap,swap_distal,False,GCAMP19
46,5931,7,46,320,370,80.0,130.0,post_swap,swap_distal,False,GCAMP19
47,5932,7,47,320,370,80.0,130.0,post_swap,swap_distal,True,GCAMP19
48,5933,7,48,320,370,80.0,130.0,post_swap,swap_distal,True,GCAMP19
49,5934,7,49,320,370,80.0,130.0,post_swap,swap_distal,True,GCAMP19
50,5935,7,50,320,370,80.0,130.0,post_swap,swap_distal,False,GCAMP19
51,5936,7,51,320,370,80.0,130.0,post_swap,swap_distal,False,GCAMP19
52,5937,7,52,320,370,80.0,130.0,post_swap,swap_distal,False,GCAMP19
53,5938,7,53,320,370,80.0,130.0,post_swap,swap_distal,False,GCAMP19
54,5939,7,54,320,370,80.0,130.0,post_swap,swap_distal,False,GCAMP19
55,5940,7,55,320,370,80.0,130.0,post_swap,swap_distal,True,GCAMP19
56,5941,7,56,320,370,80.0,130.0,post_swap,swap_distal,False,GCAMP19
57,5942,7,57,320,370,80.0,130.0,post_swap,swap_distal,False,GCAMP19
58,5943,7,58,320,370,80.0,130.0,post_swap,swap_distal,False,GCAMP19
59,5944,7,59,320,370,80.0,130.0,post_swap,swap_distal,True,GCAMP19
60,5945,7,60,320,370,80.0,130.0,post_swap,swap_distal,False,GCAMP19
61,5946,7,61,320,370,80.0,130.0,post_swap,swap_distal,False,GCAMP19
62,5947,7,62,320,370,80.0,130.0,post_swap,swap_distal,False,GCAMP19
63,5948,7,63,320,370,80.0,130.0,post_swap,swap_distal,False,GCAMP19
64,5949,7,64,320,370,80.0,130.0,post_swap,swap_distal,False,GCAMP19
65,5950,7,65,320,370,80.0,130.0,post_swap,swap_distal,False,GCAMP19
66,5951,7,66,320,370,80.0,130.0,post_swap,swap_distal,False,GCAMP19
67,5952,7,67,320,370,80.0,130.0,post_swap,swap_distal,False,GCAMP19
68,5953,7,68,320,370,80.0,130.0,post_swap,swap_distal,True,GCAMP19
69,5954,7,69,320,370,80.0,130.0,post_swap,swap_distal,False,GCAMP19
70,5955,7,70,320,370,80.0,130.0,post_swap,swap_distal,True,GCAMP19
71,5956,7,71,320,370,80.0,130.0,post_swap,swap_distal,False,GCAMP19
72,5957,7,72,320,370,80.0,130.0,post_swap,swap_distal,False,GCAMP19
73,5958,7,73,320,370,80.0,130.0,post_swap,swap_distal,False,GCAMP19
74,5959,7,74,320,370,80.0,130.0,post_swap,swap_distal,True,GCAMP19
75,5960,7,75,320,370,80.0,130.0,post_swap,swap_distal,False,GCAMP19
76,5961,7,76,320,370,80.0,130.0,post_swap,swap_distal,True,GCAMP19
77,5962,7,77,320,370,80.0,130.0,post_swap,swap_distal,True,GCAMP19
78,5963,7,78,320,370,80.0,130.0,post_swap,swap_distal,False,GCAMP19
79,5964,7,79,320,370,80.0,130.0,post_swap,swap_distal,True,GCAMP19
0,5965,8,0,320,370,80.0,130.0,pre_swap,swap_proximal,True,GCAMP19
1,5966,8,1,320,370,80.0,130.0,pre_swap,swap_proximal,True,GCAMP19
2,5967,8,2,320,370,80.0,130.0,pre_swap,swap_proximal,False,GCAMP19
3,5968,8,3,320,370,80.0,130.0,pre_swap,swap_proximal,False,GCAMP19
4,5969,8,4,320,370,80.0,130.0,pre_swap,swap_proximal,False,GCAMP19
5,5970,8,5,320,370,80.0,130.0,pre_swap,swap_proximal,False,GCAMP19
6,5971,8,6,320,370,80.0,130.0,pre_swap,swap_proximal,False,GCAMP19
7,5972,8,7,320,370,80.0,130.0,pre_swap,swap_proximal,False,GCAMP19
8,5973,8,8,320,370,80.0,130.0,pre_swap,swap_proximal,False,GCAMP19
9,5974,8,9,320,370,80.0,130.0,pre_swap,swap_proximal,False,GCAMP19
10,5975,8,10,320,370,80.0,130.0,pre_swap,swap_proximal,False,GCAMP19
11,5976,8,11,320,370,80.0,130.0,pre_swap,swap_proximal,False,GCAMP19
12,5977,8,12,320,370,80.0,130.0,pre_swap,swap_proximal,False,GCAMP19
13,5978,8,13,320,370,80.0,130.0,pre_swap,swap_proximal,False,GCAMP19
14,5979,8,14,320,370,80.0,130.0,pre_swap,swap_proximal,False,GCAMP19
15,5980,8,15,320,370,80.0,130.0,pre_swap,swap_proximal,False,GCAMP19
16,5981,8,16,320,370,80.0,130.0,pre_swap,swap_proximal,True,GCAMP19
17,5982,8,17,320,370,80.0,130.0,pre_swap,swap_proximal,False,GCAMP19
18,5983,8,18,320,370,80.0,130.0,pre_swap,swap_proximal,False,GCAMP19
19,5984,8,19,320,370,80.0,130.0,pre_swap,swap_proximal,False,GCAMP19
20,5985,8,20,320,370,80.0,130.0,pre_swap,swap_proximal,False,GCAMP19
21,5986,8,21,320,370,80.0,130.0,pre_swap,swap_proximal,False,GCAMP19
22,5987,8,22,320,370,80.0,130.0,pre_swap,swap_proximal,False,GCAMP19
23,5988,8,23,320,370,80.0,130.0,pre_swap,swap_proximal,True,GCAMP19
24,5989,8,24,320,370,80.0,130.0,pre_swap,swap_proximal,False,GCAMP19
25,5990,8,25,320,370,80.0,130.0,pre_swap,swap_proximal,False,GCAMP19
26,5991,8,26,320,370,80.0,130.0,pre_swap,swap_proximal,False,GCAMP19
27,5992,8,27,320,370,80.0,130.0,pre_swap,swap_proximal,False,GCAMP19
28,5993,8,28,320,370,80.0,130.0,pre_swap,swap_proximal,True,GCAMP19
29,5994,8,29,320,370,80.0,130.0,pre_swap,swap_proximal,False,GCAMP19
30,5995,8,30,80,130,320.0,370.0,post_swap,swap_proximal,False,GCAMP19
31,5996,8,31,80,130,320.0,370.0,post_swap,swap_proximal,False,GCAMP19
32,5997,8,32,80,130,320.0,370.0,post_swap,swap_proximal,False,GCAMP19
33,5998,8,33,80,130,320.0,370.0,post_swap,swap_proximal,False,GCAMP19
34,5999,8,34,80,130,320.0,370.0,post_swap,swap_proximal,False,GCAMP19
35,6000,8,35,80,130,320.0,370.0,post_swap,swap_proximal,False,GCAMP19
36,6001,8,36,80,130,320.0,370.0,post_swap,swap_proximal,True,GCAMP19
37,6002,8,37,80,130,320.0,370.0,post_swap,swap_proximal,False,GCAMP19
38,6003,8,38,80,130,320.0,370.0,post_swap,swap_proximal,False,GCAMP19
39,6004,8,39,80,130,320.0,370.0,post_swap,swap_proximal,False,GCAMP19
40,6005,8,40,80,130,320.0,370.0,post_swap,swap_proximal,False,GCAMP19
41,6006,8,41,80,130,320.0,370.0,post_swap,swap_proximal,False,GCAMP19
42,6007,8,42,80,130,320.0,370.0,post_swap,swap_proximal,False,GCAMP19
43,6008,8,43,80,130,320.0,370.0,post_swap,swap_proximal,False,GCAMP19
44,6009,8,44,80,130,320.0,370.0,post_swap,swap_proximal,False,GCAMP19
45,6010,8,45,80,130,320.0,370.0,post_swap,swap_proximal,True,GCAMP19
46,6011,8,46,80,130,320.0,370.0,post_swap,swap_proximal,False,GCAMP19
47,6012,8,47,80,130,320.0,370.0,post_swap,swap_proximal,False,GCAMP19
48,6013,8,48,80,130,320.0,370.0,post_swap,swap_proximal,False,GCAMP19
49,6014,8,49,80,130,320.0,370.0,post_swap,swap_proximal,False,GCAMP19
50,6015,8,50,80,130,320.0,370.0,post_swap,swap_proximal,False,GCAMP19
51,6016,8,51,80,130,320.0,370.0,post_swap,swap_proximal,False,GCAMP19
52,6017,8,52,80,130,320.0,370.0,post_swap,swap_proximal,False,GCAMP19
53,6018,8,53,80,130,320.0,370.0,post_swap,swap_proximal,False,GCAMP19
54,6019,8,54,80,130,320.0,370.0,post_swap,swap_proximal,False,GCAMP19
55,6020,8,55,80,130,320.0,370.0,post_swap,swap_proximal,False,GCAMP19
56,6021,8,56,80,130,320.0,370.0,post_swap,swap_proximal,False,GCAMP19
57,6022,8,57,80,130,320.0,370.0,post_swap,swap_proximal,False,GCAMP19
58,6023,8,58,80,130,320.0,370.0,post_swap,swap_proximal,False,GCAMP19
59,6024,8,59,80,130,320.0,370.0,post_swap,swap_proximal,False,GCAMP19
60,6025,8,60,80,130,320.0,370.0,post_swap,swap_proximal,False,GCAMP19
61,6026,8,61,80,130,320.0,370.0,post_swap,swap_proximal,False,GCAMP19
62,6027,8,62,80,130,320.0,370.0,post_swap,swap_proximal,False,GCAMP19
63,6028,8,63,80,130,320.0,370.0,post_swap,swap_proximal,False,GCAMP19
64,6029,8,64,80,130,320.0,370.0,post_swap,swap_proximal,False,GCAMP19
65,6030,8,65,80,130,320.0,370.0,post_swap,swap_proximal,True,GCAMP19
66,6031,8,66,80,130,320.0,370.0,post_swap,swap_proximal,False,GCAMP19
67,6032,8,67,80,130,320.0,370.0,post_swap,swap_proximal,False,GCAMP19
68,6033,8,68,80,130,320.0,370.0,post_swap,swap_proximal,False,GCAMP19
69,6034,8,69,80,130,320.0,370.0,post_swap,swap_proximal,False,GCAMP19
70,6035,8,70,80,130,320.0,370.0,post_swap,swap_proximal,False,GCAMP19
71,6036,8,71,80,130,320.0,370.0,post_swap,swap_proximal,False,GCAMP19
72,6037,8,72,80,130,320.0,370.0,post_swap,swap_proximal,True,GCAMP19
73,6038,8,73,80,130,320.0,370.0,post_swap,swap_proximal,False,GCAMP19
74,6039,8,74,80,130,320.0,370.0,post_swap,swap_proximal,True,GCAMP19
75,6040,8,75,80,130,320.0,370.0,post_swap,swap_proximal,False,GCAMP19
76,6041,8,76,80,130,320.0,370.0,post_swap,swap_proximal,False,GCAMP19
77,6042,8,77,80,130,320.0,370.0,post_swap,swap_proximal,True,GCAMP19
78,6043,8,78,80,130,320.0,370.0,post_swap,swap_proximal,False,GCAMP19
79,6044,8,79,80,130,320.0,370.0,post_swap,swap_proximal,False,GCAMP19
0,6045,10,0,80,130,200.0,250.0,pre_swap,swap_distal,False,GCAMP19
1,6046,10,1,80,130,200.0,250.0,pre_swap,swap_distal,False,GCAMP19
2,6047,10,2,80,130,200.0,250.0,pre_swap,swap_distal,False,GCAMP19
3,6048,10,3,80,130,200.0,250.0,pre_swap,swap_distal,False,GCAMP19
4,6049,10,4,80,130,200.0,250.0,pre_swap,swap_distal,False,GCAMP19
5,6050,10,5,80,130,200.0,250.0,pre_swap,swap_distal,False,GCAMP19
6,6051,10,6,80,130,200.0,250.0,pre_swap,swap_distal,False,GCAMP19
7,6052,10,7,80,130,200.0,250.0,pre_swap,swap_distal,False,GCAMP19
8,6053,10,8,80,130,200.0,250.0,pre_swap,swap_distal,False,GCAMP19
9,6054,10,9,80,130,200.0,250.0,pre_swap,swap_distal,False,GCAMP19
10,6055,10,10,80,130,200.0,250.0,pre_swap,swap_distal,True,GCAMP19
11,6056,10,11,80,130,200.0,250.0,pre_swap,swap_distal,False,GCAMP19
12,6057,10,12,80,130,200.0,250.0,pre_swap,swap_distal,False,GCAMP19
13,6058,10,13,80,130,200.0,250.0,pre_swap,swap_distal,False,GCAMP19
14,6059,10,14,80,130,200.0,250.0,pre_swap,swap_distal,False,GCAMP19
15,6060,10,15,80,130,200.0,250.0,pre_swap,swap_distal,False,GCAMP19
16,6061,10,16,80,130,200.0,250.0,pre_swap,swap_distal,False,GCAMP19
17,6062,10,17,80,130,200.0,250.0,pre_swap,swap_distal,False,GCAMP19
18,6063,10,18,80,130,200.0,250.0,pre_swap,swap_distal,False,GCAMP19
19,6064,10,19,80,130,200.0,250.0,pre_swap,swap_distal,False,GCAMP19
20,6065,10,20,80,130,200.0,250.0,pre_swap,swap_distal,True,GCAMP19
21,6066,10,21,80,130,200.0,250.0,pre_swap,swap_distal,False,GCAMP19
22,6067,10,22,80,130,200.0,250.0,pre_swap,swap_distal,False,GCAMP19
23,6068,10,23,80,130,200.0,250.0,pre_swap,swap_distal,False,GCAMP19
24,6069,10,24,80,130,200.0,250.0,pre_swap,swap_distal,False,GCAMP19
25,6070,10,25,80,130,200.0,250.0,pre_swap,swap_distal,False,GCAMP19
26,6071,10,26,80,130,200.0,250.0,pre_swap,swap_distal,False,GCAMP19
27,6072,10,27,80,130,200.0,250.0,pre_swap,swap_distal,False,GCAMP19
28,6073,10,28,80,130,200.0,250.0,pre_swap,swap_distal,False,GCAMP19
29,6074,10,29,80,130,200.0,250.0,pre_swap,swap_distal,False,GCAMP19
30,6075,10,30,200,250,80.0,130.0,post_swap,swap_distal,False,GCAMP19
31,6076,10,31,200,250,80.0,130.0,post_swap,swap_distal,True,GCAMP19
32,6077,10,32,200,250,80.0,130.0,post_swap,swap_distal,False,GCAMP19
33,6078,10,33,200,250,80.0,130.0,post_swap,swap_distal,False,GCAMP19
34,6079,10,34,200,250,80.0,130.0,post_swap,swap_distal,True,GCAMP19
35,6080,10,35,200,250,80.0,130.0,post_swap,swap_distal,False,GCAMP19
36,6081,10,36,200,250,80.0,130.0,post_swap,swap_distal,False,GCAMP19
37,6082,10,37,200,250,80.0,130.0,post_swap,swap_distal,True,GCAMP19
38,6083,10,38,200,250,80.0,130.0,post_swap,swap_distal,False,GCAMP19
39,6084,10,39,200,250,80.0,130.0,post_swap,swap_distal,False,GCAMP19
40,6085,10,40,200,250,80.0,130.0,post_swap,swap_distal,False,GCAMP19
41,6086,10,41,200,250,80.0,130.0,post_swap,swap_distal,False,GCAMP19
42,6087,10,42,200,250,80.0,130.0,post_swap,swap_distal,False,GCAMP19
43,6088,10,43,200,250,80.0,130.0,post_swap,swap_distal,False,GCAMP19
44,6089,10,44,200,250,80.0,130.0,post_swap,swap_distal,True,GCAMP19
45,6090,10,45,200,250,80.0,130.0,post_swap,swap_distal,False,GCAMP19
46,6091,10,46,200,250,80.0,130.0,post_swap,swap_distal,False,GCAMP19
47,6092,10,47,200,250,80.0,130.0,post_swap,swap_distal,True,GCAMP19
48,6093,10,48,200,250,80.0,130.0,post_swap,swap_distal,False,GCAMP19
49,6094,10,49,200,250,80.0,130.0,post_swap,swap_distal,True,GCAMP19
50,6095,10,50,200,250,80.0,130.0,post_swap,swap_distal,False,GCAMP19
51,6096,10,51,200,250,80.0,130.0,post_swap,swap_distal,False,GCAMP19
52,6097,10,52,200,250,80.0,130.0,post_swap,swap_distal,False,GCAMP19
53,6098,10,53,200,250,80.0,130.0,post_swap,swap_distal,False,GCAMP19
54,6099,10,54,200,250,80.0,130.0,post_swap,swap_distal,False,GCAMP19
55,6100,10,55,200,250,80.0,130.0,post_swap,swap_distal,False,GCAMP19
56,6101,10,56,200,250,80.0,130.0,post_swap,swap_distal,True,GCAMP19
57,6102,10,57,200,250,80.0,130.0,post_swap,swap_distal,False,GCAMP19
58,6103,10,58,200,250,80.0,130.0,post_swap,swap_distal,False,GCAMP19
59,6104,10,59,200,250,80.0,130.0,post_swap,swap_distal,False,GCAMP19
60,6105,10,60,200,250,80.0,130.0,post_swap,swap_distal,False,GCAMP19
61,6106,10,61,200,250,80.0,130.0,post_swap,swap_distal,True,GCAMP19
62,6107,10,62,200,250,80.0,130.0,post_swap,swap_distal,False,GCAMP19
63,6108,10,63,200,250,80.0,130.0,post_swap,swap_distal,False,GCAMP19
64,6109,10,64,200,250,80.0,130.0,post_swap,swap_distal,False,GCAMP19
65,6110,10,65,200,250,80.0,130.0,post_swap,swap_distal,False,GCAMP19
66,6111,10,66,200,250,80.0,130.0,post_swap,swap_distal,False,GCAMP19
67,6112,10,67,200,250,80.0,130.0,post_swap,swap_distal,False,GCAMP19
68,6113,10,68,200,250,80.0,130.0,post_swap,swap_distal,False,GCAMP19
69,6114,10,69,200,250,80.0,130.0,post_swap,swap_distal,True,GCAMP19
70,6115,10,70,200,250,80.0,130.0,post_swap,swap_distal,False,GCAMP19
71,6116,10,71,200,250,80.0,130.0,post_swap,swap_distal,False,GCAMP19
72,6117,10,72,200,250,80.0,130.0,post_swap,swap_distal,False,GCAMP19
73,6118,10,73,200,250,80.0,130.0,post_swap,swap_distal,False,GCAMP19
74,6119,10,74,200,250,80.0,130.0,post_swap,swap_distal,False,GCAMP19
75,6120,10,75,200,250,80.0,130.0,post_swap,swap_distal,False,GCAMP19
76,6121,10,76,200,250,80.0,130.0,post_swap,swap_distal,False,GCAMP19
77,6122,10,77,200,250,80.0,130.0,post_swap,swap_distal,False,GCAMP19
78,6123,10,78,200,250,80.0,130.0,post_swap,swap_distal,False,GCAMP19
79,6124,10,79,200,250,80.0,130.0,post_swap,swap_distal,False,GCAMP19
0,6125,12,0,200,250,320.0,370.0,pre_swap,swap_distal,True,GCAMP19
1,6126,12,1,200,250,320.0,370.0,pre_swap,swap_distal,True,GCAMP19
2,6127,12,2,200,250,320.0,370.0,pre_swap,swap_distal,False,GCAMP19
3,6128,12,3,200,250,320.0,370.0,pre_swap,swap_distal,False,GCAMP19
4,6129,12,4,200,250,320.0,370.0,pre_swap,swap_distal,False,GCAMP19
5,6130,12,5,200,250,320.0,370.0,pre_swap,swap_distal,False,GCAMP19
6,6131,12,6,200,250,320.0,370.0,pre_swap,swap_distal,False,GCAMP19
7,6132,12,7,200,250,320.0,370.0,pre_swap,swap_distal,False,GCAMP19
8,6133,12,8,200,250,320.0,370.0,pre_swap,swap_distal,False,GCAMP19
9,6134,12,9,200,250,320.0,370.0,pre_swap,swap_distal,False,GCAMP19
10,6135,12,10,200,250,320.0,370.0,pre_swap,swap_distal,False,GCAMP19
11,6136,12,11,200,250,320.0,370.0,pre_swap,swap_distal,False,GCAMP19
12,6137,12,12,200,250,320.0,370.0,pre_swap,swap_distal,False,GCAMP19
13,6138,12,13,200,250,320.0,370.0,pre_swap,swap_distal,False,GCAMP19
14,6139,12,14,200,250,320.0,370.0,pre_swap,swap_distal,False,GCAMP19
15,6140,12,15,200,250,320.0,370.0,pre_swap,swap_distal,False,GCAMP19
16,6141,12,16,200,250,320.0,370.0,pre_swap,swap_distal,False,GCAMP19
17,6142,12,17,200,250,320.0,370.0,pre_swap,swap_distal,False,GCAMP19
18,6143,12,18,200,250,320.0,370.0,pre_swap,swap_distal,True,GCAMP19
19,6144,12,19,200,250,320.0,370.0,pre_swap,swap_distal,False,GCAMP19
20,6145,12,20,200,250,320.0,370.0,pre_swap,swap_distal,False,GCAMP19
21,6146,12,21,200,250,320.0,370.0,pre_swap,swap_distal,False,GCAMP19
22,6147,12,22,200,250,320.0,370.0,pre_swap,swap_distal,False,GCAMP19
23,6148,12,23,200,250,320.0,370.0,pre_swap,swap_distal,True,GCAMP19
24,6149,12,24,200,250,320.0,370.0,pre_swap,swap_distal,False,GCAMP19
25,6150,12,25,200,250,320.0,370.0,pre_swap,swap_distal,False,GCAMP19
26,6151,12,26,200,250,320.0,370.0,pre_swap,swap_distal,False,GCAMP19
27,6152,12,27,200,250,320.0,370.0,pre_swap,swap_distal,False,GCAMP19
28,6153,12,28,200,250,320.0,370.0,pre_swap,swap_distal,True,GCAMP19
29,6154,12,29,200,250,320.0,370.0,pre_swap,swap_distal,False,GCAMP19
30,6155,12,30,320,370,200.0,250.0,post_swap,swap_distal,False,GCAMP19
31,6156,12,31,320,370,200.0,250.0,post_swap,swap_distal,True,GCAMP19
32,6157,12,32,320,370,200.0,250.0,post_swap,swap_distal,False,GCAMP19
33,6158,12,33,320,370,200.0,250.0,post_swap,swap_distal,False,GCAMP19
34,6159,12,34,320,370,200.0,250.0,post_swap,swap_distal,False,GCAMP19
35,6160,12,35,320,370,200.0,250.0,post_swap,swap_distal,False,GCAMP19
36,6161,12,36,320,370,200.0,250.0,post_swap,swap_distal,False,GCAMP19
37,6162,12,37,320,370,200.0,250.0,post_swap,swap_distal,False,GCAMP19
38,6163,12,38,320,370,200.0,250.0,post_swap,swap_distal,False,GCAMP19
39,6164,12,39,320,370,200.0,250.0,post_swap,swap_distal,True,GCAMP19
40,6165,12,40,320,370,200.0,250.0,post_swap,swap_distal,False,GCAMP19
41,6166,12,41,320,370,200.0,250.0,post_swap,swap_distal,True,GCAMP19
42,6167,12,42,320,370,200.0,250.0,post_swap,swap_distal,False,GCAMP19
43,6168,12,43,320,370,200.0,250.0,post_swap,swap_distal,False,GCAMP19
44,6169,12,44,320,370,200.0,250.0,post_swap,swap_distal,False,GCAMP19
45,6170,12,45,320,370,200.0,250.0,post_swap,swap_distal,False,GCAMP19
46,6171,12,46,320,370,200.0,250.0,post_swap,swap_distal,True,GCAMP19
47,6172,12,47,320,370,200.0,250.0,post_swap,swap_distal,True,GCAMP19
48,6173,12,48,320,370,200.0,250.0,post_swap,swap_distal,False,GCAMP19
49,6174,12,49,320,370,200.0,250.0,post_swap,swap_distal,False,GCAMP19
50,6175,12,50,320,370,200.0,250.0,post_swap,swap_distal,False,GCAMP19
51,6176,12,51,320,370,200.0,250.0,post_swap,swap_distal,False,GCAMP19
52,6177,12,52,320,370,200.0,250.0,post_swap,swap_distal,False,GCAMP19
53,6178,12,53,320,370,200.0,250.0,post_swap,swap_distal,False,GCAMP19
54,6179,12,54,320,370,200.0,250.0,post_swap,swap_distal,False,GCAMP19
55,6180,12,55,320,370,200.0,250.0,post_swap,swap_distal,True,GCAMP19
56,6181,12,56,320,370,200.0,250.0,post_swap,swap_distal,False,GCAMP19
57,6182,12,57,320,370,200.0,250.0,post_swap,swap_distal,False,GCAMP19
58,6183,12,58,320,370,200.0,250.0,post_swap,swap_distal,False,GCAMP19
59,6184,12,59,320,370,200.0,250.0,post_swap,swap_distal,False,GCAMP19
60,6185,12,60,320,370,200.0,250.0,post_swap,swap_distal,False,GCAMP19
61,6186,12,61,320,370,200.0,250.0,post_swap,swap_distal,False,GCAMP19
62,6187,12,62,320,370,200.0,250.0,post_swap,swap_distal,False,GCAMP19
63,6188,12,63,320,370,200.0,250.0,post_swap,swap_distal,False,GCAMP19
64,6189,12,64,320,370,200.0,250.0,post_swap,swap_distal,False,GCAMP19
65,6190,12,65,320,370,200.0,250.0,post_swap,swap_distal,True,GCAMP19
66,6191,12,66,320,370,200.0,250.0,post_swap,swap_distal,True,GCAMP19
67,6192,12,67,320,370,200.0,250.0,post_swap,swap_distal,False,GCAMP19
68,6193,12,68,320,370,200.0,250.0,post_swap,swap_distal,False,GCAMP19
69,6194,12,69,320,370,200.0,250.0,post_swap,swap_distal,False,GCAMP19
70,6195,12,70,320,370,200.0,250.0,post_swap,swap_distal,False,GCAMP19
71,6196,12,71,320,370,200.0,250.0,post_swap,swap_distal,False,GCAMP19
72,6197,12,72,320,370,200.0,250.0,post_swap,swap_distal,False,GCAMP19
73,6198,12,73,320,370,200.0,250.0,post_swap,swap_distal,False,GCAMP19
74,6199,12,74,320,370,200.0,250.0,post_swap,swap_distal,False,GCAMP19
75,6200,12,75,320,370,200.0,250.0,post_swap,swap_distal,False,GCAMP19
76,6201,12,76,320,370,200.0,250.0,post_swap,swap_distal,True,GCAMP19
77,6202,12,77,320,370,200.0,250.0,post_swap,swap_distal,False,GCAMP19
78,6203,12,78,320,370,200.0,250.0,post_swap,swap_distal,False,GCAMP19
79,6204,12,79,320,370,200.0,250.0,post_swap,swap_distal,False,GCAMP19
0,6205,14,0,320,370,80.0,130.0,pre_swap,swap_proximal,False,GCAMP19
1,6206,14,1,320,370,80.0,130.0,pre_swap,swap_proximal,False,GCAMP19
2,6207,14,2,320,370,80.0,130.0,pre_swap,swap_proximal,False,GCAMP19
3,6208,14,3,320,370,80.0,130.0,pre_swap,swap_proximal,False,GCAMP19
4,6209,14,4,320,370,80.0,130.0,pre_swap,swap_proximal,False,GCAMP19
5,6210,14,5,320,370,80.0,130.0,pre_swap,swap_proximal,True,GCAMP19
6,6211,14,6,320,370,80.0,130.0,pre_swap,swap_proximal,False,GCAMP19
7,6212,14,7,320,370,80.0,130.0,pre_swap,swap_proximal,False,GCAMP19
8,6213,14,8,320,370,80.0,130.0,pre_swap,swap_proximal,False,GCAMP19
9,6214,14,9,320,370,80.0,130.0,pre_swap,swap_proximal,False,GCAMP19
10,6215,14,10,320,370,80.0,130.0,pre_swap,swap_proximal,False,GCAMP19
11,6216,14,11,320,370,80.0,130.0,pre_swap,swap_proximal,True,GCAMP19
12,6217,14,12,320,370,80.0,130.0,pre_swap,swap_proximal,False,GCAMP19
13,6218,14,13,320,370,80.0,130.0,pre_swap,swap_proximal,False,GCAMP19
14,6219,14,14,320,370,80.0,130.0,pre_swap,swap_proximal,False,GCAMP19
15,6220,14,15,320,370,80.0,130.0,pre_swap,swap_proximal,True,GCAMP19
16,6221,14,16,320,370,80.0,130.0,pre_swap,swap_proximal,True,GCAMP19
17,6222,14,17,320,370,80.0,130.0,pre_swap,swap_proximal,True,GCAMP19
18,6223,14,18,320,370,80.0,130.0,pre_swap,swap_proximal,False,GCAMP19
19,6224,14,19,320,370,80.0,130.0,pre_swap,swap_proximal,False,GCAMP19
20,6225,14,20,320,370,80.0,130.0,pre_swap,swap_proximal,False,GCAMP19
21,6226,14,21,320,370,80.0,130.0,pre_swap,swap_proximal,False,GCAMP19
22,6227,14,22,320,370,80.0,130.0,pre_swap,swap_proximal,False,GCAMP19
23,6228,14,23,320,370,80.0,130.0,pre_swap,swap_proximal,True,GCAMP19
24,6229,14,24,320,370,80.0,130.0,pre_swap,swap_proximal,False,GCAMP19
25,6230,14,25,320,370,80.0,130.0,pre_swap,swap_proximal,False,GCAMP19
26,6231,14,26,320,370,80.0,130.0,pre_swap,swap_proximal,False,GCAMP19
27,6232,14,27,320,370,80.0,130.0,pre_swap,swap_proximal,False,GCAMP19
28,6233,14,28,320,370,80.0,130.0,pre_swap,swap_proximal,False,GCAMP19
29,6234,14,29,320,370,80.0,130.0,pre_swap,swap_proximal,False,GCAMP19
30,6235,14,30,80,130,320.0,370.0,post_swap,swap_proximal,True,GCAMP19
31,6236,14,31,80,130,320.0,370.0,post_swap,swap_proximal,False,GCAMP19
32,6237,14,32,80,130,320.0,370.0,post_swap,swap_proximal,True,GCAMP19
33,6238,14,33,80,130,320.0,370.0,post_swap,swap_proximal,False,GCAMP19
34,6239,14,34,80,130,320.0,370.0,post_swap,swap_proximal,False,GCAMP19
35,6240,14,35,80,130,320.0,370.0,post_swap,swap_proximal,False,GCAMP19
36,6241,14,36,80,130,320.0,370.0,post_swap,swap_proximal,False,GCAMP19
37,6242,14,37,80,130,320.0,370.0,post_swap,swap_proximal,False,GCAMP19
38,6243,14,38,80,130,320.0,370.0,post_swap,swap_proximal,False,GCAMP19
39,6244,14,39,80,130,320.0,370.0,post_swap,swap_proximal,False,GCAMP19
40,6245,14,40,80,130,320.0,370.0,post_swap,swap_proximal,False,GCAMP19
41,6246,14,41,80,130,320.0,370.0,post_swap,swap_proximal,False,GCAMP19
42,6247,14,42,80,130,320.0,370.0,post_swap,swap_proximal,False,GCAMP19
43,6248,14,43,80,130,320.0,370.0,post_swap,swap_proximal,False,GCAMP19
44,6249,14,44,80,130,320.0,370.0,post_swap,swap_proximal,False,GCAMP19
45,6250,14,45,80,130,320.0,370.0,post_swap,swap_proximal,False,GCAMP19
46,6251,14,46,80,130,320.0,370.0,post_swap,swap_proximal,False,GCAMP19
47,6252,14,47,80,130,320.0,370.0,post_swap,swap_proximal,False,GCAMP19
48,6253,14,48,80,130,320.0,370.0,post_swap,swap_proximal,False,GCAMP19
49,6254,14,49,80,130,320.0,370.0,post_swap,swap_proximal,False,GCAMP19
50,6255,14,50,80,130,320.0,370.0,post_swap,swap_proximal,False,GCAMP19
51,6256,14,51,80,130,320.0,370.0,post_swap,swap_proximal,False,GCAMP19
52,6257,14,52,80,130,320.0,370.0,post_swap,swap_proximal,True,GCAMP19
53,6258,14,53,80,130,320.0,370.0,post_swap,swap_proximal,False,GCAMP19
54,6259,14,54,80,130,320.0,370.0,post_swap,swap_proximal,False,GCAMP19
55,6260,14,55,80,130,320.0,370.0,post_swap,swap_proximal,False,GCAMP19
56,6261,14,56,80,130,320.0,370.0,post_swap,swap_proximal,False,GCAMP19
57,6262,14,57,80,130,320.0,370.0,post_swap,swap_proximal,False,GCAMP19
58,6263,14,58,80,130,320.0,370.0,post_swap,swap_proximal,False,GCAMP19
59,6264,14,59,80,130,320.0,370.0,post_swap,swap_proximal,True,GCAMP19
60,6265,14,60,80,130,320.0,370.0,post_swap,swap_proximal,False,GCAMP19
61,6266,14,61,80,130,320.0,370.0,post_swap,swap_proximal,False,GCAMP19
62,6267,14,62,80,130,320.0,370.0,post_swap,swap_proximal,False,GCAMP19
63,6268,14,63,80,130,320.0,370.0,post_swap,swap_proximal,False,GCAMP19
64,6269,14,64,80,130,320.0,370.0,post_swap,swap_proximal,False,GCAMP19
65,6270,14,65,80,130,320.0,370.0,post_swap,swap_proximal,True,GCAMP19
66,6271,14,66,80,130,320.0,370.0,post_swap,swap_proximal,False,GCAMP19
67,6272,14,67,80,130,320.0,370.0,post_swap,swap_proximal,False,GCAMP19
68,6273,14,68,80,130,320.0,370.0,post_swap,swap_proximal,True,GCAMP19
69,6274,14,69,80,130,320.0,370.0,post_swap,swap_proximal,False,GCAMP19
70,6275,14,70,80,130,320.0,370.0,post_swap,swap_proximal,False,GCAMP19
71,6276,14,71,80,130,320.0,370.0,post_swap,swap_proximal,True,GCAMP19
72,6277,14,72,80,130,320.0,370.0,post_swap,swap_proximal,False,GCAMP19
73,6278,14,73,80,130,320.0,370.0,post_swap,swap_proximal,False,GCAMP19
74,6279,14,74,80,130,320.0,370.0,post_swap,swap_proximal,False,GCAMP19
75,6280,14,75,80,130,320.0,370.0,post_swap,swap_proximal,False,GCAMP19
76,6281,14,76,80,130,320.0,370.0,post_swap,swap_proximal,True,GCAMP19
77,6282,14,77,80,130,320.0,370.0,post_swap,swap_proximal,True,GCAMP19
78,6283,14,78,80,130,320.0,370.0,post_swap,swap_proximal,False,GCAMP19
79,6284,14,79,80,130,320.0,370.0,post_swap,swap_proximal,False,GCAMP19
