,day,idx,omit,reward_zone_end,reward_zone_start,swap_type,swap_zone_end,swap_zone_start,trial,trial_type,animal,hdb_labels,HMM_label
0,3,GCAMP11_3_0,False,250,200,swap_proximal,130.0,80.0,0,pre_swap,GCAMP11,52,6
1,3,GCAMP11_3_1,True,250,200,swap_proximal,130.0,80.0,1,pre_swap,GCAMP11,36,6
2,3,GCAMP11_3_2,False,250,200,swap_proximal,130.0,80.0,2,pre_swap,GCAMP11,81,4
3,3,GCAMP11_3_3,False,250,200,swap_proximal,130.0,80.0,3,pre_swap,GCAMP11,18,4
4,3,GCAMP11_3_4,False,250,200,swap_proximal,130.0,80.0,4,pre_swap,GCAMP11,4,4
5,3,GCAMP11_3_5,False,250,200,swap_proximal,130.0,80.0,5,pre_swap,GCAMP11,6,9
6,3,GCAMP11_3_6,True,250,200,swap_proximal,130.0,80.0,6,pre_swap,GCAMP11,1,2
7,3,GCAMP11_3_7,False,250,200,swap_proximal,130.0,80.0,7,pre_swap,GCAMP11,-1,4
8,3,GCAMP11_3_8,False,250,200,swap_proximal,130.0,80.0,8,pre_swap,GCAMP11,81,4
9,3,GCAMP11_3_9,True,250,200,swap_proximal,130.0,80.0,9,pre_swap,GCAMP11,96,2
10,3,GCAMP11_3_10,False,250,200,swap_proximal,130.0,80.0,10,pre_swap,GCAMP11,12,2
11,3,GCAMP11_3_11,False,250,200,swap_proximal,130.0,80.0,11,pre_swap,GCAMP11,58,4
12,3,GCAMP11_3_12,False,250,200,swap_proximal,130.0,80.0,12,pre_swap,GCAMP11,81,4
13,3,GCAMP11_3_13,False,250,200,swap_proximal,130.0,80.0,13,pre_swap,GCAMP11,81,4
14,3,GCAMP11_3_14,False,250,200,swap_proximal,130.0,80.0,14,pre_swap,GCAMP11,66,2
15,3,GCAMP11_3_15,False,250,200,swap_proximal,130.0,80.0,15,pre_swap,GCAMP11,61,4
16,3,GCAMP11_3_16,False,250,200,swap_proximal,130.0,80.0,16,pre_swap,GCAMP11,-1,4
17,3,GCAMP11_3_17,False,250,200,swap_proximal,130.0,80.0,17,pre_swap,GCAMP11,6,4
18,3,GCAMP11_3_18,False,250,200,swap_proximal,130.0,80.0,18,pre_swap,GCAMP11,58,4
19,3,GCAMP11_3_19,False,250,200,swap_proximal,130.0,80.0,19,pre_swap,GCAMP11,81,4
20,3,GCAMP11_3_20,False,250,200,swap_proximal,130.0,80.0,20,pre_swap,GCAMP11,58,4
21,3,GCAMP11_3_21,False,250,200,swap_proximal,130.0,80.0,21,pre_swap,GCAMP11,81,4
22,3,GCAMP11_3_22,False,250,200,swap_proximal,130.0,80.0,22,pre_swap,GCAMP11,6,4
23,3,GCAMP11_3_23,False,250,200,swap_proximal,130.0,80.0,23,pre_swap,GCAMP11,-1,6
24,3,GCAMP11_3_24,True,250,200,swap_proximal,130.0,80.0,24,pre_swap,GCAMP11,91,2
25,3,GCAMP11_3_25,False,250,200,swap_proximal,130.0,80.0,25,pre_swap,GCAMP11,12,2
26,3,GCAMP11_3_26,False,250,200,swap_proximal,130.0,80.0,26,pre_swap,GCAMP11,81,4
27,3,GCAMP11_3_27,False,250,200,swap_proximal,130.0,80.0,27,pre_swap,GCAMP11,81,4
28,3,GCAMP11_3_28,False,250,200,swap_proximal,130.0,80.0,28,pre_swap,GCAMP11,81,4
29,3,GCAMP11_3_29,False,250,200,swap_proximal,130.0,80.0,29,pre_swap,GCAMP11,81,4
30,3,GCAMP11_3_30,False,130,80,swap_proximal,250.0,200.0,30,post_swap,GCAMP11,9,4
31,3,GCAMP11_3_31,False,130,80,swap_proximal,250.0,200.0,31,post_swap,GCAMP11,9,4
32,3,GCAMP11_3_32,False,130,80,swap_proximal,250.0,200.0,32,post_swap,GCAMP11,35,3
33,3,GCAMP11_3_33,False,130,80,swap_proximal,250.0,200.0,33,post_swap,GCAMP11,40,3
34,3,GCAMP11_3_34,False,130,80,swap_proximal,250.0,200.0,34,post_swap,GCAMP11,72,7
35,3,GCAMP11_3_35,False,130,80,swap_proximal,250.0,200.0,35,post_swap,GCAMP11,48,8
36,3,GCAMP11_3_36,False,130,80,swap_proximal,250.0,200.0,36,post_swap,GCAMP11,53,1
37,3,GCAMP11_3_37,False,130,80,swap_proximal,250.0,200.0,37,post_swap,GCAMP11,64,1
38,3,GCAMP11_3_38,False,130,80,swap_proximal,250.0,200.0,38,post_swap,GCAMP11,39,3
39,3,GCAMP11_3_39,False,130,80,swap_proximal,250.0,200.0,39,post_swap,GCAMP11,47,1
40,3,GCAMP11_3_40,False,130,80,swap_proximal,250.0,200.0,40,post_swap,GCAMP11,40,7
41,3,GCAMP11_3_41,False,130,80,swap_proximal,250.0,200.0,41,post_swap,GCAMP11,77,3
42,3,GCAMP11_3_42,False,130,80,swap_proximal,250.0,200.0,42,post_swap,GCAMP11,27,3
43,3,GCAMP11_3_43,True,130,80,swap_proximal,250.0,200.0,43,post_swap,GCAMP11,83,9
44,3,GCAMP11_3_44,False,130,80,swap_proximal,250.0,200.0,44,post_swap,GCAMP11,0,5
45,3,GCAMP11_3_45,False,130,80,swap_proximal,250.0,200.0,45,post_swap,GCAMP11,46,3
46,3,GCAMP11_3_46,False,130,80,swap_proximal,250.0,200.0,46,post_swap,GCAMP11,51,5
47,3,GCAMP11_3_47,False,130,80,swap_proximal,250.0,200.0,47,post_swap,GCAMP11,77,3
48,3,GCAMP11_3_48,False,130,80,swap_proximal,250.0,200.0,48,post_swap,GCAMP11,52,9
49,3,GCAMP11_3_49,False,130,80,swap_proximal,250.0,200.0,49,post_swap,GCAMP11,16,3
50,3,GCAMP11_3_50,False,130,80,swap_proximal,250.0,200.0,50,post_swap,GCAMP11,76,3
51,3,GCAMP11_3_51,False,130,80,swap_proximal,250.0,200.0,51,post_swap,GCAMP11,46,3
52,3,GCAMP11_3_52,False,130,80,swap_proximal,250.0,200.0,52,post_swap,GCAMP11,27,3
53,3,GCAMP11_3_53,False,130,80,swap_proximal,250.0,200.0,53,post_swap,GCAMP11,40,7
54,3,GCAMP11_3_54,False,130,80,swap_proximal,250.0,200.0,54,post_swap,GCAMP11,27,3
55,3,GCAMP11_3_55,False,130,80,swap_proximal,250.0,200.0,55,post_swap,GCAMP11,40,7
56,3,GCAMP11_3_56,False,130,80,swap_proximal,250.0,200.0,56,post_swap,GCAMP11,40,7
57,3,GCAMP11_3_57,False,130,80,swap_proximal,250.0,200.0,57,post_swap,GCAMP11,39,3
58,3,GCAMP11_3_58,False,130,80,swap_proximal,250.0,200.0,58,post_swap,GCAMP11,70,3
59,3,GCAMP11_3_59,False,130,80,swap_proximal,250.0,200.0,59,post_swap,GCAMP11,68,3
60,3,GCAMP11_3_60,False,130,80,swap_proximal,250.0,200.0,60,post_swap,GCAMP11,70,3
61,3,GCAMP11_3_61,False,130,80,swap_proximal,250.0,200.0,61,post_swap,GCAMP11,46,3
62,3,GCAMP11_3_62,False,130,80,swap_proximal,250.0,200.0,62,post_swap,GCAMP11,39,3
63,3,GCAMP11_3_63,False,130,80,swap_proximal,250.0,200.0,63,post_swap,GCAMP11,70,3
64,3,GCAMP11_3_64,False,130,80,swap_proximal,250.0,200.0,64,post_swap,GCAMP11,-1,3
65,3,GCAMP11_3_65,False,130,80,swap_proximal,250.0,200.0,65,post_swap,GCAMP11,46,3
66,3,GCAMP11_3_66,False,130,80,swap_proximal,250.0,200.0,66,post_swap,GCAMP11,46,3
67,3,GCAMP11_3_67,False,130,80,swap_proximal,250.0,200.0,67,post_swap,GCAMP11,40,7
68,3,GCAMP11_3_68,False,130,80,swap_proximal,250.0,200.0,68,post_swap,GCAMP11,26,4
69,3,GCAMP11_3_69,False,130,80,swap_proximal,250.0,200.0,69,post_swap,GCAMP11,46,3
70,3,GCAMP11_3_70,True,130,80,swap_proximal,250.0,200.0,70,post_swap,GCAMP11,41,1
71,3,GCAMP11_3_71,False,130,80,swap_proximal,250.0,200.0,71,post_swap,GCAMP11,13,4
72,3,GCAMP11_3_72,False,130,80,swap_proximal,250.0,200.0,72,post_swap,GCAMP11,77,3
73,3,GCAMP11_3_73,False,130,80,swap_proximal,250.0,200.0,73,post_swap,GCAMP11,70,3
74,3,GCAMP11_3_74,False,130,80,swap_proximal,250.0,200.0,74,post_swap,GCAMP11,0,3
75,3,GCAMP11_3_75,False,130,80,swap_proximal,250.0,200.0,75,post_swap,GCAMP11,0,5
76,3,GCAMP11_3_76,False,130,80,swap_proximal,250.0,200.0,76,post_swap,GCAMP11,40,7
77,3,GCAMP11_3_77,False,130,80,swap_proximal,250.0,200.0,77,post_swap,GCAMP11,77,3
78,3,GCAMP11_3_78,False,130,80,swap_proximal,250.0,200.0,78,post_swap,GCAMP11,72,7
79,3,GCAMP11_3_79,False,130,80,swap_proximal,250.0,200.0,79,post_swap,GCAMP11,27,3
0,5,GCAMP11_5_0,True,130,80,swap_distal,370.0,320.0,0,pre_swap,GCAMP11,83,9
1,5,GCAMP11_5_1,True,130,80,swap_distal,370.0,320.0,1,pre_swap,GCAMP11,-1,5
2,5,GCAMP11_5_2,False,130,80,swap_distal,370.0,320.0,2,pre_swap,GCAMP11,77,3
3,5,GCAMP11_5_3,False,130,80,swap_distal,370.0,320.0,3,pre_swap,GCAMP11,77,3
4,5,GCAMP11_5_4,True,130,80,swap_distal,370.0,320.0,4,pre_swap,GCAMP11,26,5
5,5,GCAMP11_5_5,False,130,80,swap_distal,370.0,320.0,5,pre_swap,GCAMP11,35,3
6,5,GCAMP11_5_6,False,130,80,swap_distal,370.0,320.0,6,pre_swap,GCAMP11,20,3
7,5,GCAMP11_5_7,False,130,80,swap_distal,370.0,320.0,7,pre_swap,GCAMP11,39,3
8,5,GCAMP11_5_8,False,130,80,swap_distal,370.0,320.0,8,pre_swap,GCAMP11,44,3
9,5,GCAMP11_5_9,True,130,80,swap_distal,370.0,320.0,9,pre_swap,GCAMP11,27,5
10,5,GCAMP11_5_10,False,130,80,swap_distal,370.0,320.0,10,pre_swap,GCAMP11,39,3
11,5,GCAMP11_5_11,True,130,80,swap_distal,370.0,320.0,11,pre_swap,GCAMP11,31,5
12,5,GCAMP11_5_12,False,130,80,swap_distal,370.0,320.0,12,pre_swap,GCAMP11,46,3
13,5,GCAMP11_5_13,False,130,80,swap_distal,370.0,320.0,13,pre_swap,GCAMP11,44,3
14,5,GCAMP11_5_14,False,130,80,swap_distal,370.0,320.0,14,pre_swap,GCAMP11,44,3
15,5,GCAMP11_5_15,False,130,80,swap_distal,370.0,320.0,15,pre_swap,GCAMP11,46,3
16,5,GCAMP11_5_16,True,130,80,swap_distal,370.0,320.0,16,pre_swap,GCAMP11,26,5
17,5,GCAMP11_5_17,False,130,80,swap_distal,370.0,320.0,17,pre_swap,GCAMP11,34,3
18,5,GCAMP11_5_18,False,130,80,swap_distal,370.0,320.0,18,pre_swap,GCAMP11,77,3
19,5,GCAMP11_5_19,False,130,80,swap_distal,370.0,320.0,19,pre_swap,GCAMP11,16,3
20,5,GCAMP11_5_20,False,130,80,swap_distal,370.0,320.0,20,pre_swap,GCAMP11,39,3
21,5,GCAMP11_5_21,False,130,80,swap_distal,370.0,320.0,21,pre_swap,GCAMP11,44,3
22,5,GCAMP11_5_22,False,130,80,swap_distal,370.0,320.0,22,pre_swap,GCAMP11,44,3
23,5,GCAMP11_5_23,False,130,80,swap_distal,370.0,320.0,23,pre_swap,GCAMP11,46,3
24,5,GCAMP11_5_24,False,130,80,swap_distal,370.0,320.0,24,pre_swap,GCAMP11,46,3
25,5,GCAMP11_5_25,True,130,80,swap_distal,370.0,320.0,25,pre_swap,GCAMP11,31,5
26,5,GCAMP11_5_26,False,130,80,swap_distal,370.0,320.0,26,pre_swap,GCAMP11,39,3
27,5,GCAMP11_5_27,True,130,80,swap_distal,370.0,320.0,27,pre_swap,GCAMP11,26,5
28,5,GCAMP11_5_28,False,130,80,swap_distal,370.0,320.0,28,pre_swap,GCAMP11,46,3
29,5,GCAMP11_5_29,False,130,80,swap_distal,370.0,320.0,29,pre_swap,GCAMP11,77,3
30,5,GCAMP11_5_30,False,370,320,swap_distal,130.0,80.0,30,post_swap,GCAMP11,72,9
31,5,GCAMP11_5_31,False,370,320,swap_distal,130.0,80.0,31,post_swap,GCAMP11,31,9
32,5,GCAMP11_5_32,False,370,320,swap_distal,130.0,80.0,32,post_swap,GCAMP11,31,1
33,5,GCAMP11_5_33,False,370,320,swap_distal,130.0,80.0,33,post_swap,GCAMP11,65,10
34,5,GCAMP11_5_34,False,370,320,swap_distal,130.0,80.0,34,post_swap,GCAMP11,67,1
35,5,GCAMP11_5_35,False,370,320,swap_distal,130.0,80.0,35,post_swap,GCAMP11,65,1
36,5,GCAMP11_5_36,False,370,320,swap_distal,130.0,80.0,36,post_swap,GCAMP11,65,1
37,5,GCAMP11_5_37,False,370,320,swap_distal,130.0,80.0,37,post_swap,GCAMP11,65,1
38,5,GCAMP11_5_38,True,370,320,swap_distal,130.0,80.0,38,post_swap,GCAMP11,78,6
39,5,GCAMP11_5_39,False,370,320,swap_distal,130.0,80.0,39,post_swap,GCAMP11,67,10
40,5,GCAMP11_5_40,False,370,320,swap_distal,130.0,80.0,40,post_swap,GCAMP11,79,6
41,5,GCAMP11_5_41,False,370,320,swap_distal,130.0,80.0,41,post_swap,GCAMP11,36,1
42,5,GCAMP11_5_42,False,370,320,swap_distal,130.0,80.0,42,post_swap,GCAMP11,79,6
43,5,GCAMP11_5_43,False,370,320,swap_distal,130.0,80.0,43,post_swap,GCAMP11,65,1
44,5,GCAMP11_5_44,False,370,320,swap_distal,130.0,80.0,44,post_swap,GCAMP11,41,6
45,5,GCAMP11_5_45,False,370,320,swap_distal,130.0,80.0,45,post_swap,GCAMP11,41,2
46,5,GCAMP11_5_46,False,370,320,swap_distal,130.0,80.0,46,post_swap,GCAMP11,21,2
47,5,GCAMP11_5_47,False,370,320,swap_distal,130.0,80.0,47,post_swap,GCAMP11,96,2
48,5,GCAMP11_5_48,False,370,320,swap_distal,130.0,80.0,48,post_swap,GCAMP11,25,2
49,5,GCAMP11_5_49,False,370,320,swap_distal,130.0,80.0,49,post_swap,GCAMP11,25,2
50,5,GCAMP11_5_50,False,370,320,swap_distal,130.0,80.0,50,post_swap,GCAMP11,38,2
51,5,GCAMP11_5_51,False,370,320,swap_distal,130.0,80.0,51,post_swap,GCAMP11,88,2
52,5,GCAMP11_5_52,False,370,320,swap_distal,130.0,80.0,52,post_swap,GCAMP11,88,2
53,5,GCAMP11_5_53,False,370,320,swap_distal,130.0,80.0,53,post_swap,GCAMP11,87,2
54,5,GCAMP11_5_54,False,370,320,swap_distal,130.0,80.0,54,post_swap,GCAMP11,74,3
55,5,GCAMP11_5_55,False,370,320,swap_distal,130.0,80.0,55,post_swap,GCAMP11,87,2
56,5,GCAMP11_5_56,False,370,320,swap_distal,130.0,80.0,56,post_swap,GCAMP11,73,2
57,5,GCAMP11_5_57,False,370,320,swap_distal,130.0,80.0,57,post_swap,GCAMP11,96,2
58,5,GCAMP11_5_58,False,370,320,swap_distal,130.0,80.0,58,post_swap,GCAMP11,11,3
59,5,GCAMP11_5_59,True,370,320,swap_distal,130.0,80.0,59,post_swap,GCAMP11,29,0
60,5,GCAMP11_5_60,False,370,320,swap_distal,130.0,80.0,60,post_swap,GCAMP11,65,1
61,5,GCAMP11_5_61,False,370,320,swap_distal,130.0,80.0,61,post_swap,GCAMP11,38,2
62,5,GCAMP11_5_62,False,370,320,swap_distal,130.0,80.0,62,post_swap,GCAMP11,38,2
63,5,GCAMP11_5_63,False,370,320,swap_distal,130.0,80.0,63,post_swap,GCAMP11,36,1
64,5,GCAMP11_5_64,False,370,320,swap_distal,130.0,80.0,64,post_swap,GCAMP11,88,2
65,5,GCAMP11_5_65,True,370,320,swap_distal,130.0,80.0,65,post_swap,GCAMP11,57,0
66,5,GCAMP11_5_66,False,370,320,swap_distal,130.0,80.0,66,post_swap,GCAMP11,65,1
67,5,GCAMP11_5_67,False,370,320,swap_distal,130.0,80.0,67,post_swap,GCAMP11,75,3
68,5,GCAMP11_5_68,False,370,320,swap_distal,130.0,80.0,68,post_swap,GCAMP11,73,2
69,5,GCAMP11_5_69,False,370,320,swap_distal,130.0,80.0,69,post_swap,GCAMP11,25,2
70,5,GCAMP11_5_70,False,370,320,swap_distal,130.0,80.0,70,post_swap,GCAMP11,90,2
71,5,GCAMP11_5_71,False,370,320,swap_distal,130.0,80.0,71,post_swap,GCAMP11,75,2
72,5,GCAMP11_5_72,False,370,320,swap_distal,130.0,80.0,72,post_swap,GCAMP11,21,2
73,5,GCAMP11_5_73,False,370,320,swap_distal,130.0,80.0,73,post_swap,GCAMP11,7,2
74,5,GCAMP11_5_74,False,370,320,swap_distal,130.0,80.0,74,post_swap,GCAMP11,-1,0
75,5,GCAMP11_5_75,False,370,320,swap_distal,130.0,80.0,75,post_swap,GCAMP11,91,2
76,5,GCAMP11_5_76,False,370,320,swap_distal,130.0,80.0,76,post_swap,GCAMP11,73,2
77,5,GCAMP11_5_77,False,370,320,swap_distal,130.0,80.0,77,post_swap,GCAMP11,25,2
78,5,GCAMP11_5_78,False,370,320,swap_distal,130.0,80.0,78,post_swap,GCAMP11,25,2
79,5,GCAMP11_5_79,False,370,320,swap_distal,130.0,80.0,79,post_swap,GCAMP11,88,2
0,7,GCAMP11_7_0,False,370,320,swap_proximal,250.0,200.0,0,pre_swap,GCAMP11,67,10
1,7,GCAMP11_7_1,False,370,320,swap_proximal,250.0,200.0,1,pre_swap,GCAMP11,5,2
2,7,GCAMP11_7_2,False,370,320,swap_proximal,250.0,200.0,2,pre_swap,GCAMP11,5,2
3,7,GCAMP11_7_3,False,370,320,swap_proximal,250.0,200.0,3,pre_swap,GCAMP11,87,2
4,7,GCAMP11_7_4,False,370,320,swap_proximal,250.0,200.0,4,pre_swap,GCAMP11,54,3
5,7,GCAMP11_7_5,True,370,320,swap_proximal,250.0,200.0,5,pre_swap,GCAMP11,56,0
6,7,GCAMP11_7_6,False,370,320,swap_proximal,250.0,200.0,6,pre_swap,GCAMP11,-1,0
7,7,GCAMP11_7_7,False,370,320,swap_proximal,250.0,200.0,7,pre_swap,GCAMP11,11,3
8,7,GCAMP11_7_8,False,370,320,swap_proximal,250.0,200.0,8,pre_swap,GCAMP11,54,3
9,7,GCAMP11_7_9,False,370,320,swap_proximal,250.0,200.0,9,pre_swap,GCAMP11,54,3
10,7,GCAMP11_7_10,False,370,320,swap_proximal,250.0,200.0,10,pre_swap,GCAMP11,11,3
11,7,GCAMP11_7_11,False,370,320,swap_proximal,250.0,200.0,11,pre_swap,GCAMP11,89,2
12,7,GCAMP11_7_12,True,370,320,swap_proximal,250.0,200.0,12,pre_swap,GCAMP11,56,0
13,7,GCAMP11_7_13,False,370,320,swap_proximal,250.0,200.0,13,pre_swap,GCAMP11,30,2
14,7,GCAMP11_7_14,False,370,320,swap_proximal,250.0,200.0,14,pre_swap,GCAMP11,89,3
15,7,GCAMP11_7_15,False,370,320,swap_proximal,250.0,200.0,15,pre_swap,GCAMP11,89,3
16,7,GCAMP11_7_16,False,370,320,swap_proximal,250.0,200.0,16,pre_swap,GCAMP11,-1,0
17,7,GCAMP11_7_17,False,370,320,swap_proximal,250.0,200.0,17,pre_swap,GCAMP11,64,1
18,7,GCAMP11_7_18,True,370,320,swap_proximal,250.0,200.0,18,pre_swap,GCAMP11,56,0
19,7,GCAMP11_7_19,False,370,320,swap_proximal,250.0,200.0,19,pre_swap,GCAMP11,54,3
20,7,GCAMP11_7_20,False,370,320,swap_proximal,250.0,200.0,20,pre_swap,GCAMP11,-1,3
21,7,GCAMP11_7_21,False,370,320,swap_proximal,250.0,200.0,21,pre_swap,GCAMP11,75,3
22,7,GCAMP11_7_22,True,370,320,swap_proximal,250.0,200.0,22,pre_swap,GCAMP11,57,0
23,7,GCAMP11_7_23,False,370,320,swap_proximal,250.0,200.0,23,pre_swap,GCAMP11,88,2
24,7,GCAMP11_7_24,True,370,320,swap_proximal,250.0,200.0,24,pre_swap,GCAMP11,50,0
25,7,GCAMP11_7_25,True,370,320,swap_proximal,250.0,200.0,25,pre_swap,GCAMP11,2,0
26,7,GCAMP11_7_26,False,370,320,swap_proximal,250.0,200.0,26,pre_swap,GCAMP11,11,3
27,7,GCAMP11_7_27,False,370,320,swap_proximal,250.0,200.0,27,pre_swap,GCAMP11,74,3
28,7,GCAMP11_7_28,False,370,320,swap_proximal,250.0,200.0,28,pre_swap,GCAMP11,75,3
29,7,GCAMP11_7_29,False,370,320,swap_proximal,250.0,200.0,29,pre_swap,GCAMP11,92,3
30,7,GCAMP11_7_30,False,250,200,swap_proximal,370.0,320.0,30,post_swap,GCAMP11,3,0
31,7,GCAMP11_7_31,False,250,200,swap_proximal,370.0,320.0,31,post_swap,GCAMP11,7,0
32,7,GCAMP11_7_32,False,250,200,swap_proximal,370.0,320.0,32,post_swap,GCAMP11,90,0
33,7,GCAMP11_7_33,False,250,200,swap_proximal,370.0,320.0,33,post_swap,GCAMP11,41,1
34,7,GCAMP11_7_34,False,250,200,swap_proximal,370.0,320.0,34,post_swap,GCAMP11,60,6
35,7,GCAMP11_7_35,True,250,200,swap_proximal,370.0,320.0,35,post_swap,GCAMP11,60,6
36,7,GCAMP11_7_36,False,250,200,swap_proximal,370.0,320.0,36,post_swap,GCAMP11,85,10
37,7,GCAMP11_7_37,False,250,200,swap_proximal,370.0,320.0,37,post_swap,GCAMP11,9,6
38,7,GCAMP11_7_38,True,250,200,swap_proximal,370.0,320.0,38,post_swap,GCAMP11,1,6
39,7,GCAMP11_7_39,False,250,200,swap_proximal,370.0,320.0,39,post_swap,GCAMP11,41,1
40,7,GCAMP11_7_40,False,250,200,swap_proximal,370.0,320.0,40,post_swap,GCAMP11,79,6
41,7,GCAMP11_7_41,False,250,200,swap_proximal,370.0,320.0,41,post_swap,GCAMP11,9,2
42,7,GCAMP11_7_42,True,250,200,swap_proximal,370.0,320.0,42,post_swap,GCAMP11,64,10
43,7,GCAMP11_7_43,True,250,200,swap_proximal,370.0,320.0,43,post_swap,GCAMP11,60,6
44,7,GCAMP11_7_44,True,250,200,swap_proximal,370.0,320.0,44,post_swap,GCAMP11,79,6
45,7,GCAMP11_7_45,False,250,200,swap_proximal,370.0,320.0,45,post_swap,GCAMP11,4,9
46,7,GCAMP11_7_46,True,250,200,swap_proximal,370.0,320.0,46,post_swap,GCAMP11,91,2
47,7,GCAMP11_7_47,False,250,200,swap_proximal,370.0,320.0,47,post_swap,GCAMP11,81,4
48,7,GCAMP11_7_48,True,250,200,swap_proximal,370.0,320.0,48,post_swap,GCAMP11,21,2
49,7,GCAMP11_7_49,False,250,200,swap_proximal,370.0,320.0,49,post_swap,GCAMP11,63,4
50,7,GCAMP11_7_50,False,250,200,swap_proximal,370.0,320.0,50,post_swap,GCAMP11,4,4
51,7,GCAMP11_7_51,False,250,200,swap_proximal,370.0,320.0,51,post_swap,GCAMP11,61,4
52,7,GCAMP11_7_52,False,250,200,swap_proximal,370.0,320.0,52,post_swap,GCAMP11,36,6
53,7,GCAMP11_7_53,False,250,200,swap_proximal,370.0,320.0,53,post_swap,GCAMP11,4,9
54,7,GCAMP11_7_54,True,250,200,swap_proximal,370.0,320.0,54,post_swap,GCAMP11,36,1
55,7,GCAMP11_7_55,False,250,200,swap_proximal,370.0,320.0,55,post_swap,GCAMP11,4,5
56,7,GCAMP11_7_56,False,250,200,swap_proximal,370.0,320.0,56,post_swap,GCAMP11,4,4
57,7,GCAMP11_7_57,False,250,200,swap_proximal,370.0,320.0,57,post_swap,GCAMP11,58,5
58,7,GCAMP11_7_58,False,250,200,swap_proximal,370.0,320.0,58,post_swap,GCAMP11,4,4
59,7,GCAMP11_7_59,False,250,200,swap_proximal,370.0,320.0,59,post_swap,GCAMP11,18,4
60,7,GCAMP11_7_60,False,250,200,swap_proximal,370.0,320.0,60,post_swap,GCAMP11,81,4
61,7,GCAMP11_7_61,False,250,200,swap_proximal,370.0,320.0,61,post_swap,GCAMP11,58,4
62,7,GCAMP11_7_62,True,250,200,swap_proximal,370.0,320.0,62,post_swap,GCAMP11,90,0
63,7,GCAMP11_7_63,False,250,200,swap_proximal,370.0,320.0,63,post_swap,GCAMP11,6,4
64,7,GCAMP11_7_64,False,250,200,swap_proximal,370.0,320.0,64,post_swap,GCAMP11,6,4
65,7,GCAMP11_7_65,False,250,200,swap_proximal,370.0,320.0,65,post_swap,GCAMP11,81,4
66,7,GCAMP11_7_66,False,250,200,swap_proximal,370.0,320.0,66,post_swap,GCAMP11,81,4
67,7,GCAMP11_7_67,False,250,200,swap_proximal,370.0,320.0,67,post_swap,GCAMP11,81,4
68,7,GCAMP11_7_68,False,250,200,swap_proximal,370.0,320.0,68,post_swap,GCAMP11,81,4
69,7,GCAMP11_7_69,False,250,200,swap_proximal,370.0,320.0,69,post_swap,GCAMP11,81,4
70,7,GCAMP11_7_70,False,250,200,swap_proximal,370.0,320.0,70,post_swap,GCAMP11,81,4
71,7,GCAMP11_7_71,False,250,200,swap_proximal,370.0,320.0,71,post_swap,GCAMP11,81,4
72,7,GCAMP11_7_72,False,250,200,swap_proximal,370.0,320.0,72,post_swap,GCAMP11,81,4
73,7,GCAMP11_7_73,False,250,200,swap_proximal,370.0,320.0,73,post_swap,GCAMP11,81,4
74,7,GCAMP11_7_74,False,250,200,swap_proximal,370.0,320.0,74,post_swap,GCAMP11,81,4
75,7,GCAMP11_7_75,False,250,200,swap_proximal,370.0,320.0,75,post_swap,GCAMP11,63,5
76,7,GCAMP11_7_76,False,250,200,swap_proximal,370.0,320.0,76,post_swap,GCAMP11,81,4
77,7,GCAMP11_7_77,False,250,200,swap_proximal,370.0,320.0,77,post_swap,GCAMP11,33,4
78,7,GCAMP11_7_78,False,250,200,swap_proximal,370.0,320.0,78,post_swap,GCAMP11,6,4
79,7,GCAMP11_7_79,False,250,200,swap_proximal,370.0,320.0,79,post_swap,GCAMP11,61,4
0,8,GCAMP11_8_0,False,250,200,swap_distal,370.0,320.0,0,pre_swap,GCAMP11,82,9
1,8,GCAMP11_8_1,False,250,200,swap_distal,370.0,320.0,1,pre_swap,GCAMP11,33,4
2,8,GCAMP11_8_2,False,250,200,swap_distal,370.0,320.0,2,pre_swap,GCAMP11,9,4
3,8,GCAMP11_8_3,False,250,200,swap_distal,370.0,320.0,3,pre_swap,GCAMP11,81,4
4,8,GCAMP11_8_4,False,250,200,swap_distal,370.0,320.0,4,pre_swap,GCAMP11,62,4
5,8,GCAMP11_8_5,False,250,200,swap_distal,370.0,320.0,5,pre_swap,GCAMP11,81,4
6,8,GCAMP11_8_6,False,250,200,swap_distal,370.0,320.0,6,pre_swap,GCAMP11,81,4
7,8,GCAMP11_8_7,False,250,200,swap_distal,370.0,320.0,7,pre_swap,GCAMP11,6,4
8,8,GCAMP11_8_8,False,250,200,swap_distal,370.0,320.0,8,pre_swap,GCAMP11,61,4
9,8,GCAMP11_8_9,True,250,200,swap_distal,370.0,320.0,9,pre_swap,GCAMP11,-1,0
10,8,GCAMP11_8_10,False,250,200,swap_distal,370.0,320.0,10,pre_swap,GCAMP11,81,4
11,8,GCAMP11_8_11,False,250,200,swap_distal,370.0,320.0,11,pre_swap,GCAMP11,81,4
12,8,GCAMP11_8_12,False,250,200,swap_distal,370.0,320.0,12,pre_swap,GCAMP11,81,4
13,8,GCAMP11_8_13,False,250,200,swap_distal,370.0,320.0,13,pre_swap,GCAMP11,81,4
14,8,GCAMP11_8_14,False,250,200,swap_distal,370.0,320.0,14,pre_swap,GCAMP11,6,4
15,8,GCAMP11_8_15,False,250,200,swap_distal,370.0,320.0,15,pre_swap,GCAMP11,62,4
16,8,GCAMP11_8_16,True,250,200,swap_distal,370.0,320.0,16,pre_swap,GCAMP11,97,0
17,8,GCAMP11_8_17,False,250,200,swap_distal,370.0,320.0,17,pre_swap,GCAMP11,58,4
18,8,GCAMP11_8_18,False,250,200,swap_distal,370.0,320.0,18,pre_swap,GCAMP11,62,4
19,8,GCAMP11_8_19,False,250,200,swap_distal,370.0,320.0,19,pre_swap,GCAMP11,9,4
20,8,GCAMP11_8_20,False,250,200,swap_distal,370.0,320.0,20,pre_swap,GCAMP11,9,4
21,8,GCAMP11_8_21,False,250,200,swap_distal,370.0,320.0,21,pre_swap,GCAMP11,58,4
22,8,GCAMP11_8_22,False,250,200,swap_distal,370.0,320.0,22,pre_swap,GCAMP11,62,4
23,8,GCAMP11_8_23,False,250,200,swap_distal,370.0,320.0,23,pre_swap,GCAMP11,-1,0
24,8,GCAMP11_8_24,True,250,200,swap_distal,370.0,320.0,24,pre_swap,GCAMP11,28,0
25,8,GCAMP11_8_25,False,250,200,swap_distal,370.0,320.0,25,pre_swap,GCAMP11,4,9
26,8,GCAMP11_8_26,False,250,200,swap_distal,370.0,320.0,26,pre_swap,GCAMP11,63,4
27,8,GCAMP11_8_27,False,250,200,swap_distal,370.0,320.0,27,pre_swap,GCAMP11,81,4
28,8,GCAMP11_8_28,False,250,200,swap_distal,370.0,320.0,28,pre_swap,GCAMP11,81,4
29,8,GCAMP11_8_29,True,250,200,swap_distal,370.0,320.0,29,pre_swap,GCAMP11,-1,0
30,8,GCAMP11_8_30,False,370,320,swap_distal,250.0,200.0,30,post_swap,GCAMP11,65,1
31,8,GCAMP11_8_31,False,370,320,swap_distal,250.0,200.0,31,post_swap,GCAMP11,36,1
32,8,GCAMP11_8_32,False,370,320,swap_distal,250.0,200.0,32,post_swap,GCAMP11,99,0
33,8,GCAMP11_8_33,False,370,320,swap_distal,250.0,200.0,33,post_swap,GCAMP11,90,2
34,8,GCAMP11_8_34,False,370,320,swap_distal,250.0,200.0,34,post_swap,GCAMP11,25,2
35,8,GCAMP11_8_35,False,370,320,swap_distal,250.0,200.0,35,post_swap,GCAMP11,73,2
36,8,GCAMP11_8_36,True,370,320,swap_distal,250.0,200.0,36,post_swap,GCAMP11,57,0
37,8,GCAMP11_8_37,False,370,320,swap_distal,250.0,200.0,37,post_swap,GCAMP11,87,2
38,8,GCAMP11_8_38,False,370,320,swap_distal,250.0,200.0,38,post_swap,GCAMP11,19,2
39,8,GCAMP11_8_39,False,370,320,swap_distal,250.0,200.0,39,post_swap,GCAMP11,38,2
40,8,GCAMP11_8_40,False,370,320,swap_distal,250.0,200.0,40,post_swap,GCAMP11,88,2
41,8,GCAMP11_8_41,False,370,320,swap_distal,250.0,200.0,41,post_swap,GCAMP11,88,2
42,8,GCAMP11_8_42,False,370,320,swap_distal,250.0,200.0,42,post_swap,GCAMP11,88,2
43,8,GCAMP11_8_43,False,370,320,swap_distal,250.0,200.0,43,post_swap,GCAMP11,87,2
44,8,GCAMP11_8_44,False,370,320,swap_distal,250.0,200.0,44,post_swap,GCAMP11,2,2
45,8,GCAMP11_8_45,False,370,320,swap_distal,250.0,200.0,45,post_swap,GCAMP11,87,2
46,8,GCAMP11_8_46,False,370,320,swap_distal,250.0,200.0,46,post_swap,GCAMP11,49,2
47,8,GCAMP11_8_47,False,370,320,swap_distal,250.0,200.0,47,post_swap,GCAMP11,73,2
48,8,GCAMP11_8_48,False,370,320,swap_distal,250.0,200.0,48,post_swap,GCAMP11,87,2
49,8,GCAMP11_8_49,True,370,320,swap_distal,250.0,200.0,49,post_swap,GCAMP11,57,0
50,8,GCAMP11_8_50,False,370,320,swap_distal,250.0,200.0,50,post_swap,GCAMP11,5,2
51,8,GCAMP11_8_51,False,370,320,swap_distal,250.0,200.0,51,post_swap,GCAMP11,11,3
52,8,GCAMP11_8_52,False,370,320,swap_distal,250.0,200.0,52,post_swap,GCAMP11,87,2
53,8,GCAMP11_8_53,False,370,320,swap_distal,250.0,200.0,53,post_swap,GCAMP11,5,2
54,8,GCAMP11_8_54,False,370,320,swap_distal,250.0,200.0,54,post_swap,GCAMP11,19,2
55,8,GCAMP11_8_55,True,370,320,swap_distal,250.0,200.0,55,post_swap,GCAMP11,3,0
56,8,GCAMP11_8_56,False,370,320,swap_distal,250.0,200.0,56,post_swap,GCAMP11,88,2
57,8,GCAMP11_8_57,False,370,320,swap_distal,250.0,200.0,57,post_swap,GCAMP11,24,2
58,8,GCAMP11_8_58,False,370,320,swap_distal,250.0,200.0,58,post_swap,GCAMP11,74,3
59,8,GCAMP11_8_59,False,370,320,swap_distal,250.0,200.0,59,post_swap,GCAMP11,89,3
60,8,GCAMP11_8_60,False,370,320,swap_distal,250.0,200.0,60,post_swap,GCAMP11,75,3
61,8,GCAMP11_8_61,False,370,320,swap_distal,250.0,200.0,61,post_swap,GCAMP11,38,2
62,8,GCAMP11_8_62,False,370,320,swap_distal,250.0,200.0,62,post_swap,GCAMP11,88,2
63,8,GCAMP11_8_63,False,370,320,swap_distal,250.0,200.0,63,post_swap,GCAMP11,81,0
64,8,GCAMP11_8_64,False,370,320,swap_distal,250.0,200.0,64,post_swap,GCAMP11,-1,2
65,8,GCAMP11_8_65,False,370,320,swap_distal,250.0,200.0,65,post_swap,GCAMP11,54,3
66,8,GCAMP11_8_66,True,370,320,swap_distal,250.0,200.0,66,post_swap,GCAMP11,57,0
67,8,GCAMP11_8_67,False,370,320,swap_distal,250.0,200.0,67,post_swap,GCAMP11,1,2
68,8,GCAMP11_8_68,True,370,320,swap_distal,250.0,200.0,68,post_swap,GCAMP11,57,0
69,8,GCAMP11_8_69,True,370,320,swap_distal,250.0,200.0,69,post_swap,GCAMP11,57,0
70,8,GCAMP11_8_70,False,370,320,swap_distal,250.0,200.0,70,post_swap,GCAMP11,7,2
71,8,GCAMP11_8_71,False,370,320,swap_distal,250.0,200.0,71,post_swap,GCAMP11,74,2
72,8,GCAMP11_8_72,True,370,320,swap_distal,250.0,200.0,72,post_swap,GCAMP11,3,0
73,8,GCAMP11_8_73,False,370,320,swap_distal,250.0,200.0,73,post_swap,GCAMP11,91,2
74,8,GCAMP11_8_74,False,370,320,swap_distal,250.0,200.0,74,post_swap,GCAMP11,88,2
75,8,GCAMP11_8_75,False,370,320,swap_distal,250.0,200.0,75,post_swap,GCAMP11,30,2
76,8,GCAMP11_8_76,False,370,320,swap_distal,250.0,200.0,76,post_swap,GCAMP11,2,2
77,8,GCAMP11_8_77,True,370,320,swap_distal,250.0,200.0,77,post_swap,GCAMP11,2,0
78,8,GCAMP11_8_78,False,370,320,swap_distal,250.0,200.0,78,post_swap,GCAMP11,24,2
79,8,GCAMP11_8_79,False,370,320,swap_distal,250.0,200.0,79,post_swap,GCAMP11,99,2
0,10,GCAMP11_10_0,True,370,320,swap_proximal,130.0,80.0,0,pre_swap,GCAMP11,3,0
1,10,GCAMP11_10_1,False,370,320,swap_proximal,130.0,80.0,1,pre_swap,GCAMP11,-1,0
2,10,GCAMP11_10_2,False,370,320,swap_proximal,130.0,80.0,2,pre_swap,GCAMP11,73,2
3,10,GCAMP11_10_3,False,370,320,swap_proximal,130.0,80.0,3,pre_swap,GCAMP11,88,2
4,10,GCAMP11_10_4,False,370,320,swap_proximal,130.0,80.0,4,pre_swap,GCAMP11,73,2
5,10,GCAMP11_10_5,False,370,320,swap_proximal,130.0,80.0,5,pre_swap,GCAMP11,92,3
6,10,GCAMP11_10_6,True,370,320,swap_proximal,130.0,80.0,6,pre_swap,GCAMP11,57,0
7,10,GCAMP11_10_7,False,370,320,swap_proximal,130.0,80.0,7,pre_swap,GCAMP11,-1,2
8,10,GCAMP11_10_8,False,370,320,swap_proximal,130.0,80.0,8,pre_swap,GCAMP11,89,2
9,10,GCAMP11_10_9,False,370,320,swap_proximal,130.0,80.0,9,pre_swap,GCAMP11,74,3
10,10,GCAMP11_10_10,False,370,320,swap_proximal,130.0,80.0,10,pre_swap,GCAMP11,88,2
11,10,GCAMP11_10_11,False,370,320,swap_proximal,130.0,80.0,11,pre_swap,GCAMP11,75,3
12,10,GCAMP11_10_12,False,370,320,swap_proximal,130.0,80.0,12,pre_swap,GCAMP11,11,2
13,10,GCAMP11_10_13,False,370,320,swap_proximal,130.0,80.0,13,pre_swap,GCAMP11,84,2
14,10,GCAMP11_10_14,False,370,320,swap_proximal,130.0,80.0,14,pre_swap,GCAMP11,11,3
15,10,GCAMP11_10_15,False,370,320,swap_proximal,130.0,80.0,15,pre_swap,GCAMP11,92,3
16,10,GCAMP11_10_16,False,370,320,swap_proximal,130.0,80.0,16,pre_swap,GCAMP11,50,0
17,10,GCAMP11_10_17,False,370,320,swap_proximal,130.0,80.0,17,pre_swap,GCAMP11,92,3
18,10,GCAMP11_10_18,False,370,320,swap_proximal,130.0,80.0,18,pre_swap,GCAMP11,30,2
19,10,GCAMP11_10_19,False,370,320,swap_proximal,130.0,80.0,19,pre_swap,GCAMP11,11,3
20,10,GCAMP11_10_20,False,370,320,swap_proximal,130.0,80.0,20,pre_swap,GCAMP11,11,3
21,10,GCAMP11_10_21,True,370,320,swap_proximal,130.0,80.0,21,pre_swap,GCAMP11,57,0
22,10,GCAMP11_10_22,False,370,320,swap_proximal,130.0,80.0,22,pre_swap,GCAMP11,11,2
23,10,GCAMP11_10_23,False,370,320,swap_proximal,130.0,80.0,23,pre_swap,GCAMP11,87,2
24,10,GCAMP11_10_24,False,370,320,swap_proximal,130.0,80.0,24,pre_swap,GCAMP11,73,2
25,10,GCAMP11_10_25,False,370,320,swap_proximal,130.0,80.0,25,pre_swap,GCAMP11,-1,2
26,10,GCAMP11_10_26,False,370,320,swap_proximal,130.0,80.0,26,pre_swap,GCAMP11,87,2
27,10,GCAMP11_10_27,False,370,320,swap_proximal,130.0,80.0,27,pre_swap,GCAMP11,92,3
28,10,GCAMP11_10_28,False,370,320,swap_proximal,130.0,80.0,28,pre_swap,GCAMP11,56,0
29,10,GCAMP11_10_29,False,370,320,swap_proximal,130.0,80.0,29,pre_swap,GCAMP11,-1,0
30,10,GCAMP11_10_30,False,130,80,swap_proximal,370.0,320.0,30,post_swap,GCAMP11,79,6
31,10,GCAMP11_10_31,False,130,80,swap_proximal,370.0,320.0,31,post_swap,GCAMP11,57,6
32,10,GCAMP11_10_32,False,130,80,swap_proximal,370.0,320.0,32,post_swap,GCAMP11,57,6
33,10,GCAMP11_10_33,False,130,80,swap_proximal,370.0,320.0,33,post_swap,GCAMP11,72,10
34,10,GCAMP11_10_34,False,130,80,swap_proximal,370.0,320.0,34,post_swap,GCAMP11,72,7
35,10,GCAMP11_10_35,True,130,80,swap_proximal,370.0,320.0,35,post_swap,GCAMP11,86,10
36,10,GCAMP11_10_36,True,130,80,swap_proximal,370.0,320.0,36,post_swap,GCAMP11,86,10
37,10,GCAMP11_10_37,False,130,80,swap_proximal,370.0,320.0,37,post_swap,GCAMP11,78,10
38,10,GCAMP11_10_38,True,130,80,swap_proximal,370.0,320.0,38,post_swap,GCAMP11,86,10
39,10,GCAMP11_10_39,False,130,80,swap_proximal,370.0,320.0,39,post_swap,GCAMP11,72,10
40,10,GCAMP11_10_40,True,130,80,swap_proximal,370.0,320.0,40,post_swap,GCAMP11,86,10
41,10,GCAMP11_10_41,True,130,80,swap_proximal,370.0,320.0,41,post_swap,GCAMP11,86,10
42,10,GCAMP11_10_42,False,130,80,swap_proximal,370.0,320.0,42,post_swap,GCAMP11,72,7
43,10,GCAMP11_10_43,False,130,80,swap_proximal,370.0,320.0,43,post_swap,GCAMP11,86,10
44,10,GCAMP11_10_44,False,130,80,swap_proximal,370.0,320.0,44,post_swap,GCAMP11,72,7
45,10,GCAMP11_10_45,False,130,80,swap_proximal,370.0,320.0,45,post_swap,GCAMP11,86,10
46,10,GCAMP11_10_46,False,130,80,swap_proximal,370.0,320.0,46,post_swap,GCAMP11,48,8
47,10,GCAMP11_10_47,False,130,80,swap_proximal,370.0,320.0,47,post_swap,GCAMP11,72,8
48,10,GCAMP11_10_48,False,130,80,swap_proximal,370.0,320.0,48,post_swap,GCAMP11,72,8
49,10,GCAMP11_10_49,False,130,80,swap_proximal,370.0,320.0,49,post_swap,GCAMP11,72,7
50,10,GCAMP11_10_50,False,130,80,swap_proximal,370.0,320.0,50,post_swap,GCAMP11,72,8
51,10,GCAMP11_10_51,False,130,80,swap_proximal,370.0,320.0,51,post_swap,GCAMP11,48,8
52,10,GCAMP11_10_52,False,130,80,swap_proximal,370.0,320.0,52,post_swap,GCAMP11,72,7
53,10,GCAMP11_10_53,False,130,80,swap_proximal,370.0,320.0,53,post_swap,GCAMP11,72,7
54,10,GCAMP11_10_54,False,130,80,swap_proximal,370.0,320.0,54,post_swap,GCAMP11,72,7
55,10,GCAMP11_10_55,False,130,80,swap_proximal,370.0,320.0,55,post_swap,GCAMP11,40,7
56,10,GCAMP11_10_56,False,130,80,swap_proximal,370.0,320.0,56,post_swap,GCAMP11,70,3
57,10,GCAMP11_10_57,False,130,80,swap_proximal,370.0,320.0,57,post_swap,GCAMP11,44,3
58,10,GCAMP11_10_58,False,130,80,swap_proximal,370.0,320.0,58,post_swap,GCAMP11,72,10
59,10,GCAMP11_10_59,False,130,80,swap_proximal,370.0,320.0,59,post_swap,GCAMP11,44,3
60,10,GCAMP11_10_60,False,130,80,swap_proximal,370.0,320.0,60,post_swap,GCAMP11,72,7
61,10,GCAMP11_10_61,False,130,80,swap_proximal,370.0,320.0,61,post_swap,GCAMP11,40,7
62,10,GCAMP11_10_62,False,130,80,swap_proximal,370.0,320.0,62,post_swap,GCAMP11,72,7
63,10,GCAMP11_10_63,False,130,80,swap_proximal,370.0,320.0,63,post_swap,GCAMP11,72,8
64,10,GCAMP11_10_64,False,130,80,swap_proximal,370.0,320.0,64,post_swap,GCAMP11,40,7
65,10,GCAMP11_10_65,False,130,80,swap_proximal,370.0,320.0,65,post_swap,GCAMP11,70,7
66,10,GCAMP11_10_66,False,130,80,swap_proximal,370.0,320.0,66,post_swap,GCAMP11,72,7
67,10,GCAMP11_10_67,False,130,80,swap_proximal,370.0,320.0,67,post_swap,GCAMP11,39,3
68,10,GCAMP11_10_68,False,130,80,swap_proximal,370.0,320.0,68,post_swap,GCAMP11,46,3
69,10,GCAMP11_10_69,False,130,80,swap_proximal,370.0,320.0,69,post_swap,GCAMP11,44,3
70,10,GCAMP11_10_70,False,130,80,swap_proximal,370.0,320.0,70,post_swap,GCAMP11,0,3
71,10,GCAMP11_10_71,False,130,80,swap_proximal,370.0,320.0,71,post_swap,GCAMP11,48,6
72,10,GCAMP11_10_72,False,130,80,swap_proximal,370.0,320.0,72,post_swap,GCAMP11,72,7
73,10,GCAMP11_10_73,False,130,80,swap_proximal,370.0,320.0,73,post_swap,GCAMP11,39,3
74,10,GCAMP11_10_74,True,130,80,swap_proximal,370.0,320.0,74,post_swap,GCAMP11,78,6
75,10,GCAMP11_10_75,False,130,80,swap_proximal,370.0,320.0,75,post_swap,GCAMP11,39,7
76,10,GCAMP11_10_76,False,130,80,swap_proximal,370.0,320.0,76,post_swap,GCAMP11,72,7
77,10,GCAMP11_10_77,True,130,80,swap_proximal,370.0,320.0,77,post_swap,GCAMP11,65,1
78,10,GCAMP11_10_78,False,130,80,swap_proximal,370.0,320.0,78,post_swap,GCAMP11,40,3
79,10,GCAMP11_10_79,False,130,80,swap_proximal,370.0,320.0,79,post_swap,GCAMP11,70,3
0,12,GCAMP11_12_0,False,130,80,swap_distal,250.0,200.0,0,pre_swap,GCAMP11,72,8
1,12,GCAMP11_12_1,False,130,80,swap_distal,250.0,200.0,1,pre_swap,GCAMP11,70,3
2,12,GCAMP11_12_2,False,130,80,swap_distal,250.0,200.0,2,pre_swap,GCAMP11,77,3
3,12,GCAMP11_12_3,False,130,80,swap_distal,250.0,200.0,3,pre_swap,GCAMP11,27,3
4,12,GCAMP11_12_4,False,130,80,swap_distal,250.0,200.0,4,pre_swap,GCAMP11,16,3
5,12,GCAMP11_12_5,False,130,80,swap_distal,250.0,200.0,5,pre_swap,GCAMP11,46,3
6,12,GCAMP11_12_6,False,130,80,swap_distal,250.0,200.0,6,pre_swap,GCAMP11,77,3
7,12,GCAMP11_12_7,True,130,80,swap_distal,250.0,200.0,7,pre_swap,GCAMP11,52,9
8,12,GCAMP11_12_8,False,130,80,swap_distal,250.0,200.0,8,pre_swap,GCAMP11,35,3
9,12,GCAMP11_12_9,False,130,80,swap_distal,250.0,200.0,9,pre_swap,GCAMP11,76,3
10,12,GCAMP11_12_10,False,130,80,swap_distal,250.0,200.0,10,pre_swap,GCAMP11,77,3
11,12,GCAMP11_12_11,True,130,80,swap_distal,250.0,200.0,11,pre_swap,GCAMP11,31,5
12,12,GCAMP11_12_12,False,130,80,swap_distal,250.0,200.0,12,pre_swap,GCAMP11,76,3
13,12,GCAMP11_12_13,True,130,80,swap_distal,250.0,200.0,13,pre_swap,GCAMP11,52,9
14,12,GCAMP11_12_14,False,130,80,swap_distal,250.0,200.0,14,pre_swap,GCAMP11,16,3
15,12,GCAMP11_12_15,False,130,80,swap_distal,250.0,200.0,15,pre_swap,GCAMP11,35,3
16,12,GCAMP11_12_16,False,130,80,swap_distal,250.0,200.0,16,pre_swap,GCAMP11,59,3
17,12,GCAMP11_12_17,False,130,80,swap_distal,250.0,200.0,17,pre_swap,GCAMP11,40,7
18,12,GCAMP11_12_18,False,130,80,swap_distal,250.0,200.0,18,pre_swap,GCAMP11,39,3
19,12,GCAMP11_12_19,False,130,80,swap_distal,250.0,200.0,19,pre_swap,GCAMP11,46,3
20,12,GCAMP11_12_20,False,130,80,swap_distal,250.0,200.0,20,pre_swap,GCAMP11,59,3
21,12,GCAMP11_12_21,False,130,80,swap_distal,250.0,200.0,21,pre_swap,GCAMP11,16,3
22,12,GCAMP11_12_22,False,130,80,swap_distal,250.0,200.0,22,pre_swap,GCAMP11,44,3
23,12,GCAMP11_12_23,False,130,80,swap_distal,250.0,200.0,23,pre_swap,GCAMP11,39,3
24,12,GCAMP11_12_24,False,130,80,swap_distal,250.0,200.0,24,pre_swap,GCAMP11,8,3
25,12,GCAMP11_12_25,False,130,80,swap_distal,250.0,200.0,25,pre_swap,GCAMP11,72,7
26,12,GCAMP11_12_26,False,130,80,swap_distal,250.0,200.0,26,pre_swap,GCAMP11,44,3
27,12,GCAMP11_12_27,False,130,80,swap_distal,250.0,200.0,27,pre_swap,GCAMP11,20,3
28,12,GCAMP11_12_28,False,130,80,swap_distal,250.0,200.0,28,pre_swap,GCAMP11,86,10
29,12,GCAMP11_12_29,False,130,80,swap_distal,250.0,200.0,29,pre_swap,GCAMP11,77,3
30,12,GCAMP11_12_30,False,250,200,swap_distal,130.0,80.0,30,post_swap,GCAMP11,82,5
31,12,GCAMP11_12_31,False,250,200,swap_distal,130.0,80.0,31,post_swap,GCAMP11,52,5
32,12,GCAMP11_12_32,False,250,200,swap_distal,130.0,80.0,32,post_swap,GCAMP11,52,5
33,12,GCAMP11_12_33,False,250,200,swap_distal,130.0,80.0,33,post_swap,GCAMP11,78,10
34,12,GCAMP11_12_34,False,250,200,swap_distal,130.0,80.0,34,post_swap,GCAMP11,78,10
35,12,GCAMP11_12_35,False,250,200,swap_distal,130.0,80.0,35,post_swap,GCAMP11,52,5
36,12,GCAMP11_12_36,False,250,200,swap_distal,130.0,80.0,36,post_swap,GCAMP11,51,5
37,12,GCAMP11_12_37,False,250,200,swap_distal,130.0,80.0,37,post_swap,GCAMP11,51,1
38,12,GCAMP11_12_38,True,250,200,swap_distal,130.0,80.0,38,post_swap,GCAMP11,78,6
39,12,GCAMP11_12_39,False,250,200,swap_distal,130.0,80.0,39,post_swap,GCAMP11,52,5
40,12,GCAMP11_12_40,False,250,200,swap_distal,130.0,80.0,40,post_swap,GCAMP11,17,5
41,12,GCAMP11_12_41,False,250,200,swap_distal,130.0,80.0,41,post_swap,GCAMP11,4,5
42,12,GCAMP11_12_42,False,250,200,swap_distal,130.0,80.0,42,post_swap,GCAMP11,4,4
43,12,GCAMP11_12_43,False,250,200,swap_distal,130.0,80.0,43,post_swap,GCAMP11,17,9
44,12,GCAMP11_12_44,False,250,200,swap_distal,130.0,80.0,44,post_swap,GCAMP11,4,4
45,12,GCAMP11_12_45,False,250,200,swap_distal,130.0,80.0,45,post_swap,GCAMP11,4,4
46,12,GCAMP11_12_46,False,250,200,swap_distal,130.0,80.0,46,post_swap,GCAMP11,17,5
47,12,GCAMP11_12_47,False,250,200,swap_distal,130.0,80.0,47,post_swap,GCAMP11,51,5
48,12,GCAMP11_12_48,True,250,200,swap_distal,130.0,80.0,48,post_swap,GCAMP11,79,6
49,12,GCAMP11_12_49,False,250,200,swap_distal,130.0,80.0,49,post_swap,GCAMP11,4,4
50,12,GCAMP11_12_50,False,250,200,swap_distal,130.0,80.0,50,post_swap,GCAMP11,9,4
51,12,GCAMP11_12_51,False,250,200,swap_distal,130.0,80.0,51,post_swap,GCAMP11,4,5
52,12,GCAMP11_12_52,True,250,200,swap_distal,130.0,80.0,52,post_swap,GCAMP11,78,6
53,12,GCAMP11_12_53,True,250,200,swap_distal,130.0,80.0,53,post_swap,GCAMP11,79,6
54,12,GCAMP11_12_54,True,250,200,swap_distal,130.0,80.0,54,post_swap,GCAMP11,79,6
55,12,GCAMP11_12_55,False,250,200,swap_distal,130.0,80.0,55,post_swap,GCAMP11,53,1
56,12,GCAMP11_12_56,False,250,200,swap_distal,130.0,80.0,56,post_swap,GCAMP11,52,5
57,12,GCAMP11_12_57,False,250,200,swap_distal,130.0,80.0,57,post_swap,GCAMP11,17,5
59,12,GCAMP11_12_59,False,250,200,swap_distal,130.0,80.0,59,post_swap,GCAMP11,86,10
60,12,GCAMP11_12_60,False,250,200,swap_distal,130.0,80.0,60,post_swap,GCAMP11,4,4
61,12,GCAMP11_12_61,False,250,200,swap_distal,130.0,80.0,61,post_swap,GCAMP11,14,4
62,12,GCAMP11_12_62,False,250,200,swap_distal,130.0,80.0,62,post_swap,GCAMP11,9,4
63,12,GCAMP11_12_63,False,250,200,swap_distal,130.0,80.0,63,post_swap,GCAMP11,53,1
64,12,GCAMP11_12_64,False,250,200,swap_distal,130.0,80.0,64,post_swap,GCAMP11,17,5
65,12,GCAMP11_12_65,False,250,200,swap_distal,130.0,80.0,65,post_swap,GCAMP11,4,4
66,12,GCAMP11_12_66,False,250,200,swap_distal,130.0,80.0,66,post_swap,GCAMP11,14,4
67,12,GCAMP11_12_67,False,250,200,swap_distal,130.0,80.0,67,post_swap,GCAMP11,18,4
68,12,GCAMP11_12_68,False,250,200,swap_distal,130.0,80.0,68,post_swap,GCAMP11,9,4
69,12,GCAMP11_12_69,False,250,200,swap_distal,130.0,80.0,69,post_swap,GCAMP11,9,4
70,12,GCAMP11_12_70,False,250,200,swap_distal,130.0,80.0,70,post_swap,GCAMP11,4,5
71,12,GCAMP11_12_71,False,250,200,swap_distal,130.0,80.0,71,post_swap,GCAMP11,18,4
72,12,GCAMP11_12_72,False,250,200,swap_distal,130.0,80.0,72,post_swap,GCAMP11,4,4
73,12,GCAMP11_12_73,False,250,200,swap_distal,130.0,80.0,73,post_swap,GCAMP11,81,4
74,12,GCAMP11_12_74,False,250,200,swap_distal,130.0,80.0,74,post_swap,GCAMP11,4,4
75,12,GCAMP11_12_75,False,250,200,swap_distal,130.0,80.0,75,post_swap,GCAMP11,81,4
76,12,GCAMP11_12_76,True,250,200,swap_distal,130.0,80.0,76,post_swap,GCAMP11,60,6
77,12,GCAMP11_12_77,False,250,200,swap_distal,130.0,80.0,77,post_swap,GCAMP11,17,5
78,12,GCAMP11_12_78,False,250,200,swap_distal,130.0,80.0,78,post_swap,GCAMP11,81,4
79,12,GCAMP11_12_79,False,250,200,swap_distal,130.0,80.0,79,post_swap,GCAMP11,9,4
0,14,GCAMP11_14_0,False,250,200,swap_distal,370.0,320.0,0,pre_swap,GCAMP11,83,9
1,14,GCAMP11_14_1,False,250,200,swap_distal,370.0,320.0,1,pre_swap,GCAMP11,4,4
2,14,GCAMP11_14_2,False,250,200,swap_distal,370.0,320.0,2,pre_swap,GCAMP11,63,4
3,14,GCAMP11_14_3,False,250,200,swap_distal,370.0,320.0,3,pre_swap,GCAMP11,6,4
4,14,GCAMP11_14_4,False,250,200,swap_distal,370.0,320.0,4,pre_swap,GCAMP11,81,4
5,14,GCAMP11_14_5,False,250,200,swap_distal,370.0,320.0,5,pre_swap,GCAMP11,81,4
6,14,GCAMP11_14_6,False,250,200,swap_distal,370.0,320.0,6,pre_swap,GCAMP11,63,4
7,14,GCAMP11_14_7,False,250,200,swap_distal,370.0,320.0,7,pre_swap,GCAMP11,81,4
8,14,GCAMP11_14_8,False,250,200,swap_distal,370.0,320.0,8,pre_swap,GCAMP11,81,4
9,14,GCAMP11_14_9,False,250,200,swap_distal,370.0,320.0,9,pre_swap,GCAMP11,81,4
10,14,GCAMP11_14_10,False,250,200,swap_distal,370.0,320.0,10,pre_swap,GCAMP11,63,4
11,14,GCAMP11_14_11,False,250,200,swap_distal,370.0,320.0,11,pre_swap,GCAMP11,81,4
12,14,GCAMP11_14_12,False,250,200,swap_distal,370.0,320.0,12,pre_swap,GCAMP11,63,4
13,14,GCAMP11_14_13,False,250,200,swap_distal,370.0,320.0,13,pre_swap,GCAMP11,58,4
14,14,GCAMP11_14_14,False,250,200,swap_distal,370.0,320.0,14,pre_swap,GCAMP11,63,4
15,14,GCAMP11_14_15,False,250,200,swap_distal,370.0,320.0,15,pre_swap,GCAMP11,6,4
16,14,GCAMP11_14_16,False,250,200,swap_distal,370.0,320.0,16,pre_swap,GCAMP11,58,4
17,14,GCAMP11_14_17,False,250,200,swap_distal,370.0,320.0,17,pre_swap,GCAMP11,80,4
18,14,GCAMP11_14_18,False,250,200,swap_distal,370.0,320.0,18,pre_swap,GCAMP11,81,4
19,14,GCAMP11_14_19,False,250,200,swap_distal,370.0,320.0,19,pre_swap,GCAMP11,81,4
20,14,GCAMP11_14_20,False,250,200,swap_distal,370.0,320.0,20,pre_swap,GCAMP11,63,4
21,14,GCAMP11_14_21,False,250,200,swap_distal,370.0,320.0,21,pre_swap,GCAMP11,81,4
22,14,GCAMP11_14_22,False,250,200,swap_distal,370.0,320.0,22,pre_swap,GCAMP11,33,4
23,14,GCAMP11_14_23,False,250,200,swap_distal,370.0,320.0,23,pre_swap,GCAMP11,6,4
24,14,GCAMP11_14_24,False,250,200,swap_distal,370.0,320.0,24,pre_swap,GCAMP11,17,5
25,14,GCAMP11_14_25,True,250,200,swap_distal,370.0,320.0,25,pre_swap,GCAMP11,90,0
26,14,GCAMP11_14_26,False,250,200,swap_distal,370.0,320.0,26,pre_swap,GCAMP11,17,5
27,14,GCAMP11_14_27,False,250,200,swap_distal,370.0,320.0,27,pre_swap,GCAMP11,81,4
28,14,GCAMP11_14_28,False,250,200,swap_distal,370.0,320.0,28,pre_swap,GCAMP11,81,4
29,14,GCAMP11_14_29,False,250,200,swap_distal,370.0,320.0,29,pre_swap,GCAMP11,58,4
30,14,GCAMP11_14_30,False,370,320,swap_distal,250.0,200.0,30,post_swap,GCAMP11,-1,0
31,14,GCAMP11_14_31,False,370,320,swap_distal,250.0,200.0,31,post_swap,GCAMP11,19,2
32,14,GCAMP11_14_32,False,370,320,swap_distal,250.0,200.0,32,post_swap,GCAMP11,25,2
33,14,GCAMP11_14_33,False,370,320,swap_distal,250.0,200.0,33,post_swap,GCAMP11,24,2
34,14,GCAMP11_14_34,False,370,320,swap_distal,250.0,200.0,34,post_swap,GCAMP11,87,2
35,14,GCAMP11_14_35,False,370,320,swap_distal,250.0,200.0,35,post_swap,GCAMP11,11,3
36,14,GCAMP11_14_36,False,370,320,swap_distal,250.0,200.0,36,post_swap,GCAMP11,25,2
37,14,GCAMP11_14_37,False,370,320,swap_distal,250.0,200.0,37,post_swap,GCAMP11,7,2
38,14,GCAMP11_14_38,False,370,320,swap_distal,250.0,200.0,38,post_swap,GCAMP11,-1,0
39,14,GCAMP11_14_39,False,370,320,swap_distal,250.0,200.0,39,post_swap,GCAMP11,65,1
40,14,GCAMP11_14_40,False,370,320,swap_distal,250.0,200.0,40,post_swap,GCAMP11,24,2
41,14,GCAMP11_14_41,False,370,320,swap_distal,250.0,200.0,41,post_swap,GCAMP11,75,3
42,14,GCAMP11_14_42,False,370,320,swap_distal,250.0,200.0,42,post_swap,GCAMP11,2,0
43,14,GCAMP11_14_43,False,370,320,swap_distal,250.0,200.0,43,post_swap,GCAMP11,45,2
44,14,GCAMP11_14_44,True,370,320,swap_distal,250.0,200.0,44,post_swap,GCAMP11,3,0
45,14,GCAMP11_14_45,True,370,320,swap_distal,250.0,200.0,45,post_swap,GCAMP11,79,6
46,14,GCAMP11_14_46,False,370,320,swap_distal,250.0,200.0,46,post_swap,GCAMP11,19,2
47,14,GCAMP11_14_47,False,370,320,swap_distal,250.0,200.0,47,post_swap,GCAMP11,2,2
48,14,GCAMP11_14_48,False,370,320,swap_distal,250.0,200.0,48,post_swap,GCAMP11,88,2
49,14,GCAMP11_14_49,False,370,320,swap_distal,250.0,200.0,49,post_swap,GCAMP11,73,2
50,14,GCAMP11_14_50,True,370,320,swap_distal,250.0,200.0,50,post_swap,GCAMP11,57,0
51,14,GCAMP11_14_51,True,370,320,swap_distal,250.0,200.0,51,post_swap,GCAMP11,3,0
52,14,GCAMP11_14_52,False,370,320,swap_distal,250.0,200.0,52,post_swap,GCAMP11,64,1
53,14,GCAMP11_14_53,False,370,320,swap_distal,250.0,200.0,53,post_swap,GCAMP11,73,2
54,14,GCAMP11_14_54,False,370,320,swap_distal,250.0,200.0,54,post_swap,GCAMP11,93,2
55,14,GCAMP11_14_55,False,370,320,swap_distal,250.0,200.0,55,post_swap,GCAMP11,25,2
56,14,GCAMP11_14_56,False,370,320,swap_distal,250.0,200.0,56,post_swap,GCAMP11,7,2
57,14,GCAMP11_14_57,False,370,320,swap_distal,250.0,200.0,57,post_swap,GCAMP11,25,2
58,14,GCAMP11_14_58,False,370,320,swap_distal,250.0,200.0,58,post_swap,GCAMP11,19,2
59,14,GCAMP11_14_59,False,370,320,swap_distal,250.0,200.0,59,post_swap,GCAMP11,-1,2
60,14,GCAMP11_14_60,False,370,320,swap_distal,250.0,200.0,60,post_swap,GCAMP11,88,2
61,14,GCAMP11_14_61,False,370,320,swap_distal,250.0,200.0,61,post_swap,GCAMP11,12,0
62,14,GCAMP11_14_62,False,370,320,swap_distal,250.0,200.0,62,post_swap,GCAMP11,2,2
63,14,GCAMP11_14_63,False,370,320,swap_distal,250.0,200.0,63,post_swap,GCAMP11,42,2
64,14,GCAMP11_14_64,False,370,320,swap_distal,250.0,200.0,64,post_swap,GCAMP11,-1,2
65,14,GCAMP11_14_65,True,370,320,swap_distal,250.0,200.0,65,post_swap,GCAMP11,3,0
66,14,GCAMP11_14_66,False,370,320,swap_distal,250.0,200.0,66,post_swap,GCAMP11,19,2
67,14,GCAMP11_14_67,True,370,320,swap_distal,250.0,200.0,67,post_swap,GCAMP11,57,0
68,14,GCAMP11_14_68,True,370,320,swap_distal,250.0,200.0,68,post_swap,GCAMP11,3,0
69,14,GCAMP11_14_69,False,370,320,swap_distal,250.0,200.0,69,post_swap,GCAMP11,99,2
70,14,GCAMP11_14_70,False,370,320,swap_distal,250.0,200.0,70,post_swap,GCAMP11,38,0
71,14,GCAMP11_14_71,False,370,320,swap_distal,250.0,200.0,71,post_swap,GCAMP11,73,2
72,14,GCAMP11_14_72,True,370,320,swap_distal,250.0,200.0,72,post_swap,GCAMP11,57,0
73,14,GCAMP11_14_73,False,370,320,swap_distal,250.0,200.0,73,post_swap,GCAMP11,7,2
74,14,GCAMP11_14_74,True,370,320,swap_distal,250.0,200.0,74,post_swap,GCAMP11,57,0
75,14,GCAMP11_14_75,False,370,320,swap_distal,250.0,200.0,75,post_swap,GCAMP11,11,2
76,14,GCAMP11_14_76,False,370,320,swap_distal,250.0,200.0,76,post_swap,GCAMP11,25,0
77,14,GCAMP11_14_77,False,370,320,swap_distal,250.0,200.0,77,post_swap,GCAMP11,19,2
78,14,GCAMP11_14_78,False,370,320,swap_distal,250.0,200.0,78,post_swap,GCAMP11,74,3
79,14,GCAMP11_14_79,False,370,320,swap_distal,250.0,200.0,79,post_swap,GCAMP11,50,0
0,3,GCAMP12_3_0,False,250,200,swap_distal,370.0,320.0,0,pre_swap,GCAMP12,82,10
1,3,GCAMP12_3_1,False,250,200,swap_distal,370.0,320.0,1,pre_swap,GCAMP12,83,9
2,3,GCAMP12_3_2,False,250,200,swap_distal,370.0,320.0,2,pre_swap,GCAMP12,4,4
3,3,GCAMP12_3_3,False,250,200,swap_distal,370.0,320.0,3,pre_swap,GCAMP12,4,5
4,3,GCAMP12_3_4,False,250,200,swap_distal,370.0,320.0,4,pre_swap,GCAMP12,81,4
5,3,GCAMP12_3_5,False,250,200,swap_distal,370.0,320.0,5,pre_swap,GCAMP12,63,6
6,3,GCAMP12_3_6,False,250,200,swap_distal,370.0,320.0,6,pre_swap,GCAMP12,9,4
7,3,GCAMP12_3_7,False,250,200,swap_distal,370.0,320.0,7,pre_swap,GCAMP12,4,4
8,3,GCAMP12_3_8,False,250,200,swap_distal,370.0,320.0,8,pre_swap,GCAMP12,63,4
9,3,GCAMP12_3_9,False,250,200,swap_distal,370.0,320.0,9,pre_swap,GCAMP12,4,5
10,3,GCAMP12_3_10,False,250,200,swap_distal,370.0,320.0,10,pre_swap,GCAMP12,23,4
11,3,GCAMP12_3_11,False,250,200,swap_distal,370.0,320.0,11,pre_swap,GCAMP12,83,9
12,3,GCAMP12_3_12,False,250,200,swap_distal,370.0,320.0,12,pre_swap,GCAMP12,9,4
13,3,GCAMP12_3_13,True,250,200,swap_distal,370.0,320.0,13,pre_swap,GCAMP12,65,1
14,3,GCAMP12_3_14,False,250,200,swap_distal,370.0,320.0,14,pre_swap,GCAMP12,82,1
15,3,GCAMP12_3_15,False,250,200,swap_distal,370.0,320.0,15,pre_swap,GCAMP12,12,2
16,3,GCAMP12_3_16,False,250,200,swap_distal,370.0,320.0,16,pre_swap,GCAMP12,9,4
17,3,GCAMP12_3_17,False,250,200,swap_distal,370.0,320.0,17,pre_swap,GCAMP12,81,4
18,3,GCAMP12_3_18,False,250,200,swap_distal,370.0,320.0,18,pre_swap,GCAMP12,4,4
19,3,GCAMP12_3_19,False,250,200,swap_distal,370.0,320.0,19,pre_swap,GCAMP12,83,9
20,3,GCAMP12_3_20,False,250,200,swap_distal,370.0,320.0,20,pre_swap,GCAMP12,6,4
21,3,GCAMP12_3_21,False,250,200,swap_distal,370.0,320.0,21,pre_swap,GCAMP12,81,4
22,3,GCAMP12_3_22,True,250,200,swap_distal,370.0,320.0,22,pre_swap,GCAMP12,41,2
23,3,GCAMP12_3_23,False,250,200,swap_distal,370.0,320.0,23,pre_swap,GCAMP12,63,4
24,3,GCAMP12_3_24,False,250,200,swap_distal,370.0,320.0,24,pre_swap,GCAMP12,81,4
25,3,GCAMP12_3_25,False,250,200,swap_distal,370.0,320.0,25,pre_swap,GCAMP12,81,4
26,3,GCAMP12_3_26,False,250,200,swap_distal,370.0,320.0,26,pre_swap,GCAMP12,81,4
27,3,GCAMP12_3_27,False,250,200,swap_distal,370.0,320.0,27,pre_swap,GCAMP12,81,4
28,3,GCAMP12_3_28,True,250,200,swap_distal,370.0,320.0,28,pre_swap,GCAMP12,36,1
29,3,GCAMP12_3_29,False,250,200,swap_distal,370.0,320.0,29,pre_swap,GCAMP12,14,4
30,3,GCAMP12_3_30,True,370,320,swap_distal,250.0,200.0,30,post_swap,GCAMP12,36,1
31,3,GCAMP12_3_31,False,370,320,swap_distal,250.0,200.0,31,post_swap,GCAMP12,15,6
32,3,GCAMP12_3_32,False,370,320,swap_distal,250.0,200.0,32,post_swap,GCAMP12,95,2
33,3,GCAMP12_3_33,True,370,320,swap_distal,250.0,200.0,33,post_swap,GCAMP12,90,2
34,3,GCAMP12_3_34,False,370,320,swap_distal,250.0,200.0,34,post_swap,GCAMP12,21,2
35,3,GCAMP12_3_35,False,370,320,swap_distal,250.0,200.0,35,post_swap,GCAMP12,95,6
36,3,GCAMP12_3_36,False,370,320,swap_distal,250.0,200.0,36,post_swap,GCAMP12,-1,2
37,3,GCAMP12_3_37,False,370,320,swap_distal,250.0,200.0,37,post_swap,GCAMP12,24,2
38,3,GCAMP12_3_38,False,370,320,swap_distal,250.0,200.0,38,post_swap,GCAMP12,24,2
39,3,GCAMP12_3_39,False,370,320,swap_distal,250.0,200.0,39,post_swap,GCAMP12,54,2
40,3,GCAMP12_3_40,True,370,320,swap_distal,250.0,200.0,40,post_swap,GCAMP12,22,0
41,3,GCAMP12_3_41,True,370,320,swap_distal,250.0,200.0,41,post_swap,GCAMP12,3,0
42,3,GCAMP12_3_42,False,370,320,swap_distal,250.0,200.0,42,post_swap,GCAMP12,11,2
43,3,GCAMP12_3_43,False,370,320,swap_distal,250.0,200.0,43,post_swap,GCAMP12,90,2
44,3,GCAMP12_3_44,False,370,320,swap_distal,250.0,200.0,44,post_swap,GCAMP12,74,0
45,3,GCAMP12_3_45,False,370,320,swap_distal,250.0,200.0,45,post_swap,GCAMP12,2,2
46,3,GCAMP12_3_46,False,370,320,swap_distal,250.0,200.0,46,post_swap,GCAMP12,7,2
47,3,GCAMP12_3_47,False,370,320,swap_distal,250.0,200.0,47,post_swap,GCAMP12,2,0
48,3,GCAMP12_3_48,False,370,320,swap_distal,250.0,200.0,48,post_swap,GCAMP12,65,1
49,3,GCAMP12_3_49,False,370,320,swap_distal,250.0,200.0,49,post_swap,GCAMP12,1,2
50,3,GCAMP12_3_50,False,370,320,swap_distal,250.0,200.0,50,post_swap,GCAMP12,2,2
51,3,GCAMP12_3_51,False,370,320,swap_distal,250.0,200.0,51,post_swap,GCAMP12,37,2
52,3,GCAMP12_3_52,False,370,320,swap_distal,250.0,200.0,52,post_swap,GCAMP12,24,0
53,3,GCAMP12_3_53,False,370,320,swap_distal,250.0,200.0,53,post_swap,GCAMP12,30,2
54,3,GCAMP12_3_54,False,370,320,swap_distal,250.0,200.0,54,post_swap,GCAMP12,24,2
55,3,GCAMP12_3_55,False,370,320,swap_distal,250.0,200.0,55,post_swap,GCAMP12,73,2
56,3,GCAMP12_3_56,False,370,320,swap_distal,250.0,200.0,56,post_swap,GCAMP12,91,2
57,3,GCAMP12_3_57,False,370,320,swap_distal,250.0,200.0,57,post_swap,GCAMP12,45,2
58,3,GCAMP12_3_58,True,370,320,swap_distal,250.0,200.0,58,post_swap,GCAMP12,57,0
59,3,GCAMP12_3_59,False,370,320,swap_distal,250.0,200.0,59,post_swap,GCAMP12,24,2
60,3,GCAMP12_3_60,True,370,320,swap_distal,250.0,200.0,60,post_swap,GCAMP12,57,0
61,3,GCAMP12_3_61,False,370,320,swap_distal,250.0,200.0,61,post_swap,GCAMP12,24,2
62,3,GCAMP12_3_62,False,370,320,swap_distal,250.0,200.0,62,post_swap,GCAMP12,90,2
63,3,GCAMP12_3_63,True,370,320,swap_distal,250.0,200.0,63,post_swap,GCAMP12,57,0
64,3,GCAMP12_3_64,False,370,320,swap_distal,250.0,200.0,64,post_swap,GCAMP12,-1,0
65,3,GCAMP12_3_65,False,370,320,swap_distal,250.0,200.0,65,post_swap,GCAMP12,-1,0
66,3,GCAMP12_3_66,False,370,320,swap_distal,250.0,200.0,66,post_swap,GCAMP12,37,2
67,3,GCAMP12_3_67,False,370,320,swap_distal,250.0,200.0,67,post_swap,GCAMP12,75,2
68,3,GCAMP12_3_68,False,370,320,swap_distal,250.0,200.0,68,post_swap,GCAMP12,38,2
69,3,GCAMP12_3_69,False,370,320,swap_distal,250.0,200.0,69,post_swap,GCAMP12,24,2
70,3,GCAMP12_3_70,False,370,320,swap_distal,250.0,200.0,70,post_swap,GCAMP12,-1,2
71,3,GCAMP12_3_71,False,370,320,swap_distal,250.0,200.0,71,post_swap,GCAMP12,2,2
72,3,GCAMP12_3_72,False,370,320,swap_distal,250.0,200.0,72,post_swap,GCAMP12,95,2
73,3,GCAMP12_3_73,False,370,320,swap_distal,250.0,200.0,73,post_swap,GCAMP12,7,2
74,3,GCAMP12_3_74,False,370,320,swap_distal,250.0,200.0,74,post_swap,GCAMP12,67,1
75,3,GCAMP12_3_75,True,370,320,swap_distal,250.0,200.0,75,post_swap,GCAMP12,22,0
76,3,GCAMP12_3_76,False,370,320,swap_distal,250.0,200.0,76,post_swap,GCAMP12,67,10
77,3,GCAMP12_3_77,False,370,320,swap_distal,250.0,200.0,77,post_swap,GCAMP12,89,2
78,3,GCAMP12_3_78,True,370,320,swap_distal,250.0,200.0,78,post_swap,GCAMP12,3,0
79,3,GCAMP12_3_79,False,370,320,swap_distal,250.0,200.0,79,post_swap,GCAMP12,50,0
0,5,GCAMP12_5_0,False,370,320,swap_proximal,130.0,80.0,0,pre_swap,GCAMP12,67,1
1,5,GCAMP12_5_1,False,370,320,swap_proximal,130.0,80.0,1,pre_swap,GCAMP12,67,10
2,5,GCAMP12_5_2,False,370,320,swap_proximal,130.0,80.0,2,pre_swap,GCAMP12,38,2
3,5,GCAMP12_5_3,True,370,320,swap_proximal,130.0,80.0,3,pre_swap,GCAMP12,3,0
4,5,GCAMP12_5_4,False,370,320,swap_proximal,130.0,80.0,4,pre_swap,GCAMP12,2,2
5,5,GCAMP12_5_5,False,370,320,swap_proximal,130.0,80.0,5,pre_swap,GCAMP12,11,3
6,5,GCAMP12_5_6,False,370,320,swap_proximal,130.0,80.0,6,pre_swap,GCAMP12,24,2
7,5,GCAMP12_5_7,False,370,320,swap_proximal,130.0,80.0,7,pre_swap,GCAMP12,7,2
8,5,GCAMP12_5_8,False,370,320,swap_proximal,130.0,80.0,8,pre_swap,GCAMP12,5,0
9,5,GCAMP12_5_9,False,370,320,swap_proximal,130.0,80.0,9,pre_swap,GCAMP12,21,2
10,5,GCAMP12_5_10,False,370,320,swap_proximal,130.0,80.0,10,pre_swap,GCAMP12,38,2
11,5,GCAMP12_5_11,False,370,320,swap_proximal,130.0,80.0,11,pre_swap,GCAMP12,2,2
12,5,GCAMP12_5_12,False,370,320,swap_proximal,130.0,80.0,12,pre_swap,GCAMP12,89,1
13,5,GCAMP12_5_13,False,370,320,swap_proximal,130.0,80.0,13,pre_swap,GCAMP12,24,2
14,5,GCAMP12_5_14,True,370,320,swap_proximal,130.0,80.0,14,pre_swap,GCAMP12,57,0
15,5,GCAMP12_5_15,True,370,320,swap_proximal,130.0,80.0,15,pre_swap,GCAMP12,3,0
16,5,GCAMP12_5_16,False,370,320,swap_proximal,130.0,80.0,16,pre_swap,GCAMP12,38,6
17,5,GCAMP12_5_17,False,370,320,swap_proximal,130.0,80.0,17,pre_swap,GCAMP12,2,2
18,5,GCAMP12_5_18,False,370,320,swap_proximal,130.0,80.0,18,pre_swap,GCAMP12,89,2
19,5,GCAMP12_5_19,False,370,320,swap_proximal,130.0,80.0,19,pre_swap,GCAMP12,-1,2
20,5,GCAMP12_5_20,False,370,320,swap_proximal,130.0,80.0,20,pre_swap,GCAMP12,5,2
21,5,GCAMP12_5_21,False,370,320,swap_proximal,130.0,80.0,21,pre_swap,GCAMP12,91,2
22,5,GCAMP12_5_22,False,370,320,swap_proximal,130.0,80.0,22,pre_swap,GCAMP12,24,2
23,5,GCAMP12_5_23,False,370,320,swap_proximal,130.0,80.0,23,pre_swap,GCAMP12,38,2
24,5,GCAMP12_5_24,False,370,320,swap_proximal,130.0,80.0,24,pre_swap,GCAMP12,7,2
25,5,GCAMP12_5_25,False,370,320,swap_proximal,130.0,80.0,25,pre_swap,GCAMP12,74,2
26,5,GCAMP12_5_26,False,370,320,swap_proximal,130.0,80.0,26,pre_swap,GCAMP12,25,2
27,5,GCAMP12_5_27,False,370,320,swap_proximal,130.0,80.0,27,pre_swap,GCAMP12,64,1
28,5,GCAMP12_5_28,False,370,320,swap_proximal,130.0,80.0,28,pre_swap,GCAMP12,7,2
29,5,GCAMP12_5_29,False,370,320,swap_proximal,130.0,80.0,29,pre_swap,GCAMP12,90,1
30,5,GCAMP12_5_30,False,130,80,swap_proximal,370.0,320.0,30,post_swap,GCAMP12,3,0
31,5,GCAMP12_5_31,False,130,80,swap_proximal,370.0,320.0,31,post_swap,GCAMP12,79,6
32,5,GCAMP12_5_32,False,130,80,swap_proximal,370.0,320.0,32,post_swap,GCAMP12,72,7
33,5,GCAMP12_5_33,True,130,80,swap_proximal,370.0,320.0,33,post_swap,GCAMP12,86,10
34,5,GCAMP12_5_34,False,130,80,swap_proximal,370.0,320.0,34,post_swap,GCAMP12,79,6
35,5,GCAMP12_5_35,False,130,80,swap_proximal,370.0,320.0,35,post_swap,GCAMP12,48,8
36,5,GCAMP12_5_36,False,130,80,swap_proximal,370.0,320.0,36,post_swap,GCAMP12,48,8
37,5,GCAMP12_5_37,False,130,80,swap_proximal,370.0,320.0,37,post_swap,GCAMP12,48,8
38,5,GCAMP12_5_38,False,130,80,swap_proximal,370.0,320.0,38,post_swap,GCAMP12,86,10
39,5,GCAMP12_5_39,False,130,80,swap_proximal,370.0,320.0,39,post_swap,GCAMP12,48,8
40,5,GCAMP12_5_40,True,130,80,swap_proximal,370.0,320.0,40,post_swap,GCAMP12,86,10
41,5,GCAMP12_5_41,False,130,80,swap_proximal,370.0,320.0,41,post_swap,GCAMP12,48,8
42,5,GCAMP12_5_42,False,130,80,swap_proximal,370.0,320.0,42,post_swap,GCAMP12,72,8
43,5,GCAMP12_5_43,False,130,80,swap_proximal,370.0,320.0,43,post_swap,GCAMP12,48,8
44,5,GCAMP12_5_44,False,130,80,swap_proximal,370.0,320.0,44,post_swap,GCAMP12,48,8
45,5,GCAMP12_5_45,False,130,80,swap_proximal,370.0,320.0,45,post_swap,GCAMP12,48,8
46,5,GCAMP12_5_46,False,130,80,swap_proximal,370.0,320.0,46,post_swap,GCAMP12,48,8
47,5,GCAMP12_5_47,False,130,80,swap_proximal,370.0,320.0,47,post_swap,GCAMP12,48,8
48,5,GCAMP12_5_48,False,130,80,swap_proximal,370.0,320.0,48,post_swap,GCAMP12,48,8
49,5,GCAMP12_5_49,False,130,80,swap_proximal,370.0,320.0,49,post_swap,GCAMP12,48,8
50,5,GCAMP12_5_50,False,130,80,swap_proximal,370.0,320.0,50,post_swap,GCAMP12,48,8
51,5,GCAMP12_5_51,False,130,80,swap_proximal,370.0,320.0,51,post_swap,GCAMP12,48,8
52,5,GCAMP12_5_52,False,130,80,swap_proximal,370.0,320.0,52,post_swap,GCAMP12,48,8
53,5,GCAMP12_5_53,False,130,80,swap_proximal,370.0,320.0,53,post_swap,GCAMP12,48,8
54,5,GCAMP12_5_54,True,130,80,swap_proximal,370.0,320.0,54,post_swap,GCAMP12,67,1
55,5,GCAMP12_5_55,False,130,80,swap_proximal,370.0,320.0,55,post_swap,GCAMP12,48,8
56,5,GCAMP12_5_56,False,130,80,swap_proximal,370.0,320.0,56,post_swap,GCAMP12,72,1
57,5,GCAMP12_5_57,False,130,80,swap_proximal,370.0,320.0,57,post_swap,GCAMP12,72,8
58,5,GCAMP12_5_58,False,130,80,swap_proximal,370.0,320.0,58,post_swap,GCAMP12,72,10
59,5,GCAMP12_5_59,False,130,80,swap_proximal,370.0,320.0,59,post_swap,GCAMP12,72,7
60,5,GCAMP12_5_60,False,130,80,swap_proximal,370.0,320.0,60,post_swap,GCAMP12,48,8
61,5,GCAMP12_5_61,False,130,80,swap_proximal,370.0,320.0,61,post_swap,GCAMP12,72,1
62,5,GCAMP12_5_62,False,130,80,swap_proximal,370.0,320.0,62,post_swap,GCAMP12,72,8
63,5,GCAMP12_5_63,False,130,80,swap_proximal,370.0,320.0,63,post_swap,GCAMP12,48,8
64,5,GCAMP12_5_64,False,130,80,swap_proximal,370.0,320.0,64,post_swap,GCAMP12,72,7
65,5,GCAMP12_5_65,True,130,80,swap_proximal,370.0,320.0,65,post_swap,GCAMP12,86,10
66,5,GCAMP12_5_66,False,130,80,swap_proximal,370.0,320.0,66,post_swap,GCAMP12,48,8
67,5,GCAMP12_5_67,False,130,80,swap_proximal,370.0,320.0,67,post_swap,GCAMP12,47,1
68,5,GCAMP12_5_68,False,130,80,swap_proximal,370.0,320.0,68,post_swap,GCAMP12,48,8
69,5,GCAMP12_5_69,True,130,80,swap_proximal,370.0,320.0,69,post_swap,GCAMP12,83,9
70,5,GCAMP12_5_70,False,130,80,swap_proximal,370.0,320.0,70,post_swap,GCAMP12,48,8
71,5,GCAMP12_5_71,True,130,80,swap_proximal,370.0,320.0,71,post_swap,GCAMP12,67,10
72,5,GCAMP12_5_72,False,130,80,swap_proximal,370.0,320.0,72,post_swap,GCAMP12,48,8
73,5,GCAMP12_5_73,False,130,80,swap_proximal,370.0,320.0,73,post_swap,GCAMP12,72,7
74,5,GCAMP12_5_74,False,130,80,swap_proximal,370.0,320.0,74,post_swap,GCAMP12,72,7
75,5,GCAMP12_5_75,False,130,80,swap_proximal,370.0,320.0,75,post_swap,GCAMP12,72,7
76,5,GCAMP12_5_76,False,130,80,swap_proximal,370.0,320.0,76,post_swap,GCAMP12,72,8
77,5,GCAMP12_5_77,False,130,80,swap_proximal,370.0,320.0,77,post_swap,GCAMP12,72,7
78,5,GCAMP12_5_78,False,130,80,swap_proximal,370.0,320.0,78,post_swap,GCAMP12,71,7
79,5,GCAMP12_5_79,False,130,80,swap_proximal,370.0,320.0,79,post_swap,GCAMP12,77,3
0,7,GCAMP12_7_0,False,130,80,swap_distal,250.0,200.0,0,pre_swap,GCAMP12,72,7
1,7,GCAMP12_7_1,False,130,80,swap_distal,250.0,200.0,1,pre_swap,GCAMP12,77,3
2,7,GCAMP12_7_2,False,130,80,swap_distal,250.0,200.0,2,pre_swap,GCAMP12,8,3
3,7,GCAMP12_7_3,True,130,80,swap_distal,250.0,200.0,3,pre_swap,GCAMP12,31,5
4,7,GCAMP12_7_4,False,130,80,swap_distal,250.0,200.0,4,pre_swap,GCAMP12,77,3
5,7,GCAMP12_7_5,False,130,80,swap_distal,250.0,200.0,5,pre_swap,GCAMP12,70,3
6,7,GCAMP12_7_6,False,130,80,swap_distal,250.0,200.0,6,pre_swap,GCAMP12,16,3
7,7,GCAMP12_7_7,False,130,80,swap_distal,250.0,200.0,7,pre_swap,GCAMP12,77,3
8,7,GCAMP12_7_8,False,130,80,swap_distal,250.0,200.0,8,pre_swap,GCAMP12,68,3
9,7,GCAMP12_7_9,False,130,80,swap_distal,250.0,200.0,9,pre_swap,GCAMP12,77,3
10,7,GCAMP12_7_10,False,130,80,swap_distal,250.0,200.0,10,pre_swap,GCAMP12,46,3
11,7,GCAMP12_7_11,False,130,80,swap_distal,250.0,200.0,11,pre_swap,GCAMP12,27,3
12,7,GCAMP12_7_12,True,130,80,swap_distal,250.0,200.0,12,pre_swap,GCAMP12,31,5
13,7,GCAMP12_7_13,False,130,80,swap_distal,250.0,200.0,13,pre_swap,GCAMP12,77,3
14,7,GCAMP12_7_14,True,130,80,swap_distal,250.0,200.0,14,pre_swap,GCAMP12,26,5
15,7,GCAMP12_7_15,False,130,80,swap_distal,250.0,200.0,15,pre_swap,GCAMP12,70,3
16,7,GCAMP12_7_16,False,130,80,swap_distal,250.0,200.0,16,pre_swap,GCAMP12,70,3
17,7,GCAMP12_7_17,False,130,80,swap_distal,250.0,200.0,17,pre_swap,GCAMP12,77,3
18,7,GCAMP12_7_18,False,130,80,swap_distal,250.0,200.0,18,pre_swap,GCAMP12,27,3
19,7,GCAMP12_7_19,False,130,80,swap_distal,250.0,200.0,19,pre_swap,GCAMP12,70,3
20,7,GCAMP12_7_20,False,130,80,swap_distal,250.0,200.0,20,pre_swap,GCAMP12,69,3
21,7,GCAMP12_7_21,False,130,80,swap_distal,250.0,200.0,21,pre_swap,GCAMP12,27,3
22,7,GCAMP12_7_22,False,130,80,swap_distal,250.0,200.0,22,pre_swap,GCAMP12,27,3
23,7,GCAMP12_7_23,False,130,80,swap_distal,250.0,200.0,23,pre_swap,GCAMP12,35,3
24,7,GCAMP12_7_24,False,130,80,swap_distal,250.0,200.0,24,pre_swap,GCAMP12,77,3
25,7,GCAMP12_7_25,False,130,80,swap_distal,250.0,200.0,25,pre_swap,GCAMP12,77,3
26,7,GCAMP12_7_26,False,130,80,swap_distal,250.0,200.0,26,pre_swap,GCAMP12,59,3
27,7,GCAMP12_7_27,False,130,80,swap_distal,250.0,200.0,27,pre_swap,GCAMP12,77,3
28,7,GCAMP12_7_28,True,130,80,swap_distal,250.0,200.0,28,pre_swap,GCAMP12,77,5
29,7,GCAMP12_7_29,True,130,80,swap_distal,250.0,200.0,29,pre_swap,GCAMP12,31,5
30,7,GCAMP12_7_30,True,250,200,swap_distal,130.0,80.0,30,post_swap,GCAMP12,31,5
31,7,GCAMP12_7_31,False,250,200,swap_distal,130.0,80.0,31,post_swap,GCAMP12,65,1
32,7,GCAMP12_7_32,False,250,200,swap_distal,130.0,80.0,32,post_swap,GCAMP12,82,1
33,7,GCAMP12_7_33,False,250,200,swap_distal,130.0,80.0,33,post_swap,GCAMP12,83,9
34,7,GCAMP12_7_34,False,250,200,swap_distal,130.0,80.0,34,post_swap,GCAMP12,82,1
35,7,GCAMP12_7_35,False,250,200,swap_distal,130.0,80.0,35,post_swap,GCAMP12,4,5
36,7,GCAMP12_7_36,False,250,200,swap_distal,130.0,80.0,36,post_swap,GCAMP12,17,5
37,7,GCAMP12_7_37,False,250,200,swap_distal,130.0,80.0,37,post_swap,GCAMP12,52,5
38,7,GCAMP12_7_38,False,250,200,swap_distal,130.0,80.0,38,post_swap,GCAMP12,4,4
39,7,GCAMP12_7_39,False,250,200,swap_distal,130.0,80.0,39,post_swap,GCAMP12,17,5
40,7,GCAMP12_7_40,True,250,200,swap_distal,130.0,80.0,40,post_swap,GCAMP12,78,6
41,7,GCAMP12_7_41,False,250,200,swap_distal,130.0,80.0,41,post_swap,GCAMP12,17,5
42,7,GCAMP12_7_42,False,250,200,swap_distal,130.0,80.0,42,post_swap,GCAMP12,6,4
43,7,GCAMP12_7_43,False,250,200,swap_distal,130.0,80.0,43,post_swap,GCAMP12,4,5
44,7,GCAMP12_7_44,False,250,200,swap_distal,130.0,80.0,44,post_swap,GCAMP12,4,4
45,7,GCAMP12_7_45,False,250,200,swap_distal,130.0,80.0,45,post_swap,GCAMP12,52,5
46,7,GCAMP12_7_46,False,250,200,swap_distal,130.0,80.0,46,post_swap,GCAMP12,52,5
47,7,GCAMP12_7_47,False,250,200,swap_distal,130.0,80.0,47,post_swap,GCAMP12,51,5
48,7,GCAMP12_7_48,False,250,200,swap_distal,130.0,80.0,48,post_swap,GCAMP12,51,5
49,7,GCAMP12_7_49,False,250,200,swap_distal,130.0,80.0,49,post_swap,GCAMP12,52,5
50,7,GCAMP12_7_50,True,250,200,swap_distal,130.0,80.0,50,post_swap,GCAMP12,79,6
51,7,GCAMP12_7_51,False,250,200,swap_distal,130.0,80.0,51,post_swap,GCAMP12,83,9
52,7,GCAMP12_7_52,False,250,200,swap_distal,130.0,80.0,52,post_swap,GCAMP12,82,5
53,7,GCAMP12_7_53,False,250,200,swap_distal,130.0,80.0,53,post_swap,GCAMP12,4,4
54,7,GCAMP12_7_54,False,250,200,swap_distal,130.0,80.0,54,post_swap,GCAMP12,17,5
55,7,GCAMP12_7_55,False,250,200,swap_distal,130.0,80.0,55,post_swap,GCAMP12,17,5
56,7,GCAMP12_7_56,False,250,200,swap_distal,130.0,80.0,56,post_swap,GCAMP12,52,1
57,7,GCAMP12_7_57,False,250,200,swap_distal,130.0,80.0,57,post_swap,GCAMP12,82,5
58,7,GCAMP12_7_58,False,250,200,swap_distal,130.0,80.0,58,post_swap,GCAMP12,82,5
59,7,GCAMP12_7_59,False,250,200,swap_distal,130.0,80.0,59,post_swap,GCAMP12,17,5
60,7,GCAMP12_7_60,False,250,200,swap_distal,130.0,80.0,60,post_swap,GCAMP12,-1,4
61,7,GCAMP12_7_61,False,250,200,swap_distal,130.0,80.0,61,post_swap,GCAMP12,17,5
62,7,GCAMP12_7_62,False,250,200,swap_distal,130.0,80.0,62,post_swap,GCAMP12,23,4
63,7,GCAMP12_7_63,False,250,200,swap_distal,130.0,80.0,63,post_swap,GCAMP12,17,9
64,7,GCAMP12_7_64,False,250,200,swap_distal,130.0,80.0,64,post_swap,GCAMP12,9,4
65,7,GCAMP12_7_65,False,250,200,swap_distal,130.0,80.0,65,post_swap,GCAMP12,79,6
66,7,GCAMP12_7_66,False,250,200,swap_distal,130.0,80.0,66,post_swap,GCAMP12,83,5
67,7,GCAMP12_7_67,False,250,200,swap_distal,130.0,80.0,67,post_swap,GCAMP12,52,5
68,7,GCAMP12_7_68,False,250,200,swap_distal,130.0,80.0,68,post_swap,GCAMP12,83,5
69,7,GCAMP12_7_69,False,250,200,swap_distal,130.0,80.0,69,post_swap,GCAMP12,83,10
70,7,GCAMP12_7_70,True,250,200,swap_distal,130.0,80.0,70,post_swap,GCAMP12,86,10
71,7,GCAMP12_7_71,False,250,200,swap_distal,130.0,80.0,71,post_swap,GCAMP12,83,5
72,7,GCAMP12_7_72,False,250,200,swap_distal,130.0,80.0,72,post_swap,GCAMP12,52,5
73,7,GCAMP12_7_73,False,250,200,swap_distal,130.0,80.0,73,post_swap,GCAMP12,17,9
74,7,GCAMP12_7_74,False,250,200,swap_distal,130.0,80.0,74,post_swap,GCAMP12,51,5
75,7,GCAMP12_7_75,False,250,200,swap_distal,130.0,80.0,75,post_swap,GCAMP12,52,1
76,7,GCAMP12_7_76,False,250,200,swap_distal,130.0,80.0,76,post_swap,GCAMP12,52,5
77,7,GCAMP12_7_77,True,250,200,swap_distal,130.0,80.0,77,post_swap,GCAMP12,29,8
78,7,GCAMP12_7_78,False,250,200,swap_distal,130.0,80.0,78,post_swap,GCAMP12,83,5
79,7,GCAMP12_7_79,False,250,200,swap_distal,130.0,80.0,79,post_swap,GCAMP12,52,5
0,8,GCAMP12_8_0,False,250,200,swap_proximal,130.0,80.0,0,pre_swap,GCAMP12,82,5
1,8,GCAMP12_8_1,False,250,200,swap_proximal,130.0,80.0,1,pre_swap,GCAMP12,83,5
2,8,GCAMP12_8_2,False,250,200,swap_proximal,130.0,80.0,2,pre_swap,GCAMP12,83,9
3,8,GCAMP12_8_3,False,250,200,swap_proximal,130.0,80.0,3,pre_swap,GCAMP12,4,4
4,8,GCAMP12_8_4,True,250,200,swap_proximal,130.0,80.0,4,pre_swap,GCAMP12,36,1
5,8,GCAMP12_8_5,False,250,200,swap_proximal,130.0,80.0,5,pre_swap,GCAMP12,52,5
6,8,GCAMP12_8_6,False,250,200,swap_proximal,130.0,80.0,6,pre_swap,GCAMP12,4,1
7,8,GCAMP12_8_7,False,250,200,swap_proximal,130.0,80.0,7,pre_swap,GCAMP12,4,4
8,8,GCAMP12_8_8,False,250,200,swap_proximal,130.0,80.0,8,pre_swap,GCAMP12,51,5
9,8,GCAMP12_8_9,False,250,200,swap_proximal,130.0,80.0,9,pre_swap,GCAMP12,4,9
10,8,GCAMP12_8_10,False,250,200,swap_proximal,130.0,80.0,10,pre_swap,GCAMP12,52,5
11,8,GCAMP12_8_11,True,250,200,swap_proximal,130.0,80.0,11,pre_swap,GCAMP12,65,6
12,8,GCAMP12_8_12,False,250,200,swap_proximal,130.0,80.0,12,pre_swap,GCAMP12,17,5
13,8,GCAMP12_8_13,False,250,200,swap_proximal,130.0,80.0,13,pre_swap,GCAMP12,17,5
14,8,GCAMP12_8_14,False,250,200,swap_proximal,130.0,80.0,14,pre_swap,GCAMP12,12,9
15,8,GCAMP12_8_15,False,250,200,swap_proximal,130.0,80.0,15,pre_swap,GCAMP12,82,5
16,8,GCAMP12_8_16,True,250,200,swap_proximal,130.0,80.0,16,pre_swap,GCAMP12,78,6
17,8,GCAMP12_8_17,True,250,200,swap_proximal,130.0,80.0,17,pre_swap,GCAMP12,86,10
18,8,GCAMP12_8_18,False,250,200,swap_proximal,130.0,80.0,18,pre_swap,GCAMP12,83,5
19,8,GCAMP12_8_19,False,250,200,swap_proximal,130.0,80.0,19,pre_swap,GCAMP12,17,9
20,8,GCAMP12_8_20,False,250,200,swap_proximal,130.0,80.0,20,pre_swap,GCAMP12,4,4
21,8,GCAMP12_8_21,True,250,200,swap_proximal,130.0,80.0,21,pre_swap,GCAMP12,96,0
22,8,GCAMP12_8_22,False,250,200,swap_proximal,130.0,80.0,22,pre_swap,GCAMP12,83,9
23,8,GCAMP12_8_23,False,250,200,swap_proximal,130.0,80.0,23,pre_swap,GCAMP12,17,5
24,8,GCAMP12_8_24,False,250,200,swap_proximal,130.0,80.0,24,pre_swap,GCAMP12,81,4
25,8,GCAMP12_8_25,False,250,200,swap_proximal,130.0,80.0,25,pre_swap,GCAMP12,52,5
26,8,GCAMP12_8_26,False,250,200,swap_proximal,130.0,80.0,26,pre_swap,GCAMP12,4,4
27,8,GCAMP12_8_27,False,250,200,swap_proximal,130.0,80.0,27,pre_swap,GCAMP12,17,5
28,8,GCAMP12_8_28,False,250,200,swap_proximal,130.0,80.0,28,pre_swap,GCAMP12,52,5
29,8,GCAMP12_8_29,True,250,200,swap_proximal,130.0,80.0,29,pre_swap,GCAMP12,36,1
30,8,GCAMP12_8_30,False,130,80,swap_proximal,250.0,200.0,30,post_swap,GCAMP12,48,8
31,8,GCAMP12_8_31,False,130,80,swap_proximal,250.0,200.0,31,post_swap,GCAMP12,72,8
32,8,GCAMP12_8_32,False,130,80,swap_proximal,250.0,200.0,32,post_swap,GCAMP12,77,7
33,8,GCAMP12_8_33,False,130,80,swap_proximal,250.0,200.0,33,post_swap,GCAMP12,72,7
34,8,GCAMP12_8_34,True,130,80,swap_proximal,250.0,200.0,34,post_swap,GCAMP12,86,10
35,8,GCAMP12_8_35,False,130,80,swap_proximal,250.0,200.0,35,post_swap,GCAMP12,72,7
36,8,GCAMP12_8_36,False,130,80,swap_proximal,250.0,200.0,36,post_swap,GCAMP12,40,3
37,8,GCAMP12_8_37,False,130,80,swap_proximal,250.0,200.0,37,post_swap,GCAMP12,39,3
38,8,GCAMP12_8_38,False,130,80,swap_proximal,250.0,200.0,38,post_swap,GCAMP12,27,3
39,8,GCAMP12_8_39,True,130,80,swap_proximal,250.0,200.0,39,post_swap,GCAMP12,53,1
40,8,GCAMP12_8_40,False,130,80,swap_proximal,250.0,200.0,40,post_swap,GCAMP12,27,3
41,8,GCAMP12_8_41,False,130,80,swap_proximal,250.0,200.0,41,post_swap,GCAMP12,40,3
42,8,GCAMP12_8_42,False,130,80,swap_proximal,250.0,200.0,42,post_swap,GCAMP12,40,3
43,8,GCAMP12_8_43,False,130,80,swap_proximal,250.0,200.0,43,post_swap,GCAMP12,40,3
44,8,GCAMP12_8_44,False,130,80,swap_proximal,250.0,200.0,44,post_swap,GCAMP12,27,3
45,8,GCAMP12_8_45,False,130,80,swap_proximal,250.0,200.0,45,post_swap,GCAMP12,40,7
46,8,GCAMP12_8_46,True,130,80,swap_proximal,250.0,200.0,46,post_swap,GCAMP12,85,9
47,8,GCAMP12_8_47,False,130,80,swap_proximal,250.0,200.0,47,post_swap,GCAMP12,40,3
48,8,GCAMP12_8_48,True,130,80,swap_proximal,250.0,200.0,48,post_swap,GCAMP12,31,1
49,8,GCAMP12_8_49,True,130,80,swap_proximal,250.0,200.0,49,post_swap,GCAMP12,53,9
50,8,GCAMP12_8_50,False,130,80,swap_proximal,250.0,200.0,50,post_swap,GCAMP12,39,3
51,8,GCAMP12_8_51,False,130,80,swap_proximal,250.0,200.0,51,post_swap,GCAMP12,70,3
52,8,GCAMP12_8_52,False,130,80,swap_proximal,250.0,200.0,52,post_swap,GCAMP12,27,3
53,8,GCAMP12_8_53,False,130,80,swap_proximal,250.0,200.0,53,post_swap,GCAMP12,35,3
54,8,GCAMP12_8_54,False,130,80,swap_proximal,250.0,200.0,54,post_swap,GCAMP12,27,3
55,8,GCAMP12_8_55,False,130,80,swap_proximal,250.0,200.0,55,post_swap,GCAMP12,39,3
56,8,GCAMP12_8_56,False,130,80,swap_proximal,250.0,200.0,56,post_swap,GCAMP12,77,3
57,8,GCAMP12_8_57,False,130,80,swap_proximal,250.0,200.0,57,post_swap,GCAMP12,27,3
58,8,GCAMP12_8_58,False,130,80,swap_proximal,250.0,200.0,58,post_swap,GCAMP12,39,3
59,8,GCAMP12_8_59,True,130,80,swap_proximal,250.0,200.0,59,post_swap,GCAMP12,31,5
60,8,GCAMP12_8_60,True,130,80,swap_proximal,250.0,200.0,60,post_swap,GCAMP12,47,8
61,8,GCAMP12_8_61,False,130,80,swap_proximal,250.0,200.0,61,post_swap,GCAMP12,27,3
62,8,GCAMP12_8_62,False,130,80,swap_proximal,250.0,200.0,62,post_swap,GCAMP12,70,3
63,8,GCAMP12_8_63,False,130,80,swap_proximal,250.0,200.0,63,post_swap,GCAMP12,46,3
64,8,GCAMP12_8_64,False,130,80,swap_proximal,250.0,200.0,64,post_swap,GCAMP12,39,3
65,8,GCAMP12_8_65,False,130,80,swap_proximal,250.0,200.0,65,post_swap,GCAMP12,27,3
66,8,GCAMP12_8_66,False,130,80,swap_proximal,250.0,200.0,66,post_swap,GCAMP12,70,3
67,8,GCAMP12_8_67,False,130,80,swap_proximal,250.0,200.0,67,post_swap,GCAMP12,46,3
68,8,GCAMP12_8_68,False,130,80,swap_proximal,250.0,200.0,68,post_swap,GCAMP12,27,3
69,8,GCAMP12_8_69,False,130,80,swap_proximal,250.0,200.0,69,post_swap,GCAMP12,68,3
70,8,GCAMP12_8_70,False,130,80,swap_proximal,250.0,200.0,70,post_swap,GCAMP12,46,3
71,8,GCAMP12_8_71,False,130,80,swap_proximal,250.0,200.0,71,post_swap,GCAMP12,46,3
72,8,GCAMP12_8_72,False,130,80,swap_proximal,250.0,200.0,72,post_swap,GCAMP12,40,7
73,8,GCAMP12_8_73,True,130,80,swap_proximal,250.0,200.0,73,post_swap,GCAMP12,86,10
74,8,GCAMP12_8_74,False,130,80,swap_proximal,250.0,200.0,74,post_swap,GCAMP12,39,3
75,8,GCAMP12_8_75,False,130,80,swap_proximal,250.0,200.0,75,post_swap,GCAMP12,39,3
76,8,GCAMP12_8_76,True,130,80,swap_proximal,250.0,200.0,76,post_swap,GCAMP12,86,10
77,8,GCAMP12_8_77,False,130,80,swap_proximal,250.0,200.0,77,post_swap,GCAMP12,46,3
78,8,GCAMP12_8_78,True,130,80,swap_proximal,250.0,200.0,78,post_swap,GCAMP12,65,1
79,8,GCAMP12_8_79,False,130,80,swap_proximal,250.0,200.0,79,post_swap,GCAMP12,35,3
0,10,GCAMP12_10_0,False,130,80,swap_distal,370.0,320.0,0,pre_swap,GCAMP12,78,10
1,10,GCAMP12_10_1,False,130,80,swap_distal,370.0,320.0,1,pre_swap,GCAMP12,0,3
2,10,GCAMP12_10_2,False,130,80,swap_distal,370.0,320.0,2,pre_swap,GCAMP12,43,3
3,10,GCAMP12_10_3,True,130,80,swap_distal,370.0,320.0,3,pre_swap,GCAMP12,51,9
4,10,GCAMP12_10_4,False,130,80,swap_distal,370.0,320.0,4,pre_swap,GCAMP12,72,7
5,10,GCAMP12_10_5,False,130,80,swap_distal,370.0,320.0,5,pre_swap,GCAMP12,16,3
6,10,GCAMP12_10_6,True,130,80,swap_distal,370.0,320.0,6,pre_swap,GCAMP12,52,5
7,10,GCAMP12_10_7,True,130,80,swap_distal,370.0,320.0,7,pre_swap,GCAMP12,52,5
8,10,GCAMP12_10_8,False,130,80,swap_distal,370.0,320.0,8,pre_swap,GCAMP12,16,3
9,10,GCAMP12_10_9,False,130,80,swap_distal,370.0,320.0,9,pre_swap,GCAMP12,35,3
10,10,GCAMP12_10_10,False,130,80,swap_distal,370.0,320.0,10,pre_swap,GCAMP12,0,5
11,10,GCAMP12_10_11,False,130,80,swap_distal,370.0,320.0,11,pre_swap,GCAMP12,46,3
12,10,GCAMP12_10_12,False,130,80,swap_distal,370.0,320.0,12,pre_swap,GCAMP12,70,3
13,10,GCAMP12_10_13,False,130,80,swap_distal,370.0,320.0,13,pre_swap,GCAMP12,46,3
14,10,GCAMP12_10_14,False,130,80,swap_distal,370.0,320.0,14,pre_swap,GCAMP12,16,3
15,10,GCAMP12_10_15,False,130,80,swap_distal,370.0,320.0,15,pre_swap,GCAMP12,76,3
16,10,GCAMP12_10_16,True,130,80,swap_distal,370.0,320.0,16,pre_swap,GCAMP12,26,9
17,10,GCAMP12_10_17,True,130,80,swap_distal,370.0,320.0,17,pre_swap,GCAMP12,31,5
18,10,GCAMP12_10_18,False,130,80,swap_distal,370.0,320.0,18,pre_swap,GCAMP12,59,3
19,10,GCAMP12_10_19,True,130,80,swap_distal,370.0,320.0,19,pre_swap,GCAMP12,-1,5
20,10,GCAMP12_10_20,False,130,80,swap_distal,370.0,320.0,20,pre_swap,GCAMP12,68,3
21,10,GCAMP12_10_21,False,130,80,swap_distal,370.0,320.0,21,pre_swap,GCAMP12,77,3
22,10,GCAMP12_10_22,False,130,80,swap_distal,370.0,320.0,22,pre_swap,GCAMP12,35,3
23,10,GCAMP12_10_23,False,130,80,swap_distal,370.0,320.0,23,pre_swap,GCAMP12,77,3
24,10,GCAMP12_10_24,False,130,80,swap_distal,370.0,320.0,24,pre_swap,GCAMP12,-1,3
25,10,GCAMP12_10_25,True,130,80,swap_distal,370.0,320.0,25,pre_swap,GCAMP12,31,5
26,10,GCAMP12_10_26,False,130,80,swap_distal,370.0,320.0,26,pre_swap,GCAMP12,27,3
27,10,GCAMP12_10_27,False,130,80,swap_distal,370.0,320.0,27,pre_swap,GCAMP12,77,3
28,10,GCAMP12_10_28,False,130,80,swap_distal,370.0,320.0,28,pre_swap,GCAMP12,68,3
29,10,GCAMP12_10_29,False,130,80,swap_distal,370.0,320.0,29,pre_swap,GCAMP12,77,3
30,10,GCAMP12_10_30,False,370,320,swap_distal,130.0,80.0,30,post_swap,GCAMP12,72,9
31,10,GCAMP12_10_31,False,370,320,swap_distal,130.0,80.0,31,post_swap,GCAMP12,72,9
32,10,GCAMP12_10_32,False,370,320,swap_distal,130.0,80.0,32,post_swap,GCAMP12,31,9
33,10,GCAMP12_10_33,False,370,320,swap_distal,130.0,80.0,33,post_swap,GCAMP12,65,1
34,10,GCAMP12_10_34,False,370,320,swap_distal,130.0,80.0,34,post_swap,GCAMP12,-1,6
35,10,GCAMP12_10_35,False,370,320,swap_distal,130.0,80.0,35,post_swap,GCAMP12,65,6
36,10,GCAMP12_10_36,False,370,320,swap_distal,130.0,80.0,36,post_swap,GCAMP12,65,1
37,10,GCAMP12_10_37,False,370,320,swap_distal,130.0,80.0,37,post_swap,GCAMP12,36,1
38,10,GCAMP12_10_38,True,370,320,swap_distal,130.0,80.0,38,post_swap,GCAMP12,78,6
39,10,GCAMP12_10_39,False,370,320,swap_distal,130.0,80.0,39,post_swap,GCAMP12,64,1
40,10,GCAMP12_10_40,False,370,320,swap_distal,130.0,80.0,40,post_swap,GCAMP12,41,1
41,10,GCAMP12_10_41,True,370,320,swap_distal,130.0,80.0,41,post_swap,GCAMP12,79,6
42,10,GCAMP12_10_42,False,370,320,swap_distal,130.0,80.0,42,post_swap,GCAMP12,36,6
43,10,GCAMP12_10_43,False,370,320,swap_distal,130.0,80.0,43,post_swap,GCAMP12,41,1
44,10,GCAMP12_10_44,False,370,320,swap_distal,130.0,80.0,44,post_swap,GCAMP12,41,2
45,10,GCAMP12_10_45,False,370,320,swap_distal,130.0,80.0,45,post_swap,GCAMP12,64,1
46,10,GCAMP12_10_46,True,370,320,swap_distal,130.0,80.0,46,post_swap,GCAMP12,79,6
47,10,GCAMP12_10_47,False,370,320,swap_distal,130.0,80.0,47,post_swap,GCAMP12,65,1
48,10,GCAMP12_10_48,False,370,320,swap_distal,130.0,80.0,48,post_swap,GCAMP12,99,0
49,10,GCAMP12_10_49,False,370,320,swap_distal,130.0,80.0,49,post_swap,GCAMP12,95,0
50,10,GCAMP12_10_50,True,370,320,swap_distal,130.0,80.0,50,post_swap,GCAMP12,86,10
51,10,GCAMP12_10_51,False,370,320,swap_distal,130.0,80.0,51,post_swap,GCAMP12,65,1
52,10,GCAMP12_10_52,True,370,320,swap_distal,130.0,80.0,52,post_swap,GCAMP12,79,6
53,10,GCAMP12_10_53,False,370,320,swap_distal,130.0,80.0,53,post_swap,GCAMP12,65,1
54,10,GCAMP12_10_54,False,370,320,swap_distal,130.0,80.0,54,post_swap,GCAMP12,96,2
55,10,GCAMP12_10_55,False,370,320,swap_distal,130.0,80.0,55,post_swap,GCAMP12,97,2
56,10,GCAMP12_10_56,False,370,320,swap_distal,130.0,80.0,56,post_swap,GCAMP12,41,2
57,10,GCAMP12_10_57,False,370,320,swap_distal,130.0,80.0,57,post_swap,GCAMP12,1,2
58,10,GCAMP12_10_58,True,370,320,swap_distal,130.0,80.0,58,post_swap,GCAMP12,22,6
59,10,GCAMP12_10_59,False,370,320,swap_distal,130.0,80.0,59,post_swap,GCAMP12,65,1
60,10,GCAMP12_10_60,True,370,320,swap_distal,130.0,80.0,60,post_swap,GCAMP12,22,0
61,10,GCAMP12_10_61,False,370,320,swap_distal,130.0,80.0,61,post_swap,GCAMP12,99,2
62,10,GCAMP12_10_62,False,370,320,swap_distal,130.0,80.0,62,post_swap,GCAMP12,36,1
63,10,GCAMP12_10_63,False,370,320,swap_distal,130.0,80.0,63,post_swap,GCAMP12,12,0
64,10,GCAMP12_10_64,False,370,320,swap_distal,130.0,80.0,64,post_swap,GCAMP12,36,1
65,10,GCAMP12_10_65,True,370,320,swap_distal,130.0,80.0,65,post_swap,GCAMP12,-1,0
66,10,GCAMP12_10_66,False,370,320,swap_distal,130.0,80.0,66,post_swap,GCAMP12,1,2
67,10,GCAMP12_10_67,False,370,320,swap_distal,130.0,80.0,67,post_swap,GCAMP12,91,2
68,10,GCAMP12_10_68,False,370,320,swap_distal,130.0,80.0,68,post_swap,GCAMP12,19,2
69,10,GCAMP12_10_69,False,370,320,swap_distal,130.0,80.0,69,post_swap,GCAMP12,1,6
70,10,GCAMP12_10_70,False,370,320,swap_distal,130.0,80.0,70,post_swap,GCAMP12,41,2
71,10,GCAMP12_10_71,False,370,320,swap_distal,130.0,80.0,71,post_swap,GCAMP12,36,1
72,10,GCAMP12_10_72,False,370,320,swap_distal,130.0,80.0,72,post_swap,GCAMP12,21,6
74,10,GCAMP12_10_74,False,370,320,swap_distal,130.0,80.0,74,post_swap,GCAMP12,60,6
75,10,GCAMP12_10_75,True,370,320,swap_distal,130.0,80.0,75,post_swap,GCAMP12,78,6
76,10,GCAMP12_10_76,True,370,320,swap_distal,130.0,80.0,76,post_swap,GCAMP12,86,10
77,10,GCAMP12_10_77,False,370,320,swap_distal,130.0,80.0,77,post_swap,GCAMP12,65,1
78,10,GCAMP12_10_78,True,370,320,swap_distal,130.0,80.0,78,post_swap,GCAMP12,79,6
79,10,GCAMP12_10_79,False,370,320,swap_distal,130.0,80.0,79,post_swap,GCAMP12,65,1
0,12,GCAMP12_12_0,False,370,320,swap_proximal,250.0,200.0,0,pre_swap,GCAMP12,67,1
1,12,GCAMP12_12_1,True,370,320,swap_proximal,250.0,200.0,1,pre_swap,GCAMP12,78,6
2,12,GCAMP12_12_2,False,370,320,swap_proximal,250.0,200.0,2,pre_swap,GCAMP12,95,2
3,12,GCAMP12_12_3,False,370,320,swap_proximal,250.0,200.0,3,pre_swap,GCAMP12,36,1
4,12,GCAMP12_12_4,False,370,320,swap_proximal,250.0,200.0,4,pre_swap,GCAMP12,92,2
5,12,GCAMP12_12_5,True,370,320,swap_proximal,250.0,200.0,5,pre_swap,GCAMP12,3,0
6,12,GCAMP12_12_6,False,370,320,swap_proximal,250.0,200.0,6,pre_swap,GCAMP12,41,2
7,12,GCAMP12_12_7,False,370,320,swap_proximal,250.0,200.0,7,pre_swap,GCAMP12,95,2
8,12,GCAMP12_12_8,True,370,320,swap_proximal,250.0,200.0,8,pre_swap,GCAMP12,3,0
9,12,GCAMP12_12_9,True,370,320,swap_proximal,250.0,200.0,9,pre_swap,GCAMP12,60,6
10,12,GCAMP12_12_10,False,370,320,swap_proximal,250.0,200.0,10,pre_swap,GCAMP12,36,1
11,12,GCAMP12_12_11,False,370,320,swap_proximal,250.0,200.0,11,pre_swap,GCAMP12,1,2
12,12,GCAMP12_12_12,False,370,320,swap_proximal,250.0,200.0,12,pre_swap,GCAMP12,1,2
13,12,GCAMP12_12_13,False,370,320,swap_proximal,250.0,200.0,13,pre_swap,GCAMP12,-1,2
14,12,GCAMP12_12_14,False,370,320,swap_proximal,250.0,200.0,14,pre_swap,GCAMP12,36,1
15,12,GCAMP12_12_15,True,370,320,swap_proximal,250.0,200.0,15,pre_swap,GCAMP12,57,6
16,12,GCAMP12_12_16,False,370,320,swap_proximal,250.0,200.0,16,pre_swap,GCAMP12,-1,6
17,12,GCAMP12_12_17,False,370,320,swap_proximal,250.0,200.0,17,pre_swap,GCAMP12,-1,2
18,12,GCAMP12_12_18,False,370,320,swap_proximal,250.0,200.0,18,pre_swap,GCAMP12,21,6
19,12,GCAMP12_12_19,False,370,320,swap_proximal,250.0,200.0,19,pre_swap,GCAMP12,67,10
20,12,GCAMP12_12_20,False,370,320,swap_proximal,250.0,200.0,20,pre_swap,GCAMP12,65,1
21,12,GCAMP12_12_21,False,370,320,swap_proximal,250.0,200.0,21,pre_swap,GCAMP12,36,1
22,12,GCAMP12_12_22,False,370,320,swap_proximal,250.0,200.0,22,pre_swap,GCAMP12,41,2
23,12,GCAMP12_12_23,False,370,320,swap_proximal,250.0,200.0,23,pre_swap,GCAMP12,89,2
24,12,GCAMP12_12_24,True,370,320,swap_proximal,250.0,200.0,24,pre_swap,GCAMP12,78,6
25,12,GCAMP12_12_25,False,370,320,swap_proximal,250.0,200.0,25,pre_swap,GCAMP12,1,1
26,12,GCAMP12_12_26,False,370,320,swap_proximal,250.0,200.0,26,pre_swap,GCAMP12,24,2
27,12,GCAMP12_12_27,False,370,320,swap_proximal,250.0,200.0,27,pre_swap,GCAMP12,65,1
28,12,GCAMP12_12_28,False,370,320,swap_proximal,250.0,200.0,28,pre_swap,GCAMP12,95,2
29,12,GCAMP12_12_29,False,370,320,swap_proximal,250.0,200.0,29,pre_swap,GCAMP12,64,1
30,12,GCAMP12_12_30,True,250,200,swap_proximal,370.0,320.0,30,post_swap,GCAMP12,22,0
31,12,GCAMP12_12_31,False,250,200,swap_proximal,370.0,320.0,31,post_swap,GCAMP12,78,6
32,12,GCAMP12_12_32,False,250,200,swap_proximal,370.0,320.0,32,post_swap,GCAMP12,85,10
33,12,GCAMP12_12_33,False,250,200,swap_proximal,370.0,320.0,33,post_swap,GCAMP12,3,0
34,12,GCAMP12_12_34,False,250,200,swap_proximal,370.0,320.0,34,post_swap,GCAMP12,78,10
35,12,GCAMP12_12_35,False,250,200,swap_proximal,370.0,320.0,35,post_swap,GCAMP12,78,6
36,12,GCAMP12_12_36,True,250,200,swap_proximal,370.0,320.0,36,post_swap,GCAMP12,86,10
37,12,GCAMP12_12_37,False,250,200,swap_proximal,370.0,320.0,37,post_swap,GCAMP12,78,6
38,12,GCAMP12_12_38,False,250,200,swap_proximal,370.0,320.0,38,post_swap,GCAMP12,52,5
39,12,GCAMP12_12_39,False,250,200,swap_proximal,370.0,320.0,39,post_swap,GCAMP12,17,6
40,12,GCAMP12_12_40,False,250,200,swap_proximal,370.0,320.0,40,post_swap,GCAMP12,-1,6
41,12,GCAMP12_12_41,False,250,200,swap_proximal,370.0,320.0,41,post_swap,GCAMP12,85,10
42,12,GCAMP12_12_42,False,250,200,swap_proximal,370.0,320.0,42,post_swap,GCAMP12,51,5
43,12,GCAMP12_12_43,False,250,200,swap_proximal,370.0,320.0,43,post_swap,GCAMP12,52,1
44,12,GCAMP12_12_44,False,250,200,swap_proximal,370.0,320.0,44,post_swap,GCAMP12,52,9
45,12,GCAMP12_12_45,False,250,200,swap_proximal,370.0,320.0,45,post_swap,GCAMP12,82,10
46,12,GCAMP12_12_46,False,250,200,swap_proximal,370.0,320.0,46,post_swap,GCAMP12,78,6
47,12,GCAMP12_12_47,True,250,200,swap_proximal,370.0,320.0,47,post_swap,GCAMP12,78,10
48,12,GCAMP12_12_48,False,250,200,swap_proximal,370.0,320.0,48,post_swap,GCAMP12,78,6
49,12,GCAMP12_12_49,False,250,200,swap_proximal,370.0,320.0,49,post_swap,GCAMP12,51,5
50,12,GCAMP12_12_50,False,250,200,swap_proximal,370.0,320.0,50,post_swap,GCAMP12,4,4
51,12,GCAMP12_12_51,True,250,200,swap_proximal,370.0,320.0,51,post_swap,GCAMP12,79,6
52,12,GCAMP12_12_52,False,250,200,swap_proximal,370.0,320.0,52,post_swap,GCAMP12,14,4
53,12,GCAMP12_12_53,False,250,200,swap_proximal,370.0,320.0,53,post_swap,GCAMP12,51,5
54,12,GCAMP12_12_54,False,250,200,swap_proximal,370.0,320.0,54,post_swap,GCAMP12,51,5
55,12,GCAMP12_12_55,False,250,200,swap_proximal,370.0,320.0,55,post_swap,GCAMP12,23,4
56,12,GCAMP12_12_56,False,250,200,swap_proximal,370.0,320.0,56,post_swap,GCAMP12,9,4
57,12,GCAMP12_12_57,False,250,200,swap_proximal,370.0,320.0,57,post_swap,GCAMP12,17,5
58,12,GCAMP12_12_58,False,250,200,swap_proximal,370.0,320.0,58,post_swap,GCAMP12,51,5
59,12,GCAMP12_12_59,False,250,200,swap_proximal,370.0,320.0,59,post_swap,GCAMP12,4,6
60,12,GCAMP12_12_60,False,250,200,swap_proximal,370.0,320.0,60,post_swap,GCAMP12,4,4
61,12,GCAMP12_12_61,False,250,200,swap_proximal,370.0,320.0,61,post_swap,GCAMP12,4,4
62,12,GCAMP12_12_62,False,250,200,swap_proximal,370.0,320.0,62,post_swap,GCAMP12,79,6
63,12,GCAMP12_12_63,False,250,200,swap_proximal,370.0,320.0,63,post_swap,GCAMP12,63,4
64,12,GCAMP12_12_64,False,250,200,swap_proximal,370.0,320.0,64,post_swap,GCAMP12,4,4
65,12,GCAMP12_12_65,False,250,200,swap_proximal,370.0,320.0,65,post_swap,GCAMP12,9,6
66,12,GCAMP12_12_66,False,250,200,swap_proximal,370.0,320.0,66,post_swap,GCAMP12,4,5
67,12,GCAMP12_12_67,False,250,200,swap_proximal,370.0,320.0,67,post_swap,GCAMP12,9,4
68,12,GCAMP12_12_68,False,250,200,swap_proximal,370.0,320.0,68,post_swap,GCAMP12,52,5
69,12,GCAMP12_12_69,False,250,200,swap_proximal,370.0,320.0,69,post_swap,GCAMP12,6,4
70,12,GCAMP12_12_70,True,250,200,swap_proximal,370.0,320.0,70,post_swap,GCAMP12,78,6
71,12,GCAMP12_12_71,True,250,200,swap_proximal,370.0,320.0,71,post_swap,GCAMP12,79,6
72,12,GCAMP12_12_72,False,250,200,swap_proximal,370.0,320.0,72,post_swap,GCAMP12,4,6
73,12,GCAMP12_12_73,False,250,200,swap_proximal,370.0,320.0,73,post_swap,GCAMP12,9,4
74,12,GCAMP12_12_74,False,250,200,swap_proximal,370.0,320.0,74,post_swap,GCAMP12,4,5
75,12,GCAMP12_12_75,False,250,200,swap_proximal,370.0,320.0,75,post_swap,GCAMP12,81,4
76,12,GCAMP12_12_76,False,250,200,swap_proximal,370.0,320.0,76,post_swap,GCAMP12,6,4
77,12,GCAMP12_12_77,False,250,200,swap_proximal,370.0,320.0,77,post_swap,GCAMP12,17,5
78,12,GCAMP12_12_78,False,250,200,swap_proximal,370.0,320.0,78,post_swap,GCAMP12,4,4
79,12,GCAMP12_12_79,False,250,200,swap_proximal,370.0,320.0,79,post_swap,GCAMP12,4,4
0,14,GCAMP12_14_0,False,250,200,swap_proximal,130.0,80.0,0,pre_swap,GCAMP12,83,5
1,14,GCAMP12_14_1,False,250,200,swap_proximal,130.0,80.0,1,pre_swap,GCAMP12,18,4
2,14,GCAMP12_14_2,False,250,200,swap_proximal,130.0,80.0,2,pre_swap,GCAMP12,4,4
3,14,GCAMP12_14_3,True,250,200,swap_proximal,130.0,80.0,3,pre_swap,GCAMP12,1,2
4,14,GCAMP12_14_4,False,250,200,swap_proximal,130.0,80.0,4,pre_swap,GCAMP12,14,4
5,14,GCAMP12_14_5,True,250,200,swap_proximal,130.0,80.0,5,pre_swap,GCAMP12,1,6
6,14,GCAMP12_14_6,False,250,200,swap_proximal,130.0,80.0,6,pre_swap,GCAMP12,4,4
7,14,GCAMP12_14_7,True,250,200,swap_proximal,130.0,80.0,7,pre_swap,GCAMP12,1,6
8,14,GCAMP12_14_8,False,250,200,swap_proximal,130.0,80.0,8,pre_swap,GCAMP12,14,4
9,14,GCAMP12_14_9,False,250,200,swap_proximal,130.0,80.0,9,pre_swap,GCAMP12,4,4
10,14,GCAMP12_14_10,False,250,200,swap_proximal,130.0,80.0,10,pre_swap,GCAMP12,6,4
11,14,GCAMP12_14_11,False,250,200,swap_proximal,130.0,80.0,11,pre_swap,GCAMP12,81,4
12,14,GCAMP12_14_12,True,250,200,swap_proximal,130.0,80.0,12,pre_swap,GCAMP12,4,1
13,14,GCAMP12_14_13,False,250,200,swap_proximal,130.0,80.0,13,pre_swap,GCAMP12,4,5
14,14,GCAMP12_14_14,False,250,200,swap_proximal,130.0,80.0,14,pre_swap,GCAMP12,81,4
15,14,GCAMP12_14_15,False,250,200,swap_proximal,130.0,80.0,15,pre_swap,GCAMP12,81,4
16,14,GCAMP12_14_16,False,250,200,swap_proximal,130.0,80.0,16,pre_swap,GCAMP12,51,5
17,14,GCAMP12_14_17,False,250,200,swap_proximal,130.0,80.0,17,pre_swap,GCAMP12,4,4
18,14,GCAMP12_14_18,False,250,200,swap_proximal,130.0,80.0,18,pre_swap,GCAMP12,81,4
19,14,GCAMP12_14_19,False,250,200,swap_proximal,130.0,80.0,19,pre_swap,GCAMP12,83,5
20,14,GCAMP12_14_20,False,250,200,swap_proximal,130.0,80.0,20,pre_swap,GCAMP12,9,4
21,14,GCAMP12_14_21,False,250,200,swap_proximal,130.0,80.0,21,pre_swap,GCAMP12,52,5
22,14,GCAMP12_14_22,False,250,200,swap_proximal,130.0,80.0,22,pre_swap,GCAMP12,17,5
23,14,GCAMP12_14_23,False,250,200,swap_proximal,130.0,80.0,23,pre_swap,GCAMP12,51,5
24,14,GCAMP12_14_24,False,250,200,swap_proximal,130.0,80.0,24,pre_swap,GCAMP12,4,5
25,14,GCAMP12_14_25,True,250,200,swap_proximal,130.0,80.0,25,pre_swap,GCAMP12,78,6
26,14,GCAMP12_14_26,False,250,200,swap_proximal,130.0,80.0,26,pre_swap,GCAMP12,4,5
27,14,GCAMP12_14_27,False,250,200,swap_proximal,130.0,80.0,27,pre_swap,GCAMP12,13,4
28,14,GCAMP12_14_28,True,250,200,swap_proximal,130.0,80.0,28,pre_swap,GCAMP12,65,1
29,14,GCAMP12_14_29,False,250,200,swap_proximal,130.0,80.0,29,pre_swap,GCAMP12,4,5
30,14,GCAMP12_14_30,False,130,80,swap_proximal,250.0,200.0,30,post_swap,GCAMP12,26,5
31,14,GCAMP12_14_31,True,130,80,swap_proximal,250.0,200.0,31,post_swap,GCAMP12,65,6
32,14,GCAMP12_14_32,False,130,80,swap_proximal,250.0,200.0,32,post_swap,GCAMP12,26,5
33,14,GCAMP12_14_33,True,130,80,swap_proximal,250.0,200.0,33,post_swap,GCAMP12,67,1
34,14,GCAMP12_14_34,False,130,80,swap_proximal,250.0,200.0,34,post_swap,GCAMP12,72,6
35,14,GCAMP12_14_35,False,130,80,swap_proximal,250.0,200.0,35,post_swap,GCAMP12,39,3
36,14,GCAMP12_14_36,False,130,80,swap_proximal,250.0,200.0,36,post_swap,GCAMP12,40,7
37,14,GCAMP12_14_37,True,130,80,swap_proximal,250.0,200.0,37,post_swap,GCAMP12,83,9
38,14,GCAMP12_14_38,False,130,80,swap_proximal,250.0,200.0,38,post_swap,GCAMP12,39,3
39,14,GCAMP12_14_39,False,130,80,swap_proximal,250.0,200.0,39,post_swap,GCAMP12,83,10
40,14,GCAMP12_14_40,False,130,80,swap_proximal,250.0,200.0,40,post_swap,GCAMP12,40,7
41,14,GCAMP12_14_41,False,130,80,swap_proximal,250.0,200.0,41,post_swap,GCAMP12,39,3
42,14,GCAMP12_14_42,False,130,80,swap_proximal,250.0,200.0,42,post_swap,GCAMP12,40,7
43,14,GCAMP12_14_43,False,130,80,swap_proximal,250.0,200.0,43,post_swap,GCAMP12,40,7
44,14,GCAMP12_14_44,False,130,80,swap_proximal,250.0,200.0,44,post_swap,GCAMP12,39,3
45,14,GCAMP12_14_45,False,130,80,swap_proximal,250.0,200.0,45,post_swap,GCAMP12,40,7
46,14,GCAMP12_14_46,False,130,80,swap_proximal,250.0,200.0,46,post_swap,GCAMP12,40,7
47,14,GCAMP12_14_47,False,130,80,swap_proximal,250.0,200.0,47,post_swap,GCAMP12,39,3
48,14,GCAMP12_14_48,False,130,80,swap_proximal,250.0,200.0,48,post_swap,GCAMP12,40,7
49,14,GCAMP12_14_49,False,130,80,swap_proximal,250.0,200.0,49,post_swap,GCAMP12,40,7
50,14,GCAMP12_14_50,False,130,80,swap_proximal,250.0,200.0,50,post_swap,GCAMP12,40,7
51,14,GCAMP12_14_51,False,130,80,swap_proximal,250.0,200.0,51,post_swap,GCAMP12,46,3
52,14,GCAMP12_14_52,False,130,80,swap_proximal,250.0,200.0,52,post_swap,GCAMP12,40,7
53,14,GCAMP12_14_53,False,130,80,swap_proximal,250.0,200.0,53,post_swap,GCAMP12,39,3
54,14,GCAMP12_14_54,True,130,80,swap_proximal,250.0,200.0,54,post_swap,GCAMP12,83,9
55,14,GCAMP12_14_55,False,130,80,swap_proximal,250.0,200.0,55,post_swap,GCAMP12,40,7
56,14,GCAMP12_14_56,False,130,80,swap_proximal,250.0,200.0,56,post_swap,GCAMP12,27,3
57,14,GCAMP12_14_57,False,130,80,swap_proximal,250.0,200.0,57,post_swap,GCAMP12,40,7
58,14,GCAMP12_14_58,False,130,80,swap_proximal,250.0,200.0,58,post_swap,GCAMP12,40,9
59,14,GCAMP12_14_59,True,130,80,swap_proximal,250.0,200.0,59,post_swap,GCAMP12,65,1
60,14,GCAMP12_14_60,False,130,80,swap_proximal,250.0,200.0,60,post_swap,GCAMP12,27,3
61,14,GCAMP12_14_61,False,130,80,swap_proximal,250.0,200.0,61,post_swap,GCAMP12,39,3
62,14,GCAMP12_14_62,False,130,80,swap_proximal,250.0,200.0,62,post_swap,GCAMP12,-1,3
63,14,GCAMP12_14_63,False,130,80,swap_proximal,250.0,200.0,63,post_swap,GCAMP12,40,7
64,14,GCAMP12_14_64,False,130,80,swap_proximal,250.0,200.0,64,post_swap,GCAMP12,27,3
65,14,GCAMP12_14_65,False,130,80,swap_proximal,250.0,200.0,65,post_swap,GCAMP12,39,3
66,14,GCAMP12_14_66,False,130,80,swap_proximal,250.0,200.0,66,post_swap,GCAMP12,27,3
67,14,GCAMP12_14_67,False,130,80,swap_proximal,250.0,200.0,67,post_swap,GCAMP12,40,3
68,14,GCAMP12_14_68,False,130,80,swap_proximal,250.0,200.0,68,post_swap,GCAMP12,27,3
69,14,GCAMP12_14_69,False,130,80,swap_proximal,250.0,200.0,69,post_swap,GCAMP12,27,3
70,14,GCAMP12_14_70,False,130,80,swap_proximal,250.0,200.0,70,post_swap,GCAMP12,77,3
71,14,GCAMP12_14_71,False,130,80,swap_proximal,250.0,200.0,71,post_swap,GCAMP12,40,7
72,14,GCAMP12_14_72,False,130,80,swap_proximal,250.0,200.0,72,post_swap,GCAMP12,27,3
73,14,GCAMP12_14_73,False,130,80,swap_proximal,250.0,200.0,73,post_swap,GCAMP12,27,3
74,14,GCAMP12_14_74,False,130,80,swap_proximal,250.0,200.0,74,post_swap,GCAMP12,72,7
75,14,GCAMP12_14_75,False,130,80,swap_proximal,250.0,200.0,75,post_swap,GCAMP12,40,3
76,14,GCAMP12_14_76,False,130,80,swap_proximal,250.0,200.0,76,post_swap,GCAMP12,40,3
77,14,GCAMP12_14_77,False,130,80,swap_proximal,250.0,200.0,77,post_swap,GCAMP12,27,3
78,14,GCAMP12_14_78,False,130,80,swap_proximal,250.0,200.0,78,post_swap,GCAMP12,77,3
79,14,GCAMP12_14_79,True,130,80,swap_proximal,250.0,200.0,79,post_swap,GCAMP12,83,9
0,3,GCAMP13_3_0,True,370,320,swap_proximal,250.0,200.0,0,pre_swap,GCAMP13,78,10
1,3,GCAMP13_3_1,False,370,320,swap_proximal,250.0,200.0,1,pre_swap,GCAMP13,21,1
2,3,GCAMP13_3_2,False,370,320,swap_proximal,250.0,200.0,2,pre_swap,GCAMP13,19,2
3,3,GCAMP13_3_3,False,370,320,swap_proximal,250.0,200.0,3,pre_swap,GCAMP13,7,2
4,3,GCAMP13_3_4,True,370,320,swap_proximal,250.0,200.0,4,pre_swap,GCAMP13,29,6
5,3,GCAMP13_3_5,False,370,320,swap_proximal,250.0,200.0,5,pre_swap,GCAMP13,67,10
6,3,GCAMP13_3_6,False,370,320,swap_proximal,250.0,200.0,6,pre_swap,GCAMP13,90,2
7,3,GCAMP13_3_7,False,370,320,swap_proximal,250.0,200.0,7,pre_swap,GCAMP13,41,2
8,3,GCAMP13_3_8,False,370,320,swap_proximal,250.0,200.0,8,pre_swap,GCAMP13,25,2
9,3,GCAMP13_3_9,False,370,320,swap_proximal,250.0,200.0,9,pre_swap,GCAMP13,90,2
10,3,GCAMP13_3_10,False,370,320,swap_proximal,250.0,200.0,10,pre_swap,GCAMP13,36,1
11,3,GCAMP13_3_11,False,370,320,swap_proximal,250.0,200.0,11,pre_swap,GCAMP13,36,1
12,3,GCAMP13_3_12,False,370,320,swap_proximal,250.0,200.0,12,pre_swap,GCAMP13,90,2
13,3,GCAMP13_3_13,False,370,320,swap_proximal,250.0,200.0,13,pre_swap,GCAMP13,21,2
14,3,GCAMP13_3_14,True,370,320,swap_proximal,250.0,200.0,14,pre_swap,GCAMP13,78,6
15,3,GCAMP13_3_15,False,370,320,swap_proximal,250.0,200.0,15,pre_swap,GCAMP13,67,10
16,3,GCAMP13_3_16,False,370,320,swap_proximal,250.0,200.0,16,pre_swap,GCAMP13,67,10
17,3,GCAMP13_3_17,False,370,320,swap_proximal,250.0,200.0,17,pre_swap,GCAMP13,36,1
18,3,GCAMP13_3_18,False,370,320,swap_proximal,250.0,200.0,18,pre_swap,GCAMP13,93,0
19,3,GCAMP13_3_19,False,370,320,swap_proximal,250.0,200.0,19,pre_swap,GCAMP13,36,1
20,3,GCAMP13_3_20,False,370,320,swap_proximal,250.0,200.0,20,pre_swap,GCAMP13,25,2
21,3,GCAMP13_3_21,False,370,320,swap_proximal,250.0,200.0,21,pre_swap,GCAMP13,19,2
22,3,GCAMP13_3_22,False,370,320,swap_proximal,250.0,200.0,22,pre_swap,GCAMP13,7,2
23,3,GCAMP13_3_23,False,370,320,swap_proximal,250.0,200.0,23,pre_swap,GCAMP13,90,2
24,3,GCAMP13_3_24,False,370,320,swap_proximal,250.0,200.0,24,pre_swap,GCAMP13,19,2
25,3,GCAMP13_3_25,True,370,320,swap_proximal,250.0,200.0,25,pre_swap,GCAMP13,78,6
26,3,GCAMP13_3_26,False,370,320,swap_proximal,250.0,200.0,26,pre_swap,GCAMP13,67,10
27,3,GCAMP13_3_27,False,370,320,swap_proximal,250.0,200.0,27,pre_swap,GCAMP13,94,2
28,3,GCAMP13_3_28,False,370,320,swap_proximal,250.0,200.0,28,pre_swap,GCAMP13,10,0
29,3,GCAMP13_3_29,False,370,320,swap_proximal,250.0,200.0,29,pre_swap,GCAMP13,2,2
30,3,GCAMP13_3_30,True,250,200,swap_proximal,370.0,320.0,30,post_swap,GCAMP13,29,0
31,3,GCAMP13_3_31,False,250,200,swap_proximal,370.0,320.0,31,post_swap,GCAMP13,85,10
32,3,GCAMP13_3_32,False,250,200,swap_proximal,370.0,320.0,32,post_swap,GCAMP13,85,10
33,3,GCAMP13_3_33,True,250,200,swap_proximal,370.0,320.0,33,post_swap,GCAMP13,86,10
34,3,GCAMP13_3_34,True,250,200,swap_proximal,370.0,320.0,34,post_swap,GCAMP13,86,10
35,3,GCAMP13_3_35,False,250,200,swap_proximal,370.0,320.0,35,post_swap,GCAMP13,78,6
36,3,GCAMP13_3_36,False,250,200,swap_proximal,370.0,320.0,36,post_swap,GCAMP13,83,9
37,3,GCAMP13_3_37,False,250,200,swap_proximal,370.0,320.0,37,post_swap,GCAMP13,83,10
38,3,GCAMP13_3_38,False,250,200,swap_proximal,370.0,320.0,38,post_swap,GCAMP13,85,10
39,3,GCAMP13_3_39,False,250,200,swap_proximal,370.0,320.0,39,post_swap,GCAMP13,83,9
40,3,GCAMP13_3_40,False,250,200,swap_proximal,370.0,320.0,40,post_swap,GCAMP13,79,6
41,3,GCAMP13_3_41,True,250,200,swap_proximal,370.0,320.0,41,post_swap,GCAMP13,86,10
42,3,GCAMP13_3_42,False,250,200,swap_proximal,370.0,320.0,42,post_swap,GCAMP13,83,10
43,3,GCAMP13_3_43,False,250,200,swap_proximal,370.0,320.0,43,post_swap,GCAMP13,83,10
44,3,GCAMP13_3_44,True,250,200,swap_proximal,370.0,320.0,44,post_swap,GCAMP13,86,10
45,3,GCAMP13_3_45,False,250,200,swap_proximal,370.0,320.0,45,post_swap,GCAMP13,4,4
46,3,GCAMP13_3_46,False,250,200,swap_proximal,370.0,320.0,46,post_swap,GCAMP13,82,5
47,3,GCAMP13_3_47,False,250,200,swap_proximal,370.0,320.0,47,post_swap,GCAMP13,79,6
48,3,GCAMP13_3_48,False,250,200,swap_proximal,370.0,320.0,48,post_swap,GCAMP13,83,9
49,3,GCAMP13_3_49,False,250,200,swap_proximal,370.0,320.0,49,post_swap,GCAMP13,82,5
50,3,GCAMP13_3_50,False,250,200,swap_proximal,370.0,320.0,50,post_swap,GCAMP13,83,9
51,3,GCAMP13_3_51,True,250,200,swap_proximal,370.0,320.0,51,post_swap,GCAMP13,3,0
52,3,GCAMP13_3_52,False,250,200,swap_proximal,370.0,320.0,52,post_swap,GCAMP13,83,9
53,3,GCAMP13_3_53,False,250,200,swap_proximal,370.0,320.0,53,post_swap,GCAMP13,52,5
54,3,GCAMP13_3_54,True,250,200,swap_proximal,370.0,320.0,54,post_swap,GCAMP13,60,6
55,3,GCAMP13_3_55,False,250,200,swap_proximal,370.0,320.0,55,post_swap,GCAMP13,83,9
56,3,GCAMP13_3_56,False,250,200,swap_proximal,370.0,320.0,56,post_swap,GCAMP13,81,4
57,3,GCAMP13_3_57,False,250,200,swap_proximal,370.0,320.0,57,post_swap,GCAMP13,18,4
58,3,GCAMP13_3_58,False,250,200,swap_proximal,370.0,320.0,58,post_swap,GCAMP13,79,6
59,3,GCAMP13_3_59,False,250,200,swap_proximal,370.0,320.0,59,post_swap,GCAMP13,85,10
60,3,GCAMP13_3_60,False,250,200,swap_proximal,370.0,320.0,60,post_swap,GCAMP13,83,9
61,3,GCAMP13_3_61,False,250,200,swap_proximal,370.0,320.0,61,post_swap,GCAMP13,83,5
62,3,GCAMP13_3_62,False,250,200,swap_proximal,370.0,320.0,62,post_swap,GCAMP13,85,10
63,3,GCAMP13_3_63,False,250,200,swap_proximal,370.0,320.0,63,post_swap,GCAMP13,83,9
64,3,GCAMP13_3_64,False,250,200,swap_proximal,370.0,320.0,64,post_swap,GCAMP13,83,9
65,3,GCAMP13_3_65,False,250,200,swap_proximal,370.0,320.0,65,post_swap,GCAMP13,83,9
66,3,GCAMP13_3_66,False,250,200,swap_proximal,370.0,320.0,66,post_swap,GCAMP13,83,9
67,3,GCAMP13_3_67,True,250,200,swap_proximal,370.0,320.0,67,post_swap,GCAMP13,79,6
68,3,GCAMP13_3_68,False,250,200,swap_proximal,370.0,320.0,68,post_swap,GCAMP13,83,9
69,3,GCAMP13_3_69,False,250,200,swap_proximal,370.0,320.0,69,post_swap,GCAMP13,85,10
70,3,GCAMP13_3_70,False,250,200,swap_proximal,370.0,320.0,70,post_swap,GCAMP13,83,9
71,3,GCAMP13_3_71,False,250,200,swap_proximal,370.0,320.0,71,post_swap,GCAMP13,52,5
72,3,GCAMP13_3_72,False,250,200,swap_proximal,370.0,320.0,72,post_swap,GCAMP13,6,6
73,3,GCAMP13_3_73,False,250,200,swap_proximal,370.0,320.0,73,post_swap,GCAMP13,83,9
74,3,GCAMP13_3_74,False,250,200,swap_proximal,370.0,320.0,74,post_swap,GCAMP13,4,5
75,3,GCAMP13_3_75,True,250,200,swap_proximal,370.0,320.0,75,post_swap,GCAMP13,86,10
76,3,GCAMP13_3_76,False,250,200,swap_proximal,370.0,320.0,76,post_swap,GCAMP13,83,5
77,3,GCAMP13_3_77,False,250,200,swap_proximal,370.0,320.0,77,post_swap,GCAMP13,83,9
78,3,GCAMP13_3_78,False,250,200,swap_proximal,370.0,320.0,78,post_swap,GCAMP13,4,4
79,3,GCAMP13_3_79,False,250,200,swap_proximal,370.0,320.0,79,post_swap,GCAMP13,51,5
0,5,GCAMP13_5_0,False,250,200,swap_proximal,130.0,80.0,0,pre_swap,GCAMP13,51,5
1,5,GCAMP13_5_1,False,250,200,swap_proximal,130.0,80.0,1,pre_swap,GCAMP13,4,5
2,5,GCAMP13_5_2,False,250,200,swap_proximal,130.0,80.0,2,pre_swap,GCAMP13,83,9
3,5,GCAMP13_5_3,False,250,200,swap_proximal,130.0,80.0,3,pre_swap,GCAMP13,13,4
4,5,GCAMP13_5_4,False,250,200,swap_proximal,130.0,80.0,4,pre_swap,GCAMP13,52,5
5,5,GCAMP13_5_5,True,250,200,swap_proximal,130.0,80.0,5,pre_swap,GCAMP13,79,6
6,5,GCAMP13_5_6,False,250,200,swap_proximal,130.0,80.0,6,pre_swap,GCAMP13,83,9
7,5,GCAMP13_5_7,False,250,200,swap_proximal,130.0,80.0,7,pre_swap,GCAMP13,17,5
8,5,GCAMP13_5_8,False,250,200,swap_proximal,130.0,80.0,8,pre_swap,GCAMP13,4,5
9,5,GCAMP13_5_9,False,250,200,swap_proximal,130.0,80.0,9,pre_swap,GCAMP13,33,4
10,5,GCAMP13_5_10,False,250,200,swap_proximal,130.0,80.0,10,pre_swap,GCAMP13,83,9
11,5,GCAMP13_5_11,False,250,200,swap_proximal,130.0,80.0,11,pre_swap,GCAMP13,51,5
12,5,GCAMP13_5_12,False,250,200,swap_proximal,130.0,80.0,12,pre_swap,GCAMP13,51,5
13,5,GCAMP13_5_13,True,250,200,swap_proximal,130.0,80.0,13,pre_swap,GCAMP13,86,10
14,5,GCAMP13_5_14,False,250,200,swap_proximal,130.0,80.0,14,pre_swap,GCAMP13,83,9
15,5,GCAMP13_5_15,False,250,200,swap_proximal,130.0,80.0,15,pre_swap,GCAMP13,83,9
16,5,GCAMP13_5_16,False,250,200,swap_proximal,130.0,80.0,16,pre_swap,GCAMP13,4,5
17,5,GCAMP13_5_17,False,250,200,swap_proximal,130.0,80.0,17,pre_swap,GCAMP13,82,5
18,5,GCAMP13_5_18,False,250,200,swap_proximal,130.0,80.0,18,pre_swap,GCAMP13,83,9
19,5,GCAMP13_5_19,False,250,200,swap_proximal,130.0,80.0,19,pre_swap,GCAMP13,52,5
20,5,GCAMP13_5_20,False,250,200,swap_proximal,130.0,80.0,20,pre_swap,GCAMP13,82,5
21,5,GCAMP13_5_21,False,250,200,swap_proximal,130.0,80.0,21,pre_swap,GCAMP13,82,5
22,5,GCAMP13_5_22,False,250,200,swap_proximal,130.0,80.0,22,pre_swap,GCAMP13,4,4
23,5,GCAMP13_5_23,False,250,200,swap_proximal,130.0,80.0,23,pre_swap,GCAMP13,52,5
24,5,GCAMP13_5_24,False,250,200,swap_proximal,130.0,80.0,24,pre_swap,GCAMP13,12,6
25,5,GCAMP13_5_25,False,250,200,swap_proximal,130.0,80.0,25,pre_swap,GCAMP13,83,9
26,5,GCAMP13_5_26,False,250,200,swap_proximal,130.0,80.0,26,pre_swap,GCAMP13,83,9
27,5,GCAMP13_5_27,False,250,200,swap_proximal,130.0,80.0,27,pre_swap,GCAMP13,9,4
28,5,GCAMP13_5_28,False,250,200,swap_proximal,130.0,80.0,28,pre_swap,GCAMP13,4,5
29,5,GCAMP13_5_29,False,250,200,swap_proximal,130.0,80.0,29,pre_swap,GCAMP13,83,9
30,5,GCAMP13_5_30,True,130,80,swap_proximal,250.0,200.0,30,post_swap,GCAMP13,79,6
31,5,GCAMP13_5_31,False,130,80,swap_proximal,250.0,200.0,31,post_swap,GCAMP13,72,7
32,5,GCAMP13_5_32,False,130,80,swap_proximal,250.0,200.0,32,post_swap,GCAMP13,40,7
33,5,GCAMP13_5_33,False,130,80,swap_proximal,250.0,200.0,33,post_swap,GCAMP13,72,7
34,5,GCAMP13_5_34,False,130,80,swap_proximal,250.0,200.0,34,post_swap,GCAMP13,-1,1
35,5,GCAMP13_5_35,False,130,80,swap_proximal,250.0,200.0,35,post_swap,GCAMP13,72,7
36,5,GCAMP13_5_36,True,130,80,swap_proximal,250.0,200.0,36,post_swap,GCAMP13,78,10
37,5,GCAMP13_5_37,False,130,80,swap_proximal,250.0,200.0,37,post_swap,GCAMP13,72,7
38,5,GCAMP13_5_38,False,130,80,swap_proximal,250.0,200.0,38,post_swap,GCAMP13,72,7
39,5,GCAMP13_5_39,True,130,80,swap_proximal,250.0,200.0,39,post_swap,GCAMP13,67,1
40,5,GCAMP13_5_40,True,130,80,swap_proximal,250.0,200.0,40,post_swap,GCAMP13,67,10
41,5,GCAMP13_5_41,False,130,80,swap_proximal,250.0,200.0,41,post_swap,GCAMP13,48,8
42,5,GCAMP13_5_42,False,130,80,swap_proximal,250.0,200.0,42,post_swap,GCAMP13,71,7
43,5,GCAMP13_5_43,False,130,80,swap_proximal,250.0,200.0,43,post_swap,GCAMP13,48,8
44,5,GCAMP13_5_44,False,130,80,swap_proximal,250.0,200.0,44,post_swap,GCAMP13,71,7
45,5,GCAMP13_5_45,True,130,80,swap_proximal,250.0,200.0,45,post_swap,GCAMP13,78,6
46,5,GCAMP13_5_46,False,130,80,swap_proximal,250.0,200.0,46,post_swap,GCAMP13,40,7
47,5,GCAMP13_5_47,False,130,80,swap_proximal,250.0,200.0,47,post_swap,GCAMP13,40,7
48,5,GCAMP13_5_48,False,130,80,swap_proximal,250.0,200.0,48,post_swap,GCAMP13,72,7
49,5,GCAMP13_5_49,True,130,80,swap_proximal,250.0,200.0,49,post_swap,GCAMP13,83,9
50,5,GCAMP13_5_50,False,130,80,swap_proximal,250.0,200.0,50,post_swap,GCAMP13,72,7
51,5,GCAMP13_5_51,False,130,80,swap_proximal,250.0,200.0,51,post_swap,GCAMP13,-1,1
52,5,GCAMP13_5_52,False,130,80,swap_proximal,250.0,200.0,52,post_swap,GCAMP13,70,3
53,5,GCAMP13_5_53,False,130,80,swap_proximal,250.0,200.0,53,post_swap,GCAMP13,72,7
54,5,GCAMP13_5_54,True,130,80,swap_proximal,250.0,200.0,54,post_swap,GCAMP13,53,9
55,5,GCAMP13_5_55,False,130,80,swap_proximal,250.0,200.0,55,post_swap,GCAMP13,47,8
56,5,GCAMP13_5_56,False,130,80,swap_proximal,250.0,200.0,56,post_swap,GCAMP13,72,7
57,5,GCAMP13_5_57,True,130,80,swap_proximal,250.0,200.0,57,post_swap,GCAMP13,83,9
58,5,GCAMP13_5_58,False,130,80,swap_proximal,250.0,200.0,58,post_swap,GCAMP13,72,7
59,5,GCAMP13_5_59,False,130,80,swap_proximal,250.0,200.0,59,post_swap,GCAMP13,40,3
60,5,GCAMP13_5_60,True,130,80,swap_proximal,250.0,200.0,60,post_swap,GCAMP13,83,1
61,5,GCAMP13_5_61,False,130,80,swap_proximal,250.0,200.0,61,post_swap,GCAMP13,39,3
62,5,GCAMP13_5_62,False,130,80,swap_proximal,250.0,200.0,62,post_swap,GCAMP13,48,8
63,5,GCAMP13_5_63,False,130,80,swap_proximal,250.0,200.0,63,post_swap,GCAMP13,48,8
64,5,GCAMP13_5_64,False,130,80,swap_proximal,250.0,200.0,64,post_swap,GCAMP13,-1,8
65,5,GCAMP13_5_65,False,130,80,swap_proximal,250.0,200.0,65,post_swap,GCAMP13,40,7
66,5,GCAMP13_5_66,False,130,80,swap_proximal,250.0,200.0,66,post_swap,GCAMP13,72,8
67,5,GCAMP13_5_67,False,130,80,swap_proximal,250.0,200.0,67,post_swap,GCAMP13,40,7
68,5,GCAMP13_5_68,False,130,80,swap_proximal,250.0,200.0,68,post_swap,GCAMP13,40,7
69,5,GCAMP13_5_69,False,130,80,swap_proximal,250.0,200.0,69,post_swap,GCAMP13,71,7
70,5,GCAMP13_5_70,False,130,80,swap_proximal,250.0,200.0,70,post_swap,GCAMP13,40,3
71,5,GCAMP13_5_71,False,130,80,swap_proximal,250.0,200.0,71,post_swap,GCAMP13,40,3
72,5,GCAMP13_5_72,False,130,80,swap_proximal,250.0,200.0,72,post_swap,GCAMP13,35,3
73,5,GCAMP13_5_73,True,130,80,swap_proximal,250.0,200.0,73,post_swap,GCAMP13,67,1
74,5,GCAMP13_5_74,False,130,80,swap_proximal,250.0,200.0,74,post_swap,GCAMP13,39,9
75,5,GCAMP13_5_75,True,130,80,swap_proximal,250.0,200.0,75,post_swap,GCAMP13,52,1
76,5,GCAMP13_5_76,False,130,80,swap_proximal,250.0,200.0,76,post_swap,GCAMP13,27,3
77,5,GCAMP13_5_77,False,130,80,swap_proximal,250.0,200.0,77,post_swap,GCAMP13,72,7
78,5,GCAMP13_5_78,False,130,80,swap_proximal,250.0,200.0,78,post_swap,GCAMP13,40,7
79,5,GCAMP13_5_79,True,130,80,swap_proximal,250.0,200.0,79,post_swap,GCAMP13,72,10
0,7,GCAMP13_7_0,False,130,80,swap_distal,370.0,320.0,0,pre_swap,GCAMP13,7,0
1,7,GCAMP13_7_1,False,130,80,swap_distal,370.0,320.0,1,pre_swap,GCAMP13,16,7
2,7,GCAMP13_7_2,False,130,80,swap_distal,370.0,320.0,2,pre_swap,GCAMP13,27,3
3,7,GCAMP13_7_3,False,130,80,swap_distal,370.0,320.0,3,pre_swap,GCAMP13,35,3
4,7,GCAMP13_7_4,False,130,80,swap_distal,370.0,320.0,4,pre_swap,GCAMP13,43,3
5,7,GCAMP13_7_5,False,130,80,swap_distal,370.0,320.0,5,pre_swap,GCAMP13,40,7
6,7,GCAMP13_7_6,False,130,80,swap_distal,370.0,320.0,6,pre_swap,GCAMP13,34,3
7,7,GCAMP13_7_7,False,130,80,swap_distal,370.0,320.0,7,pre_swap,GCAMP13,27,3
8,7,GCAMP13_7_8,True,130,80,swap_distal,370.0,320.0,8,pre_swap,GCAMP13,31,5
9,7,GCAMP13_7_9,False,130,80,swap_distal,370.0,320.0,9,pre_swap,GCAMP13,70,3
10,7,GCAMP13_7_10,False,130,80,swap_distal,370.0,320.0,10,pre_swap,GCAMP13,34,3
11,7,GCAMP13_7_11,False,130,80,swap_distal,370.0,320.0,11,pre_swap,GCAMP13,77,3
12,7,GCAMP13_7_12,False,130,80,swap_distal,370.0,320.0,12,pre_swap,GCAMP13,44,3
13,7,GCAMP13_7_13,False,130,80,swap_distal,370.0,320.0,13,pre_swap,GCAMP13,27,3
14,7,GCAMP13_7_14,False,130,80,swap_distal,370.0,320.0,14,pre_swap,GCAMP13,46,3
15,7,GCAMP13_7_15,True,130,80,swap_distal,370.0,320.0,15,pre_swap,GCAMP13,26,5
16,7,GCAMP13_7_16,True,130,80,swap_distal,370.0,320.0,16,pre_swap,GCAMP13,26,5
17,7,GCAMP13_7_17,False,130,80,swap_distal,370.0,320.0,17,pre_swap,GCAMP13,46,3
18,7,GCAMP13_7_18,False,130,80,swap_distal,370.0,320.0,18,pre_swap,GCAMP13,35,3
19,7,GCAMP13_7_19,True,130,80,swap_distal,370.0,320.0,19,pre_swap,GCAMP13,26,5
20,7,GCAMP13_7_20,False,130,80,swap_distal,370.0,320.0,20,pre_swap,GCAMP13,77,3
21,7,GCAMP13_7_21,False,130,80,swap_distal,370.0,320.0,21,pre_swap,GCAMP13,46,3
22,7,GCAMP13_7_22,False,130,80,swap_distal,370.0,320.0,22,pre_swap,GCAMP13,35,3
23,7,GCAMP13_7_23,False,130,80,swap_distal,370.0,320.0,23,pre_swap,GCAMP13,31,5
24,7,GCAMP13_7_24,True,130,80,swap_distal,370.0,320.0,24,pre_swap,GCAMP13,27,3
25,7,GCAMP13_7_25,True,130,80,swap_distal,370.0,320.0,25,pre_swap,GCAMP13,27,5
26,7,GCAMP13_7_26,False,130,80,swap_distal,370.0,320.0,26,pre_swap,GCAMP13,27,3
27,7,GCAMP13_7_27,False,130,80,swap_distal,370.0,320.0,27,pre_swap,GCAMP13,35,5
28,7,GCAMP13_7_28,False,130,80,swap_distal,370.0,320.0,28,pre_swap,GCAMP13,59,3
29,7,GCAMP13_7_29,False,130,80,swap_distal,370.0,320.0,29,pre_swap,GCAMP13,46,3
30,7,GCAMP13_7_30,False,370,320,swap_distal,130.0,80.0,30,post_swap,GCAMP13,72,7
31,7,GCAMP13_7_31,False,370,320,swap_distal,130.0,80.0,31,post_swap,GCAMP13,72,9
32,7,GCAMP13_7_32,False,370,320,swap_distal,130.0,80.0,32,post_swap,GCAMP13,65,1
33,7,GCAMP13_7_33,False,370,320,swap_distal,130.0,80.0,33,post_swap,GCAMP13,67,1
34,7,GCAMP13_7_34,False,370,320,swap_distal,130.0,80.0,34,post_swap,GCAMP13,65,1
35,7,GCAMP13_7_35,True,370,320,swap_distal,130.0,80.0,35,post_swap,GCAMP13,78,10
36,7,GCAMP13_7_36,False,370,320,swap_distal,130.0,80.0,36,post_swap,GCAMP13,67,10
37,7,GCAMP13_7_37,False,370,320,swap_distal,130.0,80.0,37,post_swap,GCAMP13,65,1
38,7,GCAMP13_7_38,False,370,320,swap_distal,130.0,80.0,38,post_swap,GCAMP13,65,1
39,7,GCAMP13_7_39,True,370,320,swap_distal,130.0,80.0,39,post_swap,GCAMP13,78,6
40,7,GCAMP13_7_40,False,370,320,swap_distal,130.0,80.0,40,post_swap,GCAMP13,67,10
41,7,GCAMP13_7_41,False,370,320,swap_distal,130.0,80.0,41,post_swap,GCAMP13,64,1
42,7,GCAMP13_7_42,False,370,320,swap_distal,130.0,80.0,42,post_swap,GCAMP13,65,1
43,7,GCAMP13_7_43,False,370,320,swap_distal,130.0,80.0,43,post_swap,GCAMP13,67,1
44,7,GCAMP13_7_44,False,370,320,swap_distal,130.0,80.0,44,post_swap,GCAMP13,65,1
45,7,GCAMP13_7_45,False,370,320,swap_distal,130.0,80.0,45,post_swap,GCAMP13,65,1
46,7,GCAMP13_7_46,False,370,320,swap_distal,130.0,80.0,46,post_swap,GCAMP13,65,1
47,7,GCAMP13_7_47,False,370,320,swap_distal,130.0,80.0,47,post_swap,GCAMP13,36,1
48,7,GCAMP13_7_48,False,370,320,swap_distal,130.0,80.0,48,post_swap,GCAMP13,36,1
49,7,GCAMP13_7_49,False,370,320,swap_distal,130.0,80.0,49,post_swap,GCAMP13,64,1
50,7,GCAMP13_7_50,True,370,320,swap_distal,130.0,80.0,50,post_swap,GCAMP13,79,6
51,7,GCAMP13_7_51,False,370,320,swap_distal,130.0,80.0,51,post_swap,GCAMP13,67,10
52,7,GCAMP13_7_52,False,370,320,swap_distal,130.0,80.0,52,post_swap,GCAMP13,24,2
53,7,GCAMP13_7_53,True,370,320,swap_distal,130.0,80.0,53,post_swap,GCAMP13,79,6
54,7,GCAMP13_7_54,True,370,320,swap_distal,130.0,80.0,54,post_swap,GCAMP13,48,6
55,7,GCAMP13_7_55,False,370,320,swap_distal,130.0,80.0,55,post_swap,GCAMP13,1,2
56,7,GCAMP13_7_56,False,370,320,swap_distal,130.0,80.0,56,post_swap,GCAMP13,36,1
57,7,GCAMP13_7_57,False,370,320,swap_distal,130.0,80.0,57,post_swap,GCAMP13,67,10
58,7,GCAMP13_7_58,False,370,320,swap_distal,130.0,80.0,58,post_swap,GCAMP13,36,1
59,7,GCAMP13_7_59,False,370,320,swap_distal,130.0,80.0,59,post_swap,GCAMP13,93,0
60,7,GCAMP13_7_60,False,370,320,swap_distal,130.0,80.0,60,post_swap,GCAMP13,25,2
61,7,GCAMP13_7_61,False,370,320,swap_distal,130.0,80.0,61,post_swap,GCAMP13,19,2
62,7,GCAMP13_7_62,False,370,320,swap_distal,130.0,80.0,62,post_swap,GCAMP13,19,2
63,7,GCAMP13_7_63,True,370,320,swap_distal,130.0,80.0,63,post_swap,GCAMP13,57,0
64,7,GCAMP13_7_64,False,370,320,swap_distal,130.0,80.0,64,post_swap,GCAMP13,67,10
65,7,GCAMP13_7_65,False,370,320,swap_distal,130.0,80.0,65,post_swap,GCAMP13,41,2
66,7,GCAMP13_7_66,False,370,320,swap_distal,130.0,80.0,66,post_swap,GCAMP13,91,2
67,7,GCAMP13_7_67,False,370,320,swap_distal,130.0,80.0,67,post_swap,GCAMP13,74,2
68,7,GCAMP13_7_68,False,370,320,swap_distal,130.0,80.0,68,post_swap,GCAMP13,65,1
69,7,GCAMP13_7_69,False,370,320,swap_distal,130.0,80.0,69,post_swap,GCAMP13,36,1
70,7,GCAMP13_7_70,False,370,320,swap_distal,130.0,80.0,70,post_swap,GCAMP13,24,2
71,7,GCAMP13_7_71,False,370,320,swap_distal,130.0,80.0,71,post_swap,GCAMP13,36,1
72,7,GCAMP13_7_72,False,370,320,swap_distal,130.0,80.0,72,post_swap,GCAMP13,94,2
73,7,GCAMP13_7_73,True,370,320,swap_distal,130.0,80.0,73,post_swap,GCAMP13,3,0
74,7,GCAMP13_7_74,False,370,320,swap_distal,130.0,80.0,74,post_swap,GCAMP13,67,1
75,7,GCAMP13_7_75,False,370,320,swap_distal,130.0,80.0,75,post_swap,GCAMP13,7,2
76,7,GCAMP13_7_76,False,370,320,swap_distal,130.0,80.0,76,post_swap,GCAMP13,21,2
77,7,GCAMP13_7_77,False,370,320,swap_distal,130.0,80.0,77,post_swap,GCAMP13,38,2
78,7,GCAMP13_7_78,False,370,320,swap_distal,130.0,80.0,78,post_swap,GCAMP13,65,1
79,7,GCAMP13_7_79,False,370,320,swap_distal,130.0,80.0,79,post_swap,GCAMP13,24,2
0,8,GCAMP13_8_0,False,370,320,swap_proximal,130.0,80.0,0,pre_swap,GCAMP13,78,6
1,8,GCAMP13_8_1,True,370,320,swap_proximal,130.0,80.0,1,pre_swap,GCAMP13,57,0
2,8,GCAMP13_8_2,False,370,320,swap_proximal,130.0,80.0,2,pre_swap,GCAMP13,24,2
3,8,GCAMP13_8_3,True,370,320,swap_proximal,130.0,80.0,3,pre_swap,GCAMP13,3,0
4,8,GCAMP13_8_4,True,370,320,swap_proximal,130.0,80.0,4,pre_swap,GCAMP13,3,0
5,8,GCAMP13_8_5,False,370,320,swap_proximal,130.0,80.0,5,pre_swap,GCAMP13,5,2
6,8,GCAMP13_8_6,False,370,320,swap_proximal,130.0,80.0,6,pre_swap,GCAMP13,25,2
7,8,GCAMP13_8_7,False,370,320,swap_proximal,130.0,80.0,7,pre_swap,GCAMP13,25,2
8,8,GCAMP13_8_8,False,370,320,swap_proximal,130.0,80.0,8,pre_swap,GCAMP13,73,2
9,8,GCAMP13_8_9,False,370,320,swap_proximal,130.0,80.0,9,pre_swap,GCAMP13,95,2
10,8,GCAMP13_8_10,False,370,320,swap_proximal,130.0,80.0,10,pre_swap,GCAMP13,7,2
11,8,GCAMP13_8_11,False,370,320,swap_proximal,130.0,80.0,11,pre_swap,GCAMP13,36,1
12,8,GCAMP13_8_12,False,370,320,swap_proximal,130.0,80.0,12,pre_swap,GCAMP13,24,2
13,8,GCAMP13_8_13,False,370,320,swap_proximal,130.0,80.0,13,pre_swap,GCAMP13,30,2
14,8,GCAMP13_8_14,False,370,320,swap_proximal,130.0,80.0,14,pre_swap,GCAMP13,25,2
15,8,GCAMP13_8_15,False,370,320,swap_proximal,130.0,80.0,15,pre_swap,GCAMP13,74,2
16,8,GCAMP13_8_16,False,370,320,swap_proximal,130.0,80.0,16,pre_swap,GCAMP13,21,2
17,8,GCAMP13_8_17,False,370,320,swap_proximal,130.0,80.0,17,pre_swap,GCAMP13,19,2
18,8,GCAMP13_8_18,False,370,320,swap_proximal,130.0,80.0,18,pre_swap,GCAMP13,41,2
19,8,GCAMP13_8_19,False,370,320,swap_proximal,130.0,80.0,19,pre_swap,GCAMP13,99,2
20,8,GCAMP13_8_20,False,370,320,swap_proximal,130.0,80.0,20,pre_swap,GCAMP13,24,2
21,8,GCAMP13_8_21,False,370,320,swap_proximal,130.0,80.0,21,pre_swap,GCAMP13,19,2
22,8,GCAMP13_8_22,False,370,320,swap_proximal,130.0,80.0,22,pre_swap,GCAMP13,95,2
23,8,GCAMP13_8_23,False,370,320,swap_proximal,130.0,80.0,23,pre_swap,GCAMP13,91,2
24,8,GCAMP13_8_24,False,370,320,swap_proximal,130.0,80.0,24,pre_swap,GCAMP13,24,2
25,8,GCAMP13_8_25,False,370,320,swap_proximal,130.0,80.0,25,pre_swap,GCAMP13,25,2
26,8,GCAMP13_8_26,False,370,320,swap_proximal,130.0,80.0,26,pre_swap,GCAMP13,2,2
27,8,GCAMP13_8_27,False,370,320,swap_proximal,130.0,80.0,27,pre_swap,GCAMP13,7,2
28,8,GCAMP13_8_28,False,370,320,swap_proximal,130.0,80.0,28,pre_swap,GCAMP13,91,2
29,8,GCAMP13_8_29,False,370,320,swap_proximal,130.0,80.0,29,pre_swap,GCAMP13,2,2
30,8,GCAMP13_8_30,False,130,80,swap_proximal,370.0,320.0,30,post_swap,GCAMP13,79,6
31,8,GCAMP13_8_31,False,130,80,swap_proximal,370.0,320.0,31,post_swap,GCAMP13,72,8
32,8,GCAMP13_8_32,False,130,80,swap_proximal,370.0,320.0,32,post_swap,GCAMP13,72,7
33,8,GCAMP13_8_33,False,130,80,swap_proximal,370.0,320.0,33,post_swap,GCAMP13,72,7
34,8,GCAMP13_8_34,True,130,80,swap_proximal,370.0,320.0,34,post_swap,GCAMP13,78,6
35,8,GCAMP13_8_35,False,130,80,swap_proximal,370.0,320.0,35,post_swap,GCAMP13,72,6
36,8,GCAMP13_8_36,False,130,80,swap_proximal,370.0,320.0,36,post_swap,GCAMP13,72,7
37,8,GCAMP13_8_37,False,130,80,swap_proximal,370.0,320.0,37,post_swap,GCAMP13,72,7
38,8,GCAMP13_8_38,True,130,80,swap_proximal,370.0,320.0,38,post_swap,GCAMP13,78,10
39,8,GCAMP13_8_39,False,130,80,swap_proximal,370.0,320.0,39,post_swap,GCAMP13,72,7
40,8,GCAMP13_8_40,False,130,80,swap_proximal,370.0,320.0,40,post_swap,GCAMP13,72,7
41,8,GCAMP13_8_41,False,130,80,swap_proximal,370.0,320.0,41,post_swap,GCAMP13,40,7
42,8,GCAMP13_8_42,False,130,80,swap_proximal,370.0,320.0,42,post_swap,GCAMP13,72,7
43,8,GCAMP13_8_43,False,130,80,swap_proximal,370.0,320.0,43,post_swap,GCAMP13,39,3
44,8,GCAMP13_8_44,False,130,80,swap_proximal,370.0,320.0,44,post_swap,GCAMP13,27,3
45,8,GCAMP13_8_45,False,130,80,swap_proximal,370.0,320.0,45,post_swap,GCAMP13,77,3
46,8,GCAMP13_8_46,False,130,80,swap_proximal,370.0,320.0,46,post_swap,GCAMP13,27,3
47,8,GCAMP13_8_47,False,130,80,swap_proximal,370.0,320.0,47,post_swap,GCAMP13,46,3
48,8,GCAMP13_8_48,False,130,80,swap_proximal,370.0,320.0,48,post_swap,GCAMP13,27,3
49,8,GCAMP13_8_49,False,130,80,swap_proximal,370.0,320.0,49,post_swap,GCAMP13,46,3
50,8,GCAMP13_8_50,False,130,80,swap_proximal,370.0,320.0,50,post_swap,GCAMP13,46,3
51,8,GCAMP13_8_51,True,130,80,swap_proximal,370.0,320.0,51,post_swap,GCAMP13,65,10
52,8,GCAMP13_8_52,False,130,80,swap_proximal,370.0,320.0,52,post_swap,GCAMP13,77,3
53,8,GCAMP13_8_53,False,130,80,swap_proximal,370.0,320.0,53,post_swap,GCAMP13,27,3
54,8,GCAMP13_8_54,False,130,80,swap_proximal,370.0,320.0,54,post_swap,GCAMP13,59,3
55,8,GCAMP13_8_55,True,130,80,swap_proximal,370.0,320.0,55,post_swap,GCAMP13,86,10
56,8,GCAMP13_8_56,True,130,80,swap_proximal,370.0,320.0,56,post_swap,GCAMP13,78,10
57,8,GCAMP13_8_57,False,130,80,swap_proximal,370.0,320.0,57,post_swap,GCAMP13,48,8
58,8,GCAMP13_8_58,False,130,80,swap_proximal,370.0,320.0,58,post_swap,GCAMP13,27,3
59,8,GCAMP13_8_59,True,130,80,swap_proximal,370.0,320.0,59,post_swap,GCAMP13,65,10
60,8,GCAMP13_8_60,False,130,80,swap_proximal,370.0,320.0,60,post_swap,GCAMP13,27,3
61,8,GCAMP13_8_61,False,130,80,swap_proximal,370.0,320.0,61,post_swap,GCAMP13,27,3
62,8,GCAMP13_8_62,True,130,80,swap_proximal,370.0,320.0,62,post_swap,GCAMP13,72,9
63,8,GCAMP13_8_63,False,130,80,swap_proximal,370.0,320.0,63,post_swap,GCAMP13,48,8
64,8,GCAMP13_8_64,False,130,80,swap_proximal,370.0,320.0,64,post_swap,GCAMP13,72,10
65,8,GCAMP13_8_65,False,130,80,swap_proximal,370.0,320.0,65,post_swap,GCAMP13,27,3
66,8,GCAMP13_8_66,False,130,80,swap_proximal,370.0,320.0,66,post_swap,GCAMP13,34,3
67,8,GCAMP13_8_67,False,130,80,swap_proximal,370.0,320.0,67,post_swap,GCAMP13,70,3
68,8,GCAMP13_8_68,False,130,80,swap_proximal,370.0,320.0,68,post_swap,GCAMP13,27,3
69,8,GCAMP13_8_69,False,130,80,swap_proximal,370.0,320.0,69,post_swap,GCAMP13,46,3
70,8,GCAMP13_8_70,False,130,80,swap_proximal,370.0,320.0,70,post_swap,GCAMP13,43,3
71,8,GCAMP13_8_71,False,130,80,swap_proximal,370.0,320.0,71,post_swap,GCAMP13,76,3
72,8,GCAMP13_8_72,False,130,80,swap_proximal,370.0,320.0,72,post_swap,GCAMP13,27,5
73,8,GCAMP13_8_73,False,130,80,swap_proximal,370.0,320.0,73,post_swap,GCAMP13,20,3
74,8,GCAMP13_8_74,False,130,80,swap_proximal,370.0,320.0,74,post_swap,GCAMP13,69,3
75,8,GCAMP13_8_75,False,130,80,swap_proximal,370.0,320.0,75,post_swap,GCAMP13,27,3
76,8,GCAMP13_8_76,False,130,80,swap_proximal,370.0,320.0,76,post_swap,GCAMP13,27,3
77,8,GCAMP13_8_77,True,130,80,swap_proximal,370.0,320.0,77,post_swap,GCAMP13,31,5
78,8,GCAMP13_8_78,False,130,80,swap_proximal,370.0,320.0,78,post_swap,GCAMP13,59,3
79,8,GCAMP13_8_79,False,130,80,swap_proximal,370.0,320.0,79,post_swap,GCAMP13,77,3
0,10,GCAMP13_10_0,False,130,80,swap_distal,250.0,200.0,0,pre_swap,GCAMP13,39,3
1,10,GCAMP13_10_1,False,130,80,swap_distal,250.0,200.0,1,pre_swap,GCAMP13,27,3
2,10,GCAMP13_10_2,True,130,80,swap_distal,250.0,200.0,2,pre_swap,GCAMP13,83,9
3,10,GCAMP13_10_3,False,130,80,swap_distal,250.0,200.0,3,pre_swap,GCAMP13,44,3
4,10,GCAMP13_10_4,False,130,80,swap_distal,250.0,200.0,4,pre_swap,GCAMP13,46,3
5,10,GCAMP13_10_5,False,130,80,swap_distal,250.0,200.0,5,pre_swap,GCAMP13,8,3
6,10,GCAMP13_10_6,False,130,80,swap_distal,250.0,200.0,6,pre_swap,GCAMP13,35,3
7,10,GCAMP13_10_7,False,130,80,swap_distal,250.0,200.0,7,pre_swap,GCAMP13,27,3
8,10,GCAMP13_10_8,False,130,80,swap_distal,250.0,200.0,8,pre_swap,GCAMP13,8,3
9,10,GCAMP13_10_9,False,130,80,swap_distal,250.0,200.0,9,pre_swap,GCAMP13,27,3
10,10,GCAMP13_10_10,False,130,80,swap_distal,250.0,200.0,10,pre_swap,GCAMP13,68,3
11,10,GCAMP13_10_11,False,130,80,swap_distal,250.0,200.0,11,pre_swap,GCAMP13,27,3
12,10,GCAMP13_10_12,False,130,80,swap_distal,250.0,200.0,12,pre_swap,GCAMP13,27,3
13,10,GCAMP13_10_13,True,130,80,swap_distal,250.0,200.0,13,pre_swap,GCAMP13,52,5
14,10,GCAMP13_10_14,False,130,80,swap_distal,250.0,200.0,14,pre_swap,GCAMP13,20,3
15,10,GCAMP13_10_15,False,130,80,swap_distal,250.0,200.0,15,pre_swap,GCAMP13,77,3
16,10,GCAMP13_10_16,False,130,80,swap_distal,250.0,200.0,16,pre_swap,GCAMP13,44,3
17,10,GCAMP13_10_17,False,130,80,swap_distal,250.0,200.0,17,pre_swap,GCAMP13,69,3
18,10,GCAMP13_10_18,True,130,80,swap_distal,250.0,200.0,18,pre_swap,GCAMP13,67,10
19,10,GCAMP13_10_19,False,130,80,swap_distal,250.0,200.0,19,pre_swap,GCAMP13,72,7
20,10,GCAMP13_10_20,False,130,80,swap_distal,250.0,200.0,20,pre_swap,GCAMP13,72,10
21,10,GCAMP13_10_21,False,130,80,swap_distal,250.0,200.0,21,pre_swap,GCAMP13,40,3
22,10,GCAMP13_10_22,False,130,80,swap_distal,250.0,200.0,22,pre_swap,GCAMP13,27,3
23,10,GCAMP13_10_23,False,130,80,swap_distal,250.0,200.0,23,pre_swap,GCAMP13,44,3
24,10,GCAMP13_10_24,True,130,80,swap_distal,250.0,200.0,24,pre_swap,GCAMP13,86,10
25,10,GCAMP13_10_25,False,130,80,swap_distal,250.0,200.0,25,pre_swap,GCAMP13,0,3
26,10,GCAMP13_10_26,True,130,80,swap_distal,250.0,200.0,26,pre_swap,GCAMP13,53,10
27,10,GCAMP13_10_27,False,130,80,swap_distal,250.0,200.0,27,pre_swap,GCAMP13,72,7
28,10,GCAMP13_10_28,False,130,80,swap_distal,250.0,200.0,28,pre_swap,GCAMP13,27,3
29,10,GCAMP13_10_29,False,130,80,swap_distal,250.0,200.0,29,pre_swap,GCAMP13,44,3
30,10,GCAMP13_10_30,False,250,200,swap_distal,130.0,80.0,30,post_swap,GCAMP13,52,9
31,10,GCAMP13_10_31,False,250,200,swap_distal,130.0,80.0,31,post_swap,GCAMP13,52,5
32,10,GCAMP13_10_32,False,250,200,swap_distal,130.0,80.0,32,post_swap,GCAMP13,52,5
33,10,GCAMP13_10_33,False,250,200,swap_distal,130.0,80.0,33,post_swap,GCAMP13,82,5
34,10,GCAMP13_10_34,False,250,200,swap_distal,130.0,80.0,34,post_swap,GCAMP13,83,9
35,10,GCAMP13_10_35,False,250,200,swap_distal,130.0,80.0,35,post_swap,GCAMP13,78,6
36,10,GCAMP13_10_36,False,250,200,swap_distal,130.0,80.0,36,post_swap,GCAMP13,17,5
37,10,GCAMP13_10_37,False,250,200,swap_distal,130.0,80.0,37,post_swap,GCAMP13,52,5
38,10,GCAMP13_10_38,False,250,200,swap_distal,130.0,80.0,38,post_swap,GCAMP13,51,5
39,10,GCAMP13_10_39,False,250,200,swap_distal,130.0,80.0,39,post_swap,GCAMP13,4,5
40,10,GCAMP13_10_40,True,250,200,swap_distal,130.0,80.0,40,post_swap,GCAMP13,78,6
41,10,GCAMP13_10_41,False,250,200,swap_distal,130.0,80.0,41,post_swap,GCAMP13,51,5
42,10,GCAMP13_10_42,False,250,200,swap_distal,130.0,80.0,42,post_swap,GCAMP13,51,5
43,10,GCAMP13_10_43,False,250,200,swap_distal,130.0,80.0,43,post_swap,GCAMP13,4,4
44,10,GCAMP13_10_44,False,250,200,swap_distal,130.0,80.0,44,post_swap,GCAMP13,4,4
45,10,GCAMP13_10_45,False,250,200,swap_distal,130.0,80.0,45,post_swap,GCAMP13,52,5
46,10,GCAMP13_10_46,False,250,200,swap_distal,130.0,80.0,46,post_swap,GCAMP13,83,5
47,10,GCAMP13_10_47,False,250,200,swap_distal,130.0,80.0,47,post_swap,GCAMP13,85,10
48,10,GCAMP13_10_48,True,250,200,swap_distal,130.0,80.0,48,post_swap,GCAMP13,78,10
49,10,GCAMP13_10_49,False,250,200,swap_distal,130.0,80.0,49,post_swap,GCAMP13,51,5
50,10,GCAMP13_10_50,False,250,200,swap_distal,130.0,80.0,50,post_swap,GCAMP13,4,5
51,10,GCAMP13_10_51,False,250,200,swap_distal,130.0,80.0,51,post_swap,GCAMP13,4,5
52,10,GCAMP13_10_52,False,250,200,swap_distal,130.0,80.0,52,post_swap,GCAMP13,17,5
53,10,GCAMP13_10_53,False,250,200,swap_distal,130.0,80.0,53,post_swap,GCAMP13,4,5
54,10,GCAMP13_10_54,False,250,200,swap_distal,130.0,80.0,54,post_swap,GCAMP13,4,4
55,10,GCAMP13_10_55,True,250,200,swap_distal,130.0,80.0,55,post_swap,GCAMP13,79,6
56,10,GCAMP13_10_56,True,250,200,swap_distal,130.0,80.0,56,post_swap,GCAMP13,78,6
57,10,GCAMP13_10_57,True,250,200,swap_distal,130.0,80.0,57,post_swap,GCAMP13,78,10
58,10,GCAMP13_10_58,False,250,200,swap_distal,130.0,80.0,58,post_swap,GCAMP13,17,5
59,10,GCAMP13_10_59,False,250,200,swap_distal,130.0,80.0,59,post_swap,GCAMP13,9,4
60,10,GCAMP13_10_60,False,250,200,swap_distal,130.0,80.0,60,post_swap,GCAMP13,17,5
61,10,GCAMP13_10_61,False,250,200,swap_distal,130.0,80.0,61,post_swap,GCAMP13,4,5
62,10,GCAMP13_10_62,False,250,200,swap_distal,130.0,80.0,62,post_swap,GCAMP13,6,4
63,10,GCAMP13_10_63,False,250,200,swap_distal,130.0,80.0,63,post_swap,GCAMP13,51,5
64,10,GCAMP13_10_64,False,250,200,swap_distal,130.0,80.0,64,post_swap,GCAMP13,52,5
65,10,GCAMP13_10_65,False,250,200,swap_distal,130.0,80.0,65,post_swap,GCAMP13,52,5
66,10,GCAMP13_10_66,False,250,200,swap_distal,130.0,80.0,66,post_swap,GCAMP13,4,5
67,10,GCAMP13_10_67,False,250,200,swap_distal,130.0,80.0,67,post_swap,GCAMP13,17,5
68,10,GCAMP13_10_68,True,250,200,swap_distal,130.0,80.0,68,post_swap,GCAMP13,78,6
69,10,GCAMP13_10_69,False,250,200,swap_distal,130.0,80.0,69,post_swap,GCAMP13,17,5
70,10,GCAMP13_10_70,False,250,200,swap_distal,130.0,80.0,70,post_swap,GCAMP13,9,4
71,10,GCAMP13_10_71,True,250,200,swap_distal,130.0,80.0,71,post_swap,GCAMP13,79,6
72,10,GCAMP13_10_72,False,250,200,swap_distal,130.0,80.0,72,post_swap,GCAMP13,4,5
73,10,GCAMP13_10_73,True,250,200,swap_distal,130.0,80.0,73,post_swap,GCAMP13,79,6
74,10,GCAMP13_10_74,False,250,200,swap_distal,130.0,80.0,74,post_swap,GCAMP13,17,5
75,10,GCAMP13_10_75,False,250,200,swap_distal,130.0,80.0,75,post_swap,GCAMP13,4,4
76,10,GCAMP13_10_76,False,250,200,swap_distal,130.0,80.0,76,post_swap,GCAMP13,81,4
77,10,GCAMP13_10_77,False,250,200,swap_distal,130.0,80.0,77,post_swap,GCAMP13,9,4
78,10,GCAMP13_10_78,False,250,200,swap_distal,130.0,80.0,78,post_swap,GCAMP13,23,9
79,10,GCAMP13_10_79,False,250,200,swap_distal,130.0,80.0,79,post_swap,GCAMP13,52,5
0,12,GCAMP13_12_0,True,250,200,swap_distal,370.0,320.0,0,pre_swap,GCAMP13,78,10
1,12,GCAMP13_12_1,False,250,200,swap_distal,370.0,320.0,1,pre_swap,GCAMP13,83,9
2,12,GCAMP13_12_2,False,250,200,swap_distal,370.0,320.0,2,pre_swap,GCAMP13,52,5
3,12,GCAMP13_12_3,False,250,200,swap_distal,370.0,320.0,3,pre_swap,GCAMP13,52,5
4,12,GCAMP13_12_4,False,250,200,swap_distal,370.0,320.0,4,pre_swap,GCAMP13,52,5
5,12,GCAMP13_12_5,False,250,200,swap_distal,370.0,320.0,5,pre_swap,GCAMP13,52,9
6,12,GCAMP13_12_6,True,250,200,swap_distal,370.0,320.0,6,pre_swap,GCAMP13,86,10
7,12,GCAMP13_12_7,False,250,200,swap_distal,370.0,320.0,7,pre_swap,GCAMP13,52,5
8,12,GCAMP13_12_8,False,250,200,swap_distal,370.0,320.0,8,pre_swap,GCAMP13,51,5
9,12,GCAMP13_12_9,False,250,200,swap_distal,370.0,320.0,9,pre_swap,GCAMP13,52,5
10,12,GCAMP13_12_10,False,250,200,swap_distal,370.0,320.0,10,pre_swap,GCAMP13,52,5
11,12,GCAMP13_12_11,False,250,200,swap_distal,370.0,320.0,11,pre_swap,GCAMP13,82,5
12,12,GCAMP13_12_12,True,250,200,swap_distal,370.0,320.0,12,pre_swap,GCAMP13,67,10
13,12,GCAMP13_12_13,False,250,200,swap_distal,370.0,320.0,13,pre_swap,GCAMP13,83,5
14,12,GCAMP13_12_14,False,250,200,swap_distal,370.0,320.0,14,pre_swap,GCAMP13,83,5
15,12,GCAMP13_12_15,False,250,200,swap_distal,370.0,320.0,15,pre_swap,GCAMP13,83,9
16,12,GCAMP13_12_16,False,250,200,swap_distal,370.0,320.0,16,pre_swap,GCAMP13,83,5
17,12,GCAMP13_12_17,False,250,200,swap_distal,370.0,320.0,17,pre_swap,GCAMP13,52,5
18,12,GCAMP13_12_18,True,250,200,swap_distal,370.0,320.0,18,pre_swap,GCAMP13,86,10
19,12,GCAMP13_12_19,True,250,200,swap_distal,370.0,320.0,19,pre_swap,GCAMP13,78,10
20,12,GCAMP13_12_20,False,250,200,swap_distal,370.0,320.0,20,pre_swap,GCAMP13,52,5
21,12,GCAMP13_12_21,False,250,200,swap_distal,370.0,320.0,21,pre_swap,GCAMP13,52,5
22,12,GCAMP13_12_22,False,250,200,swap_distal,370.0,320.0,22,pre_swap,GCAMP13,51,5
23,12,GCAMP13_12_23,False,250,200,swap_distal,370.0,320.0,23,pre_swap,GCAMP13,52,5
24,12,GCAMP13_12_24,False,250,200,swap_distal,370.0,320.0,24,pre_swap,GCAMP13,17,5
25,12,GCAMP13_12_25,True,250,200,swap_distal,370.0,320.0,25,pre_swap,GCAMP13,65,1
26,12,GCAMP13_12_26,True,250,200,swap_distal,370.0,320.0,26,pre_swap,GCAMP13,78,10
27,12,GCAMP13_12_27,True,250,200,swap_distal,370.0,320.0,27,pre_swap,GCAMP13,78,10
28,12,GCAMP13_12_28,True,250,200,swap_distal,370.0,320.0,28,pre_swap,GCAMP13,36,1
29,12,GCAMP13_12_29,True,250,200,swap_distal,370.0,320.0,29,pre_swap,GCAMP13,64,6
30,12,GCAMP13_12_30,False,370,320,swap_distal,250.0,200.0,30,post_swap,GCAMP13,64,6
31,12,GCAMP13_12_31,False,370,320,swap_distal,250.0,200.0,31,post_swap,GCAMP13,36,1
32,12,GCAMP13_12_32,False,370,320,swap_distal,250.0,200.0,32,post_swap,GCAMP13,65,1
33,12,GCAMP13_12_33,True,370,320,swap_distal,250.0,200.0,33,post_swap,GCAMP13,78,6
34,12,GCAMP13_12_34,False,370,320,swap_distal,250.0,200.0,34,post_swap,GCAMP13,65,1
35,12,GCAMP13_12_35,False,370,320,swap_distal,250.0,200.0,35,post_swap,GCAMP13,67,1
36,12,GCAMP13_12_36,False,370,320,swap_distal,250.0,200.0,36,post_swap,GCAMP13,41,1
37,12,GCAMP13_12_37,False,370,320,swap_distal,250.0,200.0,37,post_swap,GCAMP13,94,2
38,12,GCAMP13_12_38,False,370,320,swap_distal,250.0,200.0,38,post_swap,GCAMP13,24,2
39,12,GCAMP13_12_39,False,370,320,swap_distal,250.0,200.0,39,post_swap,GCAMP13,96,2
40,12,GCAMP13_12_40,False,370,320,swap_distal,250.0,200.0,40,post_swap,GCAMP13,25,2
41,12,GCAMP13_12_41,False,370,320,swap_distal,250.0,200.0,41,post_swap,GCAMP13,65,1
42,12,GCAMP13_12_42,True,370,320,swap_distal,250.0,200.0,42,post_swap,GCAMP13,3,0
43,12,GCAMP13_12_43,False,370,320,swap_distal,250.0,200.0,43,post_swap,GCAMP13,21,2
44,12,GCAMP13_12_44,False,370,320,swap_distal,250.0,200.0,44,post_swap,GCAMP13,1,2
45,12,GCAMP13_12_45,False,370,320,swap_distal,250.0,200.0,45,post_swap,GCAMP13,-1,2
46,12,GCAMP13_12_46,False,370,320,swap_distal,250.0,200.0,46,post_swap,GCAMP13,65,1
47,12,GCAMP13_12_47,False,370,320,swap_distal,250.0,200.0,47,post_swap,GCAMP13,19,2
48,12,GCAMP13_12_48,False,370,320,swap_distal,250.0,200.0,48,post_swap,GCAMP13,41,1
49,12,GCAMP13_12_49,False,370,320,swap_distal,250.0,200.0,49,post_swap,GCAMP13,97,2
50,12,GCAMP13_12_50,True,370,320,swap_distal,250.0,200.0,50,post_swap,GCAMP13,10,0
51,12,GCAMP13_12_51,True,370,320,swap_distal,250.0,200.0,51,post_swap,GCAMP13,78,6
52,12,GCAMP13_12_52,False,370,320,swap_distal,250.0,200.0,52,post_swap,GCAMP13,64,1
53,12,GCAMP13_12_53,False,370,320,swap_distal,250.0,200.0,53,post_swap,GCAMP13,64,1
54,12,GCAMP13_12_54,False,370,320,swap_distal,250.0,200.0,54,post_swap,GCAMP13,36,1
55,12,GCAMP13_12_55,True,370,320,swap_distal,250.0,200.0,55,post_swap,GCAMP13,10,6
56,12,GCAMP13_12_56,False,370,320,swap_distal,250.0,200.0,56,post_swap,GCAMP13,1,2
57,12,GCAMP13_12_57,False,370,320,swap_distal,250.0,200.0,57,post_swap,GCAMP13,1,2
58,12,GCAMP13_12_58,False,370,320,swap_distal,250.0,200.0,58,post_swap,GCAMP13,64,1
59,12,GCAMP13_12_59,False,370,320,swap_distal,250.0,200.0,59,post_swap,GCAMP13,98,2
60,12,GCAMP13_12_60,False,370,320,swap_distal,250.0,200.0,60,post_swap,GCAMP13,65,1
61,12,GCAMP13_12_61,False,370,320,swap_distal,250.0,200.0,61,post_swap,GCAMP13,36,1
62,12,GCAMP13_12_62,False,370,320,swap_distal,250.0,200.0,62,post_swap,GCAMP13,67,1
63,12,GCAMP13_12_63,True,370,320,swap_distal,250.0,200.0,63,post_swap,GCAMP13,78,6
64,12,GCAMP13_12_64,False,370,320,swap_distal,250.0,200.0,64,post_swap,GCAMP13,65,1
65,12,GCAMP13_12_65,True,370,320,swap_distal,250.0,200.0,65,post_swap,GCAMP13,78,6
66,12,GCAMP13_12_66,False,370,320,swap_distal,250.0,200.0,66,post_swap,GCAMP13,65,1
67,12,GCAMP13_12_67,False,370,320,swap_distal,250.0,200.0,67,post_swap,GCAMP13,36,1
68,12,GCAMP13_12_68,False,370,320,swap_distal,250.0,200.0,68,post_swap,GCAMP13,98,2
69,12,GCAMP13_12_69,False,370,320,swap_distal,250.0,200.0,69,post_swap,GCAMP13,36,1
70,12,GCAMP13_12_70,False,370,320,swap_distal,250.0,200.0,70,post_swap,GCAMP13,79,6
71,12,GCAMP13_12_71,False,370,320,swap_distal,250.0,200.0,71,post_swap,GCAMP13,67,10
72,12,GCAMP13_12_72,False,370,320,swap_distal,250.0,200.0,72,post_swap,GCAMP13,41,2
73,12,GCAMP13_12_73,True,370,320,swap_distal,250.0,200.0,73,post_swap,GCAMP13,79,6
74,12,GCAMP13_12_74,False,370,320,swap_distal,250.0,200.0,74,post_swap,GCAMP13,67,10
75,12,GCAMP13_12_75,False,370,320,swap_distal,250.0,200.0,75,post_swap,GCAMP13,25,2
76,12,GCAMP13_12_76,False,370,320,swap_distal,250.0,200.0,76,post_swap,GCAMP13,36,1
77,12,GCAMP13_12_77,False,370,320,swap_distal,250.0,200.0,77,post_swap,GCAMP13,21,6
78,12,GCAMP13_12_78,True,370,320,swap_distal,250.0,200.0,78,post_swap,GCAMP13,86,10
79,12,GCAMP13_12_79,False,370,320,swap_distal,250.0,200.0,79,post_swap,GCAMP13,67,10
0,14,GCAMP13_14_0,False,370,320,swap_proximal,130.0,80.0,0,pre_swap,GCAMP13,36,1
1,14,GCAMP13_14_1,False,370,320,swap_proximal,130.0,80.0,1,pre_swap,GCAMP13,65,6
2,14,GCAMP13_14_2,False,370,320,swap_proximal,130.0,80.0,2,pre_swap,GCAMP13,97,1
3,14,GCAMP13_14_3,False,370,320,swap_proximal,130.0,80.0,3,pre_swap,GCAMP13,99,2
4,14,GCAMP13_14_4,False,370,320,swap_proximal,130.0,80.0,4,pre_swap,GCAMP13,50,0
5,14,GCAMP13_14_5,False,370,320,swap_proximal,130.0,80.0,5,pre_swap,GCAMP13,64,1
6,14,GCAMP13_14_6,False,370,320,swap_proximal,130.0,80.0,6,pre_swap,GCAMP13,21,2
7,14,GCAMP13_14_7,False,370,320,swap_proximal,130.0,80.0,7,pre_swap,GCAMP13,21,2
8,14,GCAMP13_14_8,False,370,320,swap_proximal,130.0,80.0,8,pre_swap,GCAMP13,95,2
9,14,GCAMP13_14_9,False,370,320,swap_proximal,130.0,80.0,9,pre_swap,GCAMP13,98,0
10,14,GCAMP13_14_10,False,370,320,swap_proximal,130.0,80.0,10,pre_swap,GCAMP13,90,2
11,14,GCAMP13_14_11,False,370,320,swap_proximal,130.0,80.0,11,pre_swap,GCAMP13,1,2
12,14,GCAMP13_14_12,False,370,320,swap_proximal,130.0,80.0,12,pre_swap,GCAMP13,90,2
13,14,GCAMP13_14_13,True,370,320,swap_proximal,130.0,80.0,13,pre_swap,GCAMP13,57,0
14,14,GCAMP13_14_14,False,370,320,swap_proximal,130.0,80.0,14,pre_swap,GCAMP13,65,1
15,14,GCAMP13_14_15,False,370,320,swap_proximal,130.0,80.0,15,pre_swap,GCAMP13,3,0
16,14,GCAMP13_14_16,False,370,320,swap_proximal,130.0,80.0,16,pre_swap,GCAMP13,87,2
17,14,GCAMP13_14_17,False,370,320,swap_proximal,130.0,80.0,17,pre_swap,GCAMP13,7,2
18,14,GCAMP13_14_18,False,370,320,swap_proximal,130.0,80.0,18,pre_swap,GCAMP13,87,2
19,14,GCAMP13_14_19,False,370,320,swap_proximal,130.0,80.0,19,pre_swap,GCAMP13,50,0
20,14,GCAMP13_14_20,False,370,320,swap_proximal,130.0,80.0,20,pre_swap,GCAMP13,1,2
21,14,GCAMP13_14_21,False,370,320,swap_proximal,130.0,80.0,21,pre_swap,GCAMP13,98,2
22,14,GCAMP13_14_22,False,370,320,swap_proximal,130.0,80.0,22,pre_swap,GCAMP13,64,1
23,14,GCAMP13_14_23,True,370,320,swap_proximal,130.0,80.0,23,pre_swap,GCAMP13,10,0
24,14,GCAMP13_14_24,False,370,320,swap_proximal,130.0,80.0,24,pre_swap,GCAMP13,1,2
25,14,GCAMP13_14_25,False,370,320,swap_proximal,130.0,80.0,25,pre_swap,GCAMP13,25,2
26,14,GCAMP13_14_26,False,370,320,swap_proximal,130.0,80.0,26,pre_swap,GCAMP13,1,2
27,14,GCAMP13_14_27,False,370,320,swap_proximal,130.0,80.0,27,pre_swap,GCAMP13,36,1
28,14,GCAMP13_14_28,False,370,320,swap_proximal,130.0,80.0,28,pre_swap,GCAMP13,64,1
29,14,GCAMP13_14_29,False,370,320,swap_proximal,130.0,80.0,29,pre_swap,GCAMP13,19,2
30,14,GCAMP13_14_30,False,130,80,swap_proximal,370.0,320.0,30,post_swap,GCAMP13,79,6
31,14,GCAMP13_14_31,True,130,80,swap_proximal,370.0,320.0,31,post_swap,GCAMP13,86,10
32,14,GCAMP13_14_32,True,130,80,swap_proximal,370.0,320.0,32,post_swap,GCAMP13,-1,0
33,14,GCAMP13_14_33,True,130,80,swap_proximal,370.0,320.0,33,post_swap,GCAMP13,15,6
34,14,GCAMP13_14_34,False,130,80,swap_proximal,370.0,320.0,34,post_swap,GCAMP13,57,6
35,14,GCAMP13_14_35,False,130,80,swap_proximal,370.0,320.0,35,post_swap,GCAMP13,72,7
36,14,GCAMP13_14_36,False,130,80,swap_proximal,370.0,320.0,36,post_swap,GCAMP13,72,7
37,14,GCAMP13_14_37,False,130,80,swap_proximal,370.0,320.0,37,post_swap,GCAMP13,72,8
38,14,GCAMP13_14_38,False,130,80,swap_proximal,370.0,320.0,38,post_swap,GCAMP13,48,8
39,14,GCAMP13_14_39,False,130,80,swap_proximal,370.0,320.0,39,post_swap,GCAMP13,48,8
40,14,GCAMP13_14_40,False,130,80,swap_proximal,370.0,320.0,40,post_swap,GCAMP13,48,8
41,14,GCAMP13_14_41,False,130,80,swap_proximal,370.0,320.0,41,post_swap,GCAMP13,72,7
42,14,GCAMP13_14_42,False,130,80,swap_proximal,370.0,320.0,42,post_swap,GCAMP13,72,7
43,14,GCAMP13_14_43,False,130,80,swap_proximal,370.0,320.0,43,post_swap,GCAMP13,72,8
44,14,GCAMP13_14_44,False,130,80,swap_proximal,370.0,320.0,44,post_swap,GCAMP13,71,7
45,14,GCAMP13_14_45,False,130,80,swap_proximal,370.0,320.0,45,post_swap,GCAMP13,72,9
46,14,GCAMP13_14_46,False,130,80,swap_proximal,370.0,320.0,46,post_swap,GCAMP13,72,7
47,14,GCAMP13_14_47,False,130,80,swap_proximal,370.0,320.0,47,post_swap,GCAMP13,48,8
48,14,GCAMP13_14_48,False,130,80,swap_proximal,370.0,320.0,48,post_swap,GCAMP13,40,3
49,14,GCAMP13_14_49,False,130,80,swap_proximal,370.0,320.0,49,post_swap,GCAMP13,72,7
50,14,GCAMP13_14_50,True,130,80,swap_proximal,370.0,320.0,50,post_swap,GCAMP13,67,10
51,14,GCAMP13_14_51,False,130,80,swap_proximal,370.0,320.0,51,post_swap,GCAMP13,40,3
52,14,GCAMP13_14_52,False,130,80,swap_proximal,370.0,320.0,52,post_swap,GCAMP13,39,3
53,14,GCAMP13_14_53,False,130,80,swap_proximal,370.0,320.0,53,post_swap,GCAMP13,40,7
54,14,GCAMP13_14_54,False,130,80,swap_proximal,370.0,320.0,54,post_swap,GCAMP13,27,3
55,14,GCAMP13_14_55,False,130,80,swap_proximal,370.0,320.0,55,post_swap,GCAMP13,48,8
56,14,GCAMP13_14_56,False,130,80,swap_proximal,370.0,320.0,56,post_swap,GCAMP13,72,7
57,14,GCAMP13_14_57,False,130,80,swap_proximal,370.0,320.0,57,post_swap,GCAMP13,40,7
58,14,GCAMP13_14_58,False,130,80,swap_proximal,370.0,320.0,58,post_swap,GCAMP13,48,8
59,14,GCAMP13_14_59,False,130,80,swap_proximal,370.0,320.0,59,post_swap,GCAMP13,27,3
60,14,GCAMP13_14_60,False,130,80,swap_proximal,370.0,320.0,60,post_swap,GCAMP13,40,7
61,14,GCAMP13_14_61,False,130,80,swap_proximal,370.0,320.0,61,post_swap,GCAMP13,39,3
62,14,GCAMP13_14_62,False,130,80,swap_proximal,370.0,320.0,62,post_swap,GCAMP13,40,3
63,14,GCAMP13_14_63,False,130,80,swap_proximal,370.0,320.0,63,post_swap,GCAMP13,40,3
64,14,GCAMP13_14_64,False,130,80,swap_proximal,370.0,320.0,64,post_swap,GCAMP13,40,3
65,14,GCAMP13_14_65,False,130,80,swap_proximal,370.0,320.0,65,post_swap,GCAMP13,27,3
66,14,GCAMP13_14_66,False,130,80,swap_proximal,370.0,320.0,66,post_swap,GCAMP13,71,7
67,14,GCAMP13_14_67,True,130,80,swap_proximal,370.0,320.0,67,post_swap,GCAMP13,67,10
68,14,GCAMP13_14_68,False,130,80,swap_proximal,370.0,320.0,68,post_swap,GCAMP13,40,7
69,14,GCAMP13_14_69,True,130,80,swap_proximal,370.0,320.0,69,post_swap,GCAMP13,86,10
70,14,GCAMP13_14_70,False,130,80,swap_proximal,370.0,320.0,70,post_swap,GCAMP13,35,3
71,14,GCAMP13_14_71,False,130,80,swap_proximal,370.0,320.0,71,post_swap,GCAMP13,39,3
72,14,GCAMP13_14_72,False,130,80,swap_proximal,370.0,320.0,72,post_swap,GCAMP13,39,3
73,14,GCAMP13_14_73,False,130,80,swap_proximal,370.0,320.0,73,post_swap,GCAMP13,71,7
74,14,GCAMP13_14_74,False,130,80,swap_proximal,370.0,320.0,74,post_swap,GCAMP13,39,3
75,14,GCAMP13_14_75,False,130,80,swap_proximal,370.0,320.0,75,post_swap,GCAMP13,39,3
76,14,GCAMP13_14_76,False,130,80,swap_proximal,370.0,320.0,76,post_swap,GCAMP13,27,3
77,14,GCAMP13_14_77,False,130,80,swap_proximal,370.0,320.0,77,post_swap,GCAMP13,40,3
78,14,GCAMP13_14_78,False,130,80,swap_proximal,370.0,320.0,78,post_swap,GCAMP13,40,7
79,14,GCAMP13_14_79,False,130,80,swap_proximal,370.0,320.0,79,post_swap,GCAMP13,72,7
0,3,GCAMP14_3_0,False,130,80,swap_distal,250.0,200.0,0,pre_swap,GCAMP14,39,3
1,3,GCAMP14_3_1,False,130,80,swap_distal,250.0,200.0,1,pre_swap,GCAMP14,31,5
2,3,GCAMP14_3_2,False,130,80,swap_distal,250.0,200.0,2,pre_swap,GCAMP14,70,3
3,3,GCAMP14_3_3,False,130,80,swap_distal,250.0,200.0,3,pre_swap,GCAMP14,44,3
4,3,GCAMP14_3_4,False,130,80,swap_distal,250.0,200.0,4,pre_swap,GCAMP14,77,3
5,3,GCAMP14_3_5,False,130,80,swap_distal,250.0,200.0,5,pre_swap,GCAMP14,59,3
6,3,GCAMP14_3_6,False,130,80,swap_distal,250.0,200.0,6,pre_swap,GCAMP14,46,3
7,3,GCAMP14_3_7,False,130,80,swap_distal,250.0,200.0,7,pre_swap,GCAMP14,20,3
8,3,GCAMP14_3_8,True,130,80,swap_distal,250.0,200.0,8,pre_swap,GCAMP14,26,5
9,3,GCAMP14_3_9,False,130,80,swap_distal,250.0,200.0,9,pre_swap,GCAMP14,46,3
10,3,GCAMP14_3_10,False,130,80,swap_distal,250.0,200.0,10,pre_swap,GCAMP14,46,3
11,3,GCAMP14_3_11,True,130,80,swap_distal,250.0,200.0,11,pre_swap,GCAMP14,31,5
12,3,GCAMP14_3_12,False,130,80,swap_distal,250.0,200.0,12,pre_swap,GCAMP14,70,3
13,3,GCAMP14_3_13,False,130,80,swap_distal,250.0,200.0,13,pre_swap,GCAMP14,46,3
14,3,GCAMP14_3_14,False,130,80,swap_distal,250.0,200.0,14,pre_swap,GCAMP14,77,3
15,3,GCAMP14_3_15,True,130,80,swap_distal,250.0,200.0,15,pre_swap,GCAMP14,26,5
16,3,GCAMP14_3_16,False,130,80,swap_distal,250.0,200.0,16,pre_swap,GCAMP14,77,3
17,3,GCAMP14_3_17,False,130,80,swap_distal,250.0,200.0,17,pre_swap,GCAMP14,46,3
18,3,GCAMP14_3_18,False,130,80,swap_distal,250.0,200.0,18,pre_swap,GCAMP14,77,3
19,3,GCAMP14_3_19,False,130,80,swap_distal,250.0,200.0,19,pre_swap,GCAMP14,77,3
20,3,GCAMP14_3_20,True,130,80,swap_distal,250.0,200.0,20,pre_swap,GCAMP14,77,5
21,3,GCAMP14_3_21,False,130,80,swap_distal,250.0,200.0,21,pre_swap,GCAMP14,46,3
22,3,GCAMP14_3_22,False,130,80,swap_distal,250.0,200.0,22,pre_swap,GCAMP14,77,3
23,3,GCAMP14_3_23,False,130,80,swap_distal,250.0,200.0,23,pre_swap,GCAMP14,46,3
24,3,GCAMP14_3_24,False,130,80,swap_distal,250.0,200.0,24,pre_swap,GCAMP14,70,3
25,3,GCAMP14_3_25,False,130,80,swap_distal,250.0,200.0,25,pre_swap,GCAMP14,44,3
26,3,GCAMP14_3_26,False,130,80,swap_distal,250.0,200.0,26,pre_swap,GCAMP14,70,3
27,3,GCAMP14_3_27,True,130,80,swap_distal,250.0,200.0,27,pre_swap,GCAMP14,26,5
28,3,GCAMP14_3_28,False,130,80,swap_distal,250.0,200.0,28,pre_swap,GCAMP14,44,3
29,3,GCAMP14_3_29,False,130,80,swap_distal,250.0,200.0,29,pre_swap,GCAMP14,46,3
30,3,GCAMP14_3_30,False,250,200,swap_distal,130.0,80.0,30,post_swap,GCAMP14,46,1
31,3,GCAMP14_3_31,False,250,200,swap_distal,130.0,80.0,31,post_swap,GCAMP14,-1,1
32,3,GCAMP14_3_32,False,250,200,swap_distal,130.0,80.0,32,post_swap,GCAMP14,83,9
33,3,GCAMP14_3_33,True,250,200,swap_distal,130.0,80.0,33,post_swap,GCAMP14,86,10
34,3,GCAMP14_3_34,False,250,200,swap_distal,130.0,80.0,34,post_swap,GCAMP14,67,10
35,3,GCAMP14_3_35,False,250,200,swap_distal,130.0,80.0,35,post_swap,GCAMP14,52,10
36,3,GCAMP14_3_36,False,250,200,swap_distal,130.0,80.0,36,post_swap,GCAMP14,-1,1
37,3,GCAMP14_3_37,False,250,200,swap_distal,130.0,80.0,37,post_swap,GCAMP14,78,6
38,3,GCAMP14_3_38,False,250,200,swap_distal,130.0,80.0,38,post_swap,GCAMP14,83,9
39,3,GCAMP14_3_39,False,250,200,swap_distal,130.0,80.0,39,post_swap,GCAMP14,52,5
40,3,GCAMP14_3_40,False,250,200,swap_distal,130.0,80.0,40,post_swap,GCAMP14,78,6
41,3,GCAMP14_3_41,False,250,200,swap_distal,130.0,80.0,41,post_swap,GCAMP14,51,5
42,3,GCAMP14_3_42,False,250,200,swap_distal,130.0,80.0,42,post_swap,GCAMP14,52,5
43,3,GCAMP14_3_43,True,250,200,swap_distal,130.0,80.0,43,post_swap,GCAMP14,78,10
44,3,GCAMP14_3_44,False,250,200,swap_distal,130.0,80.0,44,post_swap,GCAMP14,78,10
45,3,GCAMP14_3_45,False,250,200,swap_distal,130.0,80.0,45,post_swap,GCAMP14,51,5
46,3,GCAMP14_3_46,False,250,200,swap_distal,130.0,80.0,46,post_swap,GCAMP14,17,5
47,3,GCAMP14_3_47,False,250,200,swap_distal,130.0,80.0,47,post_swap,GCAMP14,4,5
48,3,GCAMP14_3_48,False,250,200,swap_distal,130.0,80.0,48,post_swap,GCAMP14,60,6
49,3,GCAMP14_3_49,True,250,200,swap_distal,130.0,80.0,49,post_swap,GCAMP14,67,10
50,3,GCAMP14_3_50,False,250,200,swap_distal,130.0,80.0,50,post_swap,GCAMP14,51,1
51,3,GCAMP14_3_51,True,250,200,swap_distal,130.0,80.0,51,post_swap,GCAMP14,65,1
52,3,GCAMP14_3_52,False,250,200,swap_distal,130.0,80.0,52,post_swap,GCAMP14,4,4
53,3,GCAMP14_3_53,False,250,200,swap_distal,130.0,80.0,53,post_swap,GCAMP14,9,4
54,3,GCAMP14_3_54,False,250,200,swap_distal,130.0,80.0,54,post_swap,GCAMP14,4,4
55,3,GCAMP14_3_55,False,250,200,swap_distal,130.0,80.0,55,post_swap,GCAMP14,9,4
56,3,GCAMP14_3_56,False,250,200,swap_distal,130.0,80.0,56,post_swap,GCAMP14,81,4
57,3,GCAMP14_3_57,False,250,200,swap_distal,130.0,80.0,57,post_swap,GCAMP14,23,4
58,3,GCAMP14_3_58,False,250,200,swap_distal,130.0,80.0,58,post_swap,GCAMP14,4,5
59,3,GCAMP14_3_59,True,250,200,swap_distal,130.0,80.0,59,post_swap,GCAMP14,36,1
60,3,GCAMP14_3_60,True,250,200,swap_distal,130.0,80.0,60,post_swap,GCAMP14,36,6
61,3,GCAMP14_3_61,True,250,200,swap_distal,130.0,80.0,61,post_swap,GCAMP14,64,1
62,3,GCAMP14_3_62,True,250,200,swap_distal,130.0,80.0,62,post_swap,GCAMP14,53,1
63,3,GCAMP14_3_63,False,250,200,swap_distal,130.0,80.0,63,post_swap,GCAMP14,65,1
64,3,GCAMP14_3_64,False,250,200,swap_distal,130.0,80.0,64,post_swap,GCAMP14,17,5
65,3,GCAMP14_3_65,False,250,200,swap_distal,130.0,80.0,65,post_swap,GCAMP14,4,4
66,3,GCAMP14_3_66,False,250,200,swap_distal,130.0,80.0,66,post_swap,GCAMP14,41,2
67,3,GCAMP14_3_67,False,250,200,swap_distal,130.0,80.0,67,post_swap,GCAMP14,4,5
68,3,GCAMP14_3_68,False,250,200,swap_distal,130.0,80.0,68,post_swap,GCAMP14,-1,4
69,3,GCAMP14_3_69,False,250,200,swap_distal,130.0,80.0,69,post_swap,GCAMP14,9,4
70,3,GCAMP14_3_70,True,250,200,swap_distal,130.0,80.0,70,post_swap,GCAMP14,29,6
71,3,GCAMP14_3_71,False,250,200,swap_distal,130.0,80.0,71,post_swap,GCAMP14,81,4
72,3,GCAMP14_3_72,False,250,200,swap_distal,130.0,80.0,72,post_swap,GCAMP14,60,6
73,3,GCAMP14_3_73,False,250,200,swap_distal,130.0,80.0,73,post_swap,GCAMP14,83,9
74,3,GCAMP14_3_74,False,250,200,swap_distal,130.0,80.0,74,post_swap,GCAMP14,83,9
75,3,GCAMP14_3_75,True,250,200,swap_distal,130.0,80.0,75,post_swap,GCAMP14,78,6
76,3,GCAMP14_3_76,False,250,200,swap_distal,130.0,80.0,76,post_swap,GCAMP14,51,5
77,3,GCAMP14_3_77,False,250,200,swap_distal,130.0,80.0,77,post_swap,GCAMP14,17,5
78,3,GCAMP14_3_78,True,250,200,swap_distal,130.0,80.0,78,post_swap,GCAMP14,79,6
79,3,GCAMP14_3_79,True,250,200,swap_distal,130.0,80.0,79,post_swap,GCAMP14,79,6
0,5,GCAMP14_5_0,True,250,200,swap_distal,370.0,320.0,0,pre_swap,GCAMP14,53,1
1,5,GCAMP14_5_1,False,250,200,swap_distal,370.0,320.0,1,pre_swap,GCAMP14,81,4
2,5,GCAMP14_5_2,True,250,200,swap_distal,370.0,320.0,2,pre_swap,GCAMP14,-1,2
3,5,GCAMP14_5_3,False,250,200,swap_distal,370.0,320.0,3,pre_swap,GCAMP14,63,4
4,5,GCAMP14_5_4,False,250,200,swap_distal,370.0,320.0,4,pre_swap,GCAMP14,66,2
5,5,GCAMP14_5_5,False,250,200,swap_distal,370.0,320.0,5,pre_swap,GCAMP14,81,4
6,5,GCAMP14_5_6,False,250,200,swap_distal,370.0,320.0,6,pre_swap,GCAMP14,61,4
7,5,GCAMP14_5_7,True,250,200,swap_distal,370.0,320.0,7,pre_swap,GCAMP14,81,2
8,5,GCAMP14_5_8,False,250,200,swap_distal,370.0,320.0,8,pre_swap,GCAMP14,81,4
9,5,GCAMP14_5_9,False,250,200,swap_distal,370.0,320.0,9,pre_swap,GCAMP14,81,4
10,5,GCAMP14_5_10,False,250,200,swap_distal,370.0,320.0,10,pre_swap,GCAMP14,4,4
11,5,GCAMP14_5_11,False,250,200,swap_distal,370.0,320.0,11,pre_swap,GCAMP14,81,4
12,5,GCAMP14_5_12,False,250,200,swap_distal,370.0,320.0,12,pre_swap,GCAMP14,81,4
13,5,GCAMP14_5_13,True,250,200,swap_distal,370.0,320.0,13,pre_swap,GCAMP14,-1,2
14,5,GCAMP14_5_14,False,250,200,swap_distal,370.0,320.0,14,pre_swap,GCAMP14,81,4
15,5,GCAMP14_5_15,False,250,200,swap_distal,370.0,320.0,15,pre_swap,GCAMP14,80,4
16,5,GCAMP14_5_16,False,250,200,swap_distal,370.0,320.0,16,pre_swap,GCAMP14,81,4
17,5,GCAMP14_5_17,False,250,200,swap_distal,370.0,320.0,17,pre_swap,GCAMP14,81,4
18,5,GCAMP14_5_18,False,250,200,swap_distal,370.0,320.0,18,pre_swap,GCAMP14,81,4
19,5,GCAMP14_5_19,False,250,200,swap_distal,370.0,320.0,19,pre_swap,GCAMP14,62,4
20,5,GCAMP14_5_20,True,250,200,swap_distal,370.0,320.0,20,pre_swap,GCAMP14,66,2
21,5,GCAMP14_5_21,False,250,200,swap_distal,370.0,320.0,21,pre_swap,GCAMP14,81,4
22,5,GCAMP14_5_22,False,250,200,swap_distal,370.0,320.0,22,pre_swap,GCAMP14,81,4
23,5,GCAMP14_5_23,True,250,200,swap_distal,370.0,320.0,23,pre_swap,GCAMP14,66,2
24,5,GCAMP14_5_24,True,250,200,swap_distal,370.0,320.0,24,pre_swap,GCAMP14,94,2
25,5,GCAMP14_5_25,True,250,200,swap_distal,370.0,320.0,25,pre_swap,GCAMP14,33,2
26,5,GCAMP14_5_26,False,250,200,swap_distal,370.0,320.0,26,pre_swap,GCAMP14,33,4
27,5,GCAMP14_5_27,True,250,200,swap_distal,370.0,320.0,27,pre_swap,GCAMP14,81,2
28,5,GCAMP14_5_28,False,250,200,swap_distal,370.0,320.0,28,pre_swap,GCAMP14,33,4
29,5,GCAMP14_5_29,True,250,200,swap_distal,370.0,320.0,29,pre_swap,GCAMP14,90,2
30,5,GCAMP14_5_30,False,370,320,swap_distal,250.0,200.0,30,post_swap,GCAMP14,-1,0
31,5,GCAMP14_5_31,False,370,320,swap_distal,250.0,200.0,31,post_swap,GCAMP14,19,2
32,5,GCAMP14_5_32,False,370,320,swap_distal,250.0,200.0,32,post_swap,GCAMP14,91,2
33,5,GCAMP14_5_33,False,370,320,swap_distal,250.0,200.0,33,post_swap,GCAMP14,91,0
34,5,GCAMP14_5_34,True,370,320,swap_distal,250.0,200.0,34,post_swap,GCAMP14,29,0
35,5,GCAMP14_5_35,False,370,320,swap_distal,250.0,200.0,35,post_swap,GCAMP14,91,2
36,5,GCAMP14_5_36,False,370,320,swap_distal,250.0,200.0,36,post_swap,GCAMP14,25,2
37,5,GCAMP14_5_37,True,370,320,swap_distal,250.0,200.0,37,post_swap,GCAMP14,3,0
38,5,GCAMP14_5_38,False,370,320,swap_distal,250.0,200.0,38,post_swap,GCAMP14,25,2
39,5,GCAMP14_5_39,False,370,320,swap_distal,250.0,200.0,39,post_swap,GCAMP14,25,2
40,5,GCAMP14_5_40,False,370,320,swap_distal,250.0,200.0,40,post_swap,GCAMP14,25,2
41,5,GCAMP14_5_41,False,370,320,swap_distal,250.0,200.0,41,post_swap,GCAMP14,7,2
42,5,GCAMP14_5_42,True,370,320,swap_distal,250.0,200.0,42,post_swap,GCAMP14,3,0
43,5,GCAMP14_5_43,False,370,320,swap_distal,250.0,200.0,43,post_swap,GCAMP14,25,2
44,5,GCAMP14_5_44,False,370,320,swap_distal,250.0,200.0,44,post_swap,GCAMP14,38,2
45,5,GCAMP14_5_45,False,370,320,swap_distal,250.0,200.0,45,post_swap,GCAMP14,67,10
46,5,GCAMP14_5_46,False,370,320,swap_distal,250.0,200.0,46,post_swap,GCAMP14,-1,2
47,5,GCAMP14_5_47,False,370,320,swap_distal,250.0,200.0,47,post_swap,GCAMP14,84,2
48,5,GCAMP14_5_48,False,370,320,swap_distal,250.0,200.0,48,post_swap,GCAMP14,84,2
49,5,GCAMP14_5_49,False,370,320,swap_distal,250.0,200.0,49,post_swap,GCAMP14,7,2
50,5,GCAMP14_5_50,False,370,320,swap_distal,250.0,200.0,50,post_swap,GCAMP14,74,2
51,5,GCAMP14_5_51,False,370,320,swap_distal,250.0,200.0,51,post_swap,GCAMP14,2,2
52,5,GCAMP14_5_52,False,370,320,swap_distal,250.0,200.0,52,post_swap,GCAMP14,-1,2
53,5,GCAMP14_5_53,True,370,320,swap_distal,250.0,200.0,53,post_swap,GCAMP14,3,0
54,5,GCAMP14_5_54,False,370,320,swap_distal,250.0,200.0,54,post_swap,GCAMP14,7,2
55,5,GCAMP14_5_55,False,370,320,swap_distal,250.0,200.0,55,post_swap,GCAMP14,-1,2
56,5,GCAMP14_5_56,False,370,320,swap_distal,250.0,200.0,56,post_swap,GCAMP14,74,3
57,5,GCAMP14_5_57,True,370,320,swap_distal,250.0,200.0,57,post_swap,GCAMP14,57,0
58,5,GCAMP14_5_58,False,370,320,swap_distal,250.0,200.0,58,post_swap,GCAMP14,11,2
59,5,GCAMP14_5_59,False,370,320,swap_distal,250.0,200.0,59,post_swap,GCAMP14,84,2
60,5,GCAMP14_5_60,False,370,320,swap_distal,250.0,200.0,60,post_swap,GCAMP14,87,2
61,5,GCAMP14_5_61,False,370,320,swap_distal,250.0,200.0,61,post_swap,GCAMP14,87,2
62,5,GCAMP14_5_62,False,370,320,swap_distal,250.0,200.0,62,post_swap,GCAMP14,2,2
63,5,GCAMP14_5_63,False,370,320,swap_distal,250.0,200.0,63,post_swap,GCAMP14,38,2
64,5,GCAMP14_5_64,False,370,320,swap_distal,250.0,200.0,64,post_swap,GCAMP14,75,3
65,5,GCAMP14_5_65,False,370,320,swap_distal,250.0,200.0,65,post_swap,GCAMP14,84,2
66,5,GCAMP14_5_66,False,370,320,swap_distal,250.0,200.0,66,post_swap,GCAMP14,11,3
67,5,GCAMP14_5_67,False,370,320,swap_distal,250.0,200.0,67,post_swap,GCAMP14,25,2
68,5,GCAMP14_5_68,False,370,320,swap_distal,250.0,200.0,68,post_swap,GCAMP14,75,2
69,5,GCAMP14_5_69,False,370,320,swap_distal,250.0,200.0,69,post_swap,GCAMP14,38,2
70,5,GCAMP14_5_70,False,370,320,swap_distal,250.0,200.0,70,post_swap,GCAMP14,65,1
71,5,GCAMP14_5_71,False,370,320,swap_distal,250.0,200.0,71,post_swap,GCAMP14,92,3
72,5,GCAMP14_5_72,True,370,320,swap_distal,250.0,200.0,72,post_swap,GCAMP14,57,0
73,5,GCAMP14_5_73,False,370,320,swap_distal,250.0,200.0,73,post_swap,GCAMP14,87,2
74,5,GCAMP14_5_74,False,370,320,swap_distal,250.0,200.0,74,post_swap,GCAMP14,11,2
75,5,GCAMP14_5_75,False,370,320,swap_distal,250.0,200.0,75,post_swap,GCAMP14,87,2
76,5,GCAMP14_5_76,False,370,320,swap_distal,250.0,200.0,76,post_swap,GCAMP14,92,3
77,5,GCAMP14_5_77,False,370,320,swap_distal,250.0,200.0,77,post_swap,GCAMP14,88,2
78,5,GCAMP14_5_78,False,370,320,swap_distal,250.0,200.0,78,post_swap,GCAMP14,2,2
79,5,GCAMP14_5_79,False,370,320,swap_distal,250.0,200.0,79,post_swap,GCAMP14,75,3
0,7,GCAMP14_7_0,False,370,320,swap_proximal,130.0,80.0,0,pre_swap,GCAMP14,5,0
1,7,GCAMP14_7_1,True,370,320,swap_proximal,130.0,80.0,1,pre_swap,GCAMP14,57,0
2,7,GCAMP14_7_2,False,370,320,swap_proximal,130.0,80.0,2,pre_swap,GCAMP14,54,3
3,7,GCAMP14_7_3,False,370,320,swap_proximal,130.0,80.0,3,pre_swap,GCAMP14,54,3
4,7,GCAMP14_7_4,False,370,320,swap_proximal,130.0,80.0,4,pre_swap,GCAMP14,89,3
5,7,GCAMP14_7_5,False,370,320,swap_proximal,130.0,80.0,5,pre_swap,GCAMP14,54,3
6,7,GCAMP14_7_6,False,370,320,swap_proximal,130.0,80.0,6,pre_swap,GCAMP14,89,3
7,7,GCAMP14_7_7,False,370,320,swap_proximal,130.0,80.0,7,pre_swap,GCAMP14,92,3
8,7,GCAMP14_7_8,False,370,320,swap_proximal,130.0,80.0,8,pre_swap,GCAMP14,54,3
9,7,GCAMP14_7_9,False,370,320,swap_proximal,130.0,80.0,9,pre_swap,GCAMP14,89,3
10,7,GCAMP14_7_10,True,370,320,swap_proximal,130.0,80.0,10,pre_swap,GCAMP14,11,0
11,7,GCAMP14_7_11,True,370,320,swap_proximal,130.0,80.0,11,pre_swap,GCAMP14,-1,0
12,7,GCAMP14_7_12,False,370,320,swap_proximal,130.0,80.0,12,pre_swap,GCAMP14,75,3
13,7,GCAMP14_7_13,False,370,320,swap_proximal,130.0,80.0,13,pre_swap,GCAMP14,75,3
14,7,GCAMP14_7_14,False,370,320,swap_proximal,130.0,80.0,14,pre_swap,GCAMP14,30,2
15,7,GCAMP14_7_15,False,370,320,swap_proximal,130.0,80.0,15,pre_swap,GCAMP14,11,2
16,7,GCAMP14_7_16,False,370,320,swap_proximal,130.0,80.0,16,pre_swap,GCAMP14,54,3
17,7,GCAMP14_7_17,False,370,320,swap_proximal,130.0,80.0,17,pre_swap,GCAMP14,42,3
18,7,GCAMP14_7_18,True,370,320,swap_proximal,130.0,80.0,18,pre_swap,GCAMP14,93,2
19,7,GCAMP14_7_19,False,370,320,swap_proximal,130.0,80.0,19,pre_swap,GCAMP14,54,2
20,7,GCAMP14_7_20,False,370,320,swap_proximal,130.0,80.0,20,pre_swap,GCAMP14,5,2
21,7,GCAMP14_7_21,False,370,320,swap_proximal,130.0,80.0,21,pre_swap,GCAMP14,30,2
22,7,GCAMP14_7_22,False,370,320,swap_proximal,130.0,80.0,22,pre_swap,GCAMP14,75,3
23,7,GCAMP14_7_23,False,370,320,swap_proximal,130.0,80.0,23,pre_swap,GCAMP14,30,2
24,7,GCAMP14_7_24,False,370,320,swap_proximal,130.0,80.0,24,pre_swap,GCAMP14,89,3
25,7,GCAMP14_7_25,False,370,320,swap_proximal,130.0,80.0,25,pre_swap,GCAMP14,54,3
26,7,GCAMP14_7_26,False,370,320,swap_proximal,130.0,80.0,26,pre_swap,GCAMP14,92,3
27,7,GCAMP14_7_27,False,370,320,swap_proximal,130.0,80.0,27,pre_swap,GCAMP14,73,3
28,7,GCAMP14_7_28,False,370,320,swap_proximal,130.0,80.0,28,pre_swap,GCAMP14,92,3
29,7,GCAMP14_7_29,False,370,320,swap_proximal,130.0,80.0,29,pre_swap,GCAMP14,54,3
30,7,GCAMP14_7_30,False,130,80,swap_proximal,370.0,320.0,30,post_swap,GCAMP14,11,2
31,7,GCAMP14_7_31,False,130,80,swap_proximal,370.0,320.0,31,post_swap,GCAMP14,57,0
32,7,GCAMP14_7_32,False,130,80,swap_proximal,370.0,320.0,32,post_swap,GCAMP14,50,0
33,7,GCAMP14_7_33,False,130,80,swap_proximal,370.0,320.0,33,post_swap,GCAMP14,57,6
34,7,GCAMP14_7_34,True,130,80,swap_proximal,370.0,320.0,34,post_swap,GCAMP14,74,2
35,7,GCAMP14_7_35,False,130,80,swap_proximal,370.0,320.0,35,post_swap,GCAMP14,57,6
36,7,GCAMP14_7_36,False,130,80,swap_proximal,370.0,320.0,36,post_swap,GCAMP14,72,7
37,7,GCAMP14_7_37,False,130,80,swap_proximal,370.0,320.0,37,post_swap,GCAMP14,72,7
38,7,GCAMP14_7_38,False,130,80,swap_proximal,370.0,320.0,38,post_swap,GCAMP14,72,7
39,7,GCAMP14_7_39,False,130,80,swap_proximal,370.0,320.0,39,post_swap,GCAMP14,48,8
40,7,GCAMP14_7_40,False,130,80,swap_proximal,370.0,320.0,40,post_swap,GCAMP14,72,7
41,7,GCAMP14_7_41,True,130,80,swap_proximal,370.0,320.0,41,post_swap,GCAMP14,86,10
42,7,GCAMP14_7_42,False,130,80,swap_proximal,370.0,320.0,42,post_swap,GCAMP14,40,8
43,7,GCAMP14_7_43,False,130,80,swap_proximal,370.0,320.0,43,post_swap,GCAMP14,72,7
44,7,GCAMP14_7_44,False,130,80,swap_proximal,370.0,320.0,44,post_swap,GCAMP14,72,7
45,7,GCAMP14_7_45,False,130,80,swap_proximal,370.0,320.0,45,post_swap,GCAMP14,72,7
46,7,GCAMP14_7_46,False,130,80,swap_proximal,370.0,320.0,46,post_swap,GCAMP14,40,7
47,7,GCAMP14_7_47,False,130,80,swap_proximal,370.0,320.0,47,post_swap,GCAMP14,72,7
48,7,GCAMP14_7_48,False,130,80,swap_proximal,370.0,320.0,48,post_swap,GCAMP14,72,8
49,7,GCAMP14_7_49,False,130,80,swap_proximal,370.0,320.0,49,post_swap,GCAMP14,72,7
50,7,GCAMP14_7_50,False,130,80,swap_proximal,370.0,320.0,50,post_swap,GCAMP14,72,8
51,7,GCAMP14_7_51,False,130,80,swap_proximal,370.0,320.0,51,post_swap,GCAMP14,40,7
52,7,GCAMP14_7_52,False,130,80,swap_proximal,370.0,320.0,52,post_swap,GCAMP14,48,8
53,7,GCAMP14_7_53,False,130,80,swap_proximal,370.0,320.0,53,post_swap,GCAMP14,40,3
54,7,GCAMP14_7_54,False,130,80,swap_proximal,370.0,320.0,54,post_swap,GCAMP14,48,6
55,7,GCAMP14_7_55,False,130,80,swap_proximal,370.0,320.0,55,post_swap,GCAMP14,40,7
56,7,GCAMP14_7_56,False,130,80,swap_proximal,370.0,320.0,56,post_swap,GCAMP14,72,7
57,7,GCAMP14_7_57,False,130,80,swap_proximal,370.0,320.0,57,post_swap,GCAMP14,40,7
58,7,GCAMP14_7_58,False,130,80,swap_proximal,370.0,320.0,58,post_swap,GCAMP14,40,7
59,7,GCAMP14_7_59,False,130,80,swap_proximal,370.0,320.0,59,post_swap,GCAMP14,39,3
60,7,GCAMP14_7_60,False,130,80,swap_proximal,370.0,320.0,60,post_swap,GCAMP14,72,7
61,7,GCAMP14_7_61,False,130,80,swap_proximal,370.0,320.0,61,post_swap,GCAMP14,40,7
62,7,GCAMP14_7_62,False,130,80,swap_proximal,370.0,320.0,62,post_swap,GCAMP14,16,3
63,7,GCAMP14_7_63,False,130,80,swap_proximal,370.0,320.0,63,post_swap,GCAMP14,27,3
64,7,GCAMP14_7_64,False,130,80,swap_proximal,370.0,320.0,64,post_swap,GCAMP14,0,3
65,7,GCAMP14_7_65,False,130,80,swap_proximal,370.0,320.0,65,post_swap,GCAMP14,59,3
66,7,GCAMP14_7_66,False,130,80,swap_proximal,370.0,320.0,66,post_swap,GCAMP14,26,4
67,7,GCAMP14_7_67,False,130,80,swap_proximal,370.0,320.0,67,post_swap,GCAMP14,68,3
68,7,GCAMP14_7_68,False,130,80,swap_proximal,370.0,320.0,68,post_swap,GCAMP14,70,3
69,7,GCAMP14_7_69,False,130,80,swap_proximal,370.0,320.0,69,post_swap,GCAMP14,35,3
70,7,GCAMP14_7_70,False,130,80,swap_proximal,370.0,320.0,70,post_swap,GCAMP14,59,3
71,7,GCAMP14_7_71,False,130,80,swap_proximal,370.0,320.0,71,post_swap,GCAMP14,35,3
72,7,GCAMP14_7_72,False,130,80,swap_proximal,370.0,320.0,72,post_swap,GCAMP14,77,3
73,7,GCAMP14_7_73,False,130,80,swap_proximal,370.0,320.0,73,post_swap,GCAMP14,70,3
74,7,GCAMP14_7_74,False,130,80,swap_proximal,370.0,320.0,74,post_swap,GCAMP14,77,3
75,7,GCAMP14_7_75,False,130,80,swap_proximal,370.0,320.0,75,post_swap,GCAMP14,26,5
76,7,GCAMP14_7_76,False,130,80,swap_proximal,370.0,320.0,76,post_swap,GCAMP14,70,3
77,7,GCAMP14_7_77,False,130,80,swap_proximal,370.0,320.0,77,post_swap,GCAMP14,77,3
78,7,GCAMP14_7_78,False,130,80,swap_proximal,370.0,320.0,78,post_swap,GCAMP14,16,3
79,7,GCAMP14_7_79,False,130,80,swap_proximal,370.0,320.0,79,post_swap,GCAMP14,44,3
0,8,GCAMP14_8_0,False,130,80,swap_distal,370.0,320.0,0,pre_swap,GCAMP14,72,7
1,8,GCAMP14_8_1,False,130,80,swap_distal,370.0,320.0,1,pre_swap,GCAMP14,31,5
2,8,GCAMP14_8_2,True,130,80,swap_distal,370.0,320.0,2,pre_swap,GCAMP14,26,5
3,8,GCAMP14_8_3,False,130,80,swap_distal,370.0,320.0,3,pre_swap,GCAMP14,77,3
4,8,GCAMP14_8_4,False,130,80,swap_distal,370.0,320.0,4,pre_swap,GCAMP14,77,3
5,8,GCAMP14_8_5,False,130,80,swap_distal,370.0,320.0,5,pre_swap,GCAMP14,46,3
6,8,GCAMP14_8_6,False,130,80,swap_distal,370.0,320.0,6,pre_swap,GCAMP14,77,3
7,8,GCAMP14_8_7,False,130,80,swap_distal,370.0,320.0,7,pre_swap,GCAMP14,16,3
8,8,GCAMP14_8_8,False,130,80,swap_distal,370.0,320.0,8,pre_swap,GCAMP14,16,3
9,8,GCAMP14_8_9,False,130,80,swap_distal,370.0,320.0,9,pre_swap,GCAMP14,43,3
10,8,GCAMP14_8_10,False,130,80,swap_distal,370.0,320.0,10,pre_swap,GCAMP14,69,3
11,8,GCAMP14_8_11,False,130,80,swap_distal,370.0,320.0,11,pre_swap,GCAMP14,70,3
12,8,GCAMP14_8_12,False,130,80,swap_distal,370.0,320.0,12,pre_swap,GCAMP14,77,3
13,8,GCAMP14_8_13,True,130,80,swap_distal,370.0,320.0,13,pre_swap,GCAMP14,35,5
14,8,GCAMP14_8_14,False,130,80,swap_distal,370.0,320.0,14,pre_swap,GCAMP14,59,3
15,8,GCAMP14_8_15,False,130,80,swap_distal,370.0,320.0,15,pre_swap,GCAMP14,46,3
16,8,GCAMP14_8_16,False,130,80,swap_distal,370.0,320.0,16,pre_swap,GCAMP14,16,3
17,8,GCAMP14_8_17,False,130,80,swap_distal,370.0,320.0,17,pre_swap,GCAMP14,46,3
18,8,GCAMP14_8_18,False,130,80,swap_distal,370.0,320.0,18,pre_swap,GCAMP14,0,3
19,8,GCAMP14_8_19,False,130,80,swap_distal,370.0,320.0,19,pre_swap,GCAMP14,77,3
20,8,GCAMP14_8_20,False,130,80,swap_distal,370.0,320.0,20,pre_swap,GCAMP14,77,3
21,8,GCAMP14_8_21,False,130,80,swap_distal,370.0,320.0,21,pre_swap,GCAMP14,44,3
22,8,GCAMP14_8_22,False,130,80,swap_distal,370.0,320.0,22,pre_swap,GCAMP14,77,3
23,8,GCAMP14_8_23,False,130,80,swap_distal,370.0,320.0,23,pre_swap,GCAMP14,46,3
24,8,GCAMP14_8_24,False,130,80,swap_distal,370.0,320.0,24,pre_swap,GCAMP14,16,3
25,8,GCAMP14_8_25,False,130,80,swap_distal,370.0,320.0,25,pre_swap,GCAMP14,27,3
26,8,GCAMP14_8_26,False,130,80,swap_distal,370.0,320.0,26,pre_swap,GCAMP14,16,3
27,8,GCAMP14_8_27,True,130,80,swap_distal,370.0,320.0,27,pre_swap,GCAMP14,52,9
28,8,GCAMP14_8_28,False,130,80,swap_distal,370.0,320.0,28,pre_swap,GCAMP14,0,3
29,8,GCAMP14_8_29,False,130,80,swap_distal,370.0,320.0,29,pre_swap,GCAMP14,46,3
30,8,GCAMP14_8_30,False,370,320,swap_distal,130.0,80.0,30,post_swap,GCAMP14,67,10
31,8,GCAMP14_8_31,False,370,320,swap_distal,130.0,80.0,31,post_swap,GCAMP14,86,10
32,8,GCAMP14_8_32,False,370,320,swap_distal,130.0,80.0,32,post_swap,GCAMP14,65,10
33,8,GCAMP14_8_33,False,370,320,swap_distal,130.0,80.0,33,post_swap,GCAMP14,67,1
34,8,GCAMP14_8_34,False,370,320,swap_distal,130.0,80.0,34,post_swap,GCAMP14,36,1
35,8,GCAMP14_8_35,False,370,320,swap_distal,130.0,80.0,35,post_swap,GCAMP14,36,1
36,8,GCAMP14_8_36,False,370,320,swap_distal,130.0,80.0,36,post_swap,GCAMP14,91,2
37,8,GCAMP14_8_37,False,370,320,swap_distal,130.0,80.0,37,post_swap,GCAMP14,88,2
38,8,GCAMP14_8_38,True,370,320,swap_distal,130.0,80.0,38,post_swap,GCAMP14,79,6
39,8,GCAMP14_8_39,False,370,320,swap_distal,130.0,80.0,39,post_swap,GCAMP14,96,2
40,8,GCAMP14_8_40,False,370,320,swap_distal,130.0,80.0,40,post_swap,GCAMP14,25,2
41,8,GCAMP14_8_41,False,370,320,swap_distal,130.0,80.0,41,post_swap,GCAMP14,89,2
42,8,GCAMP14_8_42,False,370,320,swap_distal,130.0,80.0,42,post_swap,GCAMP14,91,2
43,8,GCAMP14_8_43,False,370,320,swap_distal,130.0,80.0,43,post_swap,GCAMP14,37,2
44,8,GCAMP14_8_44,True,370,320,swap_distal,130.0,80.0,44,post_swap,GCAMP14,3,0
45,8,GCAMP14_8_45,False,370,320,swap_distal,130.0,80.0,45,post_swap,GCAMP14,7,2
46,8,GCAMP14_8_46,False,370,320,swap_distal,130.0,80.0,46,post_swap,GCAMP14,84,2
47,8,GCAMP14_8_47,False,370,320,swap_distal,130.0,80.0,47,post_swap,GCAMP14,5,2
48,8,GCAMP14_8_48,False,370,320,swap_distal,130.0,80.0,48,post_swap,GCAMP14,25,2
49,8,GCAMP14_8_49,False,370,320,swap_distal,130.0,80.0,49,post_swap,GCAMP14,75,3
50,8,GCAMP14_8_50,False,370,320,swap_distal,130.0,80.0,50,post_swap,GCAMP14,2,2
51,8,GCAMP14_8_51,False,370,320,swap_distal,130.0,80.0,51,post_swap,GCAMP14,93,2
52,8,GCAMP14_8_52,False,370,320,swap_distal,130.0,80.0,52,post_swap,GCAMP14,12,0
53,8,GCAMP14_8_53,False,370,320,swap_distal,130.0,80.0,53,post_swap,GCAMP14,67,10
54,8,GCAMP14_8_54,False,370,320,swap_distal,130.0,80.0,54,post_swap,GCAMP14,7,2
55,8,GCAMP14_8_55,False,370,320,swap_distal,130.0,80.0,55,post_swap,GCAMP14,38,2
56,8,GCAMP14_8_56,False,370,320,swap_distal,130.0,80.0,56,post_swap,GCAMP14,25,2
57,8,GCAMP14_8_57,False,370,320,swap_distal,130.0,80.0,57,post_swap,GCAMP14,25,2
58,8,GCAMP14_8_58,True,370,320,swap_distal,130.0,80.0,58,post_swap,GCAMP14,3,0
59,8,GCAMP14_8_59,True,370,320,swap_distal,130.0,80.0,59,post_swap,GCAMP14,78,6
60,8,GCAMP14_8_60,False,370,320,swap_distal,130.0,80.0,60,post_swap,GCAMP14,36,1
61,8,GCAMP14_8_61,False,370,320,swap_distal,130.0,80.0,61,post_swap,GCAMP14,5,0
62,8,GCAMP14_8_62,False,370,320,swap_distal,130.0,80.0,62,post_swap,GCAMP14,88,2
63,8,GCAMP14_8_63,False,370,320,swap_distal,130.0,80.0,63,post_swap,GCAMP14,91,2
64,8,GCAMP14_8_64,False,370,320,swap_distal,130.0,80.0,64,post_swap,GCAMP14,87,2
65,8,GCAMP14_8_65,False,370,320,swap_distal,130.0,80.0,65,post_swap,GCAMP14,5,2
66,8,GCAMP14_8_66,True,370,320,swap_distal,130.0,80.0,66,post_swap,GCAMP14,3,0
67,8,GCAMP14_8_67,False,370,320,swap_distal,130.0,80.0,67,post_swap,GCAMP14,98,2
68,8,GCAMP14_8_68,False,370,320,swap_distal,130.0,80.0,68,post_swap,GCAMP14,19,2
69,8,GCAMP14_8_69,False,370,320,swap_distal,130.0,80.0,69,post_swap,GCAMP14,25,2
70,8,GCAMP14_8_70,False,370,320,swap_distal,130.0,80.0,70,post_swap,GCAMP14,74,3
71,8,GCAMP14_8_71,False,370,320,swap_distal,130.0,80.0,71,post_swap,GCAMP14,84,2
72,8,GCAMP14_8_72,False,370,320,swap_distal,130.0,80.0,72,post_swap,GCAMP14,74,3
73,8,GCAMP14_8_73,False,370,320,swap_distal,130.0,80.0,73,post_swap,GCAMP14,30,2
74,8,GCAMP14_8_74,False,370,320,swap_distal,130.0,80.0,74,post_swap,GCAMP14,75,3
75,8,GCAMP14_8_75,False,370,320,swap_distal,130.0,80.0,75,post_swap,GCAMP14,45,2
76,8,GCAMP14_8_76,True,370,320,swap_distal,130.0,80.0,76,post_swap,GCAMP14,56,0
77,8,GCAMP14_8_77,False,370,320,swap_distal,130.0,80.0,77,post_swap,GCAMP14,67,10
78,8,GCAMP14_8_78,False,370,320,swap_distal,130.0,80.0,78,post_swap,GCAMP14,5,2
79,8,GCAMP14_8_79,False,370,320,swap_distal,130.0,80.0,79,post_swap,GCAMP14,54,2
0,10,GCAMP14_10_0,False,370,320,swap_proximal,250.0,200.0,0,pre_swap,GCAMP14,67,1
1,10,GCAMP14_10_1,True,370,320,swap_proximal,250.0,200.0,1,pre_swap,GCAMP14,57,0
2,10,GCAMP14_10_2,False,370,320,swap_proximal,250.0,200.0,2,pre_swap,GCAMP14,11,3
3,10,GCAMP14_10_3,False,370,320,swap_proximal,250.0,200.0,3,pre_swap,GCAMP14,75,3
4,10,GCAMP14_10_4,False,370,320,swap_proximal,250.0,200.0,4,pre_swap,GCAMP14,54,3
5,10,GCAMP14_10_5,True,370,320,swap_proximal,250.0,200.0,5,pre_swap,GCAMP14,50,0
6,10,GCAMP14_10_6,False,370,320,swap_proximal,250.0,200.0,6,pre_swap,GCAMP14,92,3
7,10,GCAMP14_10_7,False,370,320,swap_proximal,250.0,200.0,7,pre_swap,GCAMP14,-1,2
8,10,GCAMP14_10_8,False,370,320,swap_proximal,250.0,200.0,8,pre_swap,GCAMP14,74,3
9,10,GCAMP14_10_9,False,370,320,swap_proximal,250.0,200.0,9,pre_swap,GCAMP14,54,3
10,10,GCAMP14_10_10,True,370,320,swap_proximal,250.0,200.0,10,pre_swap,GCAMP14,-1,0
11,10,GCAMP14_10_11,True,370,320,swap_proximal,250.0,200.0,11,pre_swap,GCAMP14,50,0
12,10,GCAMP14_10_12,True,370,320,swap_proximal,250.0,200.0,12,pre_swap,GCAMP14,79,6
13,10,GCAMP14_10_13,False,370,320,swap_proximal,250.0,200.0,13,pre_swap,GCAMP14,54,3
14,10,GCAMP14_10_14,False,370,320,swap_proximal,250.0,200.0,14,pre_swap,GCAMP14,54,3
15,10,GCAMP14_10_15,True,370,320,swap_proximal,250.0,200.0,15,pre_swap,GCAMP14,11,0
16,10,GCAMP14_10_16,False,370,320,swap_proximal,250.0,200.0,16,pre_swap,GCAMP14,11,3
17,10,GCAMP14_10_17,False,370,320,swap_proximal,250.0,200.0,17,pre_swap,GCAMP14,45,2
18,10,GCAMP14_10_18,False,370,320,swap_proximal,250.0,200.0,18,pre_swap,GCAMP14,-1,2
19,10,GCAMP14_10_19,True,370,320,swap_proximal,250.0,200.0,19,pre_swap,GCAMP14,50,0
20,10,GCAMP14_10_20,False,370,320,swap_proximal,250.0,200.0,20,pre_swap,GCAMP14,30,2
21,10,GCAMP14_10_21,False,370,320,swap_proximal,250.0,200.0,21,pre_swap,GCAMP14,92,3
22,10,GCAMP14_10_22,False,370,320,swap_proximal,250.0,200.0,22,pre_swap,GCAMP14,74,3
23,10,GCAMP14_10_23,False,370,320,swap_proximal,250.0,200.0,23,pre_swap,GCAMP14,12,0
24,10,GCAMP14_10_24,False,370,320,swap_proximal,250.0,200.0,24,pre_swap,GCAMP14,89,3
25,10,GCAMP14_10_25,False,370,320,swap_proximal,250.0,200.0,25,pre_swap,GCAMP14,11,3
26,10,GCAMP14_10_26,False,370,320,swap_proximal,250.0,200.0,26,pre_swap,GCAMP14,45,2
27,10,GCAMP14_10_27,False,370,320,swap_proximal,250.0,200.0,27,pre_swap,GCAMP14,11,3
28,10,GCAMP14_10_28,False,370,320,swap_proximal,250.0,200.0,28,pre_swap,GCAMP14,49,2
29,10,GCAMP14_10_29,False,370,320,swap_proximal,250.0,200.0,29,pre_swap,GCAMP14,54,3
30,10,GCAMP14_10_30,False,250,200,swap_proximal,370.0,320.0,30,post_swap,GCAMP14,2,2
31,10,GCAMP14_10_31,True,250,200,swap_proximal,370.0,320.0,31,post_swap,GCAMP14,87,2
32,10,GCAMP14_10_32,False,250,200,swap_proximal,370.0,320.0,32,post_swap,GCAMP14,7,2
33,10,GCAMP14_10_33,False,250,200,swap_proximal,370.0,320.0,33,post_swap,GCAMP14,7,2
34,10,GCAMP14_10_34,False,250,200,swap_proximal,370.0,320.0,34,post_swap,GCAMP14,7,2
35,10,GCAMP14_10_35,False,250,200,swap_proximal,370.0,320.0,35,post_swap,GCAMP14,12,2
36,10,GCAMP14_10_36,False,250,200,swap_proximal,370.0,320.0,36,post_swap,GCAMP14,81,4
37,10,GCAMP14_10_37,False,250,200,swap_proximal,370.0,320.0,37,post_swap,GCAMP14,12,2
38,10,GCAMP14_10_38,False,250,200,swap_proximal,370.0,320.0,38,post_swap,GCAMP14,4,4
39,10,GCAMP14_10_39,False,250,200,swap_proximal,370.0,320.0,39,post_swap,GCAMP14,81,4
40,10,GCAMP14_10_40,False,250,200,swap_proximal,370.0,320.0,40,post_swap,GCAMP14,52,5
41,10,GCAMP14_10_41,False,250,200,swap_proximal,370.0,320.0,41,post_swap,GCAMP14,9,4
42,10,GCAMP14_10_42,True,250,200,swap_proximal,370.0,320.0,42,post_swap,GCAMP14,28,0
43,10,GCAMP14_10_43,False,250,200,swap_proximal,370.0,320.0,43,post_swap,GCAMP14,80,4
44,10,GCAMP14_10_44,False,250,200,swap_proximal,370.0,320.0,44,post_swap,GCAMP14,9,4
45,10,GCAMP14_10_45,False,250,200,swap_proximal,370.0,320.0,45,post_swap,GCAMP14,18,4
46,10,GCAMP14_10_46,False,250,200,swap_proximal,370.0,320.0,46,post_swap,GCAMP14,81,4
47,10,GCAMP14_10_47,False,250,200,swap_proximal,370.0,320.0,47,post_swap,GCAMP14,80,4
48,10,GCAMP14_10_48,True,250,200,swap_proximal,370.0,320.0,48,post_swap,GCAMP14,1,6
49,10,GCAMP14_10_49,False,250,200,swap_proximal,370.0,320.0,49,post_swap,GCAMP14,2,2
50,10,GCAMP14_10_50,False,250,200,swap_proximal,370.0,320.0,50,post_swap,GCAMP14,6,4
51,10,GCAMP14_10_51,False,250,200,swap_proximal,370.0,320.0,51,post_swap,GCAMP14,53,1
52,10,GCAMP14_10_52,False,250,200,swap_proximal,370.0,320.0,52,post_swap,GCAMP14,81,4
53,10,GCAMP14_10_53,False,250,200,swap_proximal,370.0,320.0,53,post_swap,GCAMP14,33,4
54,10,GCAMP14_10_54,False,250,200,swap_proximal,370.0,320.0,54,post_swap,GCAMP14,80,4
55,10,GCAMP14_10_55,False,250,200,swap_proximal,370.0,320.0,55,post_swap,GCAMP14,81,4
56,10,GCAMP14_10_56,True,250,200,swap_proximal,370.0,320.0,56,post_swap,GCAMP14,94,6
57,10,GCAMP14_10_57,False,250,200,swap_proximal,370.0,320.0,57,post_swap,GCAMP14,33,4
58,10,GCAMP14_10_58,False,250,200,swap_proximal,370.0,320.0,58,post_swap,GCAMP14,4,4
59,10,GCAMP14_10_59,True,250,200,swap_proximal,370.0,320.0,59,post_swap,GCAMP14,1,2
60,10,GCAMP14_10_60,True,250,200,swap_proximal,370.0,320.0,60,post_swap,GCAMP14,-1,2
61,10,GCAMP14_10_61,False,250,200,swap_proximal,370.0,320.0,61,post_swap,GCAMP14,58,4
62,10,GCAMP14_10_62,False,250,200,swap_proximal,370.0,320.0,62,post_swap,GCAMP14,81,4
63,10,GCAMP14_10_63,False,250,200,swap_proximal,370.0,320.0,63,post_swap,GCAMP14,23,4
64,10,GCAMP14_10_64,False,250,200,swap_proximal,370.0,320.0,64,post_swap,GCAMP14,12,2
65,10,GCAMP14_10_65,False,250,200,swap_proximal,370.0,320.0,65,post_swap,GCAMP14,81,4
66,10,GCAMP14_10_66,True,250,200,swap_proximal,370.0,320.0,66,post_swap,GCAMP14,15,6
67,10,GCAMP14_10_67,False,250,200,swap_proximal,370.0,320.0,67,post_swap,GCAMP14,33,4
68,10,GCAMP14_10_68,False,250,200,swap_proximal,370.0,320.0,68,post_swap,GCAMP14,9,4
69,10,GCAMP14_10_69,True,250,200,swap_proximal,370.0,320.0,69,post_swap,GCAMP14,53,1
70,10,GCAMP14_10_70,False,250,200,swap_proximal,370.0,320.0,70,post_swap,GCAMP14,9,4
71,10,GCAMP14_10_71,False,250,200,swap_proximal,370.0,320.0,71,post_swap,GCAMP14,80,4
72,10,GCAMP14_10_72,False,250,200,swap_proximal,370.0,320.0,72,post_swap,GCAMP14,80,4
73,10,GCAMP14_10_73,False,250,200,swap_proximal,370.0,320.0,73,post_swap,GCAMP14,81,4
74,10,GCAMP14_10_74,False,250,200,swap_proximal,370.0,320.0,74,post_swap,GCAMP14,81,4
75,10,GCAMP14_10_75,False,250,200,swap_proximal,370.0,320.0,75,post_swap,GCAMP14,6,4
76,10,GCAMP14_10_76,False,250,200,swap_proximal,370.0,320.0,76,post_swap,GCAMP14,81,4
77,10,GCAMP14_10_77,False,250,200,swap_proximal,370.0,320.0,77,post_swap,GCAMP14,80,4
78,10,GCAMP14_10_78,False,250,200,swap_proximal,370.0,320.0,78,post_swap,GCAMP14,63,4
79,10,GCAMP14_10_79,False,250,200,swap_proximal,370.0,320.0,79,post_swap,GCAMP14,80,4
0,12,GCAMP14_12_0,False,250,200,swap_proximal,130.0,80.0,0,pre_swap,GCAMP14,33,4
1,12,GCAMP14_12_1,False,250,200,swap_proximal,130.0,80.0,1,pre_swap,GCAMP14,81,4
2,12,GCAMP14_12_2,False,250,200,swap_proximal,130.0,80.0,2,pre_swap,GCAMP14,6,4
3,12,GCAMP14_12_3,False,250,200,swap_proximal,130.0,80.0,3,pre_swap,GCAMP14,81,4
4,12,GCAMP14_12_4,False,250,200,swap_proximal,130.0,80.0,4,pre_swap,GCAMP14,9,4
5,12,GCAMP14_12_5,False,250,200,swap_proximal,130.0,80.0,5,pre_swap,GCAMP14,33,4
6,12,GCAMP14_12_6,False,250,200,swap_proximal,130.0,80.0,6,pre_swap,GCAMP14,6,4
7,12,GCAMP14_12_7,False,250,200,swap_proximal,130.0,80.0,7,pre_swap,GCAMP14,6,4
8,12,GCAMP14_12_8,True,250,200,swap_proximal,130.0,80.0,8,pre_swap,GCAMP14,94,2
9,12,GCAMP14_12_9,False,250,200,swap_proximal,130.0,80.0,9,pre_swap,GCAMP14,51,5
10,12,GCAMP14_12_10,False,250,200,swap_proximal,130.0,80.0,10,pre_swap,GCAMP14,81,4
11,12,GCAMP14_12_11,False,250,200,swap_proximal,130.0,80.0,11,pre_swap,GCAMP14,81,4
12,12,GCAMP14_12_12,False,250,200,swap_proximal,130.0,80.0,12,pre_swap,GCAMP14,33,0
13,12,GCAMP14_12_13,False,250,200,swap_proximal,130.0,80.0,13,pre_swap,GCAMP14,9,4
14,12,GCAMP14_12_14,False,250,200,swap_proximal,130.0,80.0,14,pre_swap,GCAMP14,81,4
15,12,GCAMP14_12_15,False,250,200,swap_proximal,130.0,80.0,15,pre_swap,GCAMP14,81,4
16,12,GCAMP14_12_16,False,250,200,swap_proximal,130.0,80.0,16,pre_swap,GCAMP14,80,4
17,12,GCAMP14_12_17,False,250,200,swap_proximal,130.0,80.0,17,pre_swap,GCAMP14,81,4
18,12,GCAMP14_12_18,False,250,200,swap_proximal,130.0,80.0,18,pre_swap,GCAMP14,81,4
19,12,GCAMP14_12_19,False,250,200,swap_proximal,130.0,80.0,19,pre_swap,GCAMP14,81,4
20,12,GCAMP14_12_20,False,250,200,swap_proximal,130.0,80.0,20,pre_swap,GCAMP14,81,4
21,12,GCAMP14_12_21,False,250,200,swap_proximal,130.0,80.0,21,pre_swap,GCAMP14,80,4
22,12,GCAMP14_12_22,False,250,200,swap_proximal,130.0,80.0,22,pre_swap,GCAMP14,81,4
23,12,GCAMP14_12_23,False,250,200,swap_proximal,130.0,80.0,23,pre_swap,GCAMP14,81,4
24,12,GCAMP14_12_24,False,250,200,swap_proximal,130.0,80.0,24,pre_swap,GCAMP14,81,4
25,12,GCAMP14_12_25,False,250,200,swap_proximal,130.0,80.0,25,pre_swap,GCAMP14,81,4
26,12,GCAMP14_12_26,False,250,200,swap_proximal,130.0,80.0,26,pre_swap,GCAMP14,81,4
27,12,GCAMP14_12_27,False,250,200,swap_proximal,130.0,80.0,27,pre_swap,GCAMP14,80,4
28,12,GCAMP14_12_28,False,250,200,swap_proximal,130.0,80.0,28,pre_swap,GCAMP14,33,4
29,12,GCAMP14_12_29,False,250,200,swap_proximal,130.0,80.0,29,pre_swap,GCAMP14,6,4
30,12,GCAMP14_12_30,False,130,80,swap_proximal,250.0,200.0,30,post_swap,GCAMP14,13,4
31,12,GCAMP14_12_31,False,130,80,swap_proximal,250.0,200.0,31,post_swap,GCAMP14,9,4
32,12,GCAMP14_12_32,False,130,80,swap_proximal,250.0,200.0,32,post_swap,GCAMP14,72,8
33,12,GCAMP14_12_33,False,130,80,swap_proximal,250.0,200.0,33,post_swap,GCAMP14,79,6
34,12,GCAMP14_12_34,False,130,80,swap_proximal,250.0,200.0,34,post_swap,GCAMP14,72,6
35,12,GCAMP14_12_35,False,130,80,swap_proximal,250.0,200.0,35,post_swap,GCAMP14,48,8
36,12,GCAMP14_12_36,False,130,80,swap_proximal,250.0,200.0,36,post_swap,GCAMP14,27,7
37,12,GCAMP14_12_37,False,130,80,swap_proximal,250.0,200.0,37,post_swap,GCAMP14,48,8
38,12,GCAMP14_12_38,False,130,80,swap_proximal,250.0,200.0,38,post_swap,GCAMP14,46,3
39,12,GCAMP14_12_39,True,130,80,swap_proximal,250.0,200.0,39,post_swap,GCAMP14,67,10
40,12,GCAMP14_12_40,False,130,80,swap_proximal,250.0,200.0,40,post_swap,GCAMP14,39,3
41,12,GCAMP14_12_41,False,130,80,swap_proximal,250.0,200.0,41,post_swap,GCAMP14,27,3
42,12,GCAMP14_12_42,False,130,80,swap_proximal,250.0,200.0,42,post_swap,GCAMP14,39,3
43,12,GCAMP14_12_43,False,130,80,swap_proximal,250.0,200.0,43,post_swap,GCAMP14,40,7
44,12,GCAMP14_12_44,False,130,80,swap_proximal,250.0,200.0,44,post_swap,GCAMP14,72,8
45,12,GCAMP14_12_45,False,130,80,swap_proximal,250.0,200.0,45,post_swap,GCAMP14,40,7
46,12,GCAMP14_12_46,False,130,80,swap_proximal,250.0,200.0,46,post_swap,GCAMP14,44,3
47,12,GCAMP14_12_47,False,130,80,swap_proximal,250.0,200.0,47,post_swap,GCAMP14,27,3
48,12,GCAMP14_12_48,True,130,80,swap_proximal,250.0,200.0,48,post_swap,GCAMP14,83,9
49,12,GCAMP14_12_49,False,130,80,swap_proximal,250.0,200.0,49,post_swap,GCAMP14,44,3
50,12,GCAMP14_12_50,False,130,80,swap_proximal,250.0,200.0,50,post_swap,GCAMP14,40,7
51,12,GCAMP14_12_51,False,130,80,swap_proximal,250.0,200.0,51,post_swap,GCAMP14,46,3
52,12,GCAMP14_12_52,False,130,80,swap_proximal,250.0,200.0,52,post_swap,GCAMP14,44,3
53,12,GCAMP14_12_53,False,130,80,swap_proximal,250.0,200.0,53,post_swap,GCAMP14,0,3
54,12,GCAMP14_12_54,True,130,80,swap_proximal,250.0,200.0,54,post_swap,GCAMP14,65,6
55,12,GCAMP14_12_55,False,130,80,swap_proximal,250.0,200.0,55,post_swap,GCAMP14,70,3
56,12,GCAMP14_12_56,False,130,80,swap_proximal,250.0,200.0,56,post_swap,GCAMP14,35,3
57,12,GCAMP14_12_57,False,130,80,swap_proximal,250.0,200.0,57,post_swap,GCAMP14,46,3
58,12,GCAMP14_12_58,False,130,80,swap_proximal,250.0,200.0,58,post_swap,GCAMP14,70,3
59,12,GCAMP14_12_59,True,130,80,swap_proximal,250.0,200.0,59,post_swap,GCAMP14,46,5
60,12,GCAMP14_12_60,False,130,80,swap_proximal,250.0,200.0,60,post_swap,GCAMP14,39,3
61,12,GCAMP14_12_61,False,130,80,swap_proximal,250.0,200.0,61,post_swap,GCAMP14,70,3
62,12,GCAMP14_12_62,False,130,80,swap_proximal,250.0,200.0,62,post_swap,GCAMP14,44,3
63,12,GCAMP14_12_63,False,130,80,swap_proximal,250.0,200.0,63,post_swap,GCAMP14,70,3
64,12,GCAMP14_12_64,False,130,80,swap_proximal,250.0,200.0,64,post_swap,GCAMP14,44,3
65,12,GCAMP14_12_65,False,130,80,swap_proximal,250.0,200.0,65,post_swap,GCAMP14,16,3
66,12,GCAMP14_12_66,False,130,80,swap_proximal,250.0,200.0,66,post_swap,GCAMP14,44,3
67,12,GCAMP14_12_67,False,130,80,swap_proximal,250.0,200.0,67,post_swap,GCAMP14,44,3
68,12,GCAMP14_12_68,False,130,80,swap_proximal,250.0,200.0,68,post_swap,GCAMP14,46,3
69,12,GCAMP14_12_69,False,130,80,swap_proximal,250.0,200.0,69,post_swap,GCAMP14,27,3
70,12,GCAMP14_12_70,False,130,80,swap_proximal,250.0,200.0,70,post_swap,GCAMP14,70,3
71,12,GCAMP14_12_71,False,130,80,swap_proximal,250.0,200.0,71,post_swap,GCAMP14,46,3
72,12,GCAMP14_12_72,False,130,80,swap_proximal,250.0,200.0,72,post_swap,GCAMP14,46,3
73,12,GCAMP14_12_73,True,130,80,swap_proximal,250.0,200.0,73,post_swap,GCAMP14,26,5
74,12,GCAMP14_12_74,True,130,80,swap_proximal,250.0,200.0,74,post_swap,GCAMP14,65,1
75,12,GCAMP14_12_75,False,130,80,swap_proximal,250.0,200.0,75,post_swap,GCAMP14,16,3
76,12,GCAMP14_12_76,True,130,80,swap_proximal,250.0,200.0,76,post_swap,GCAMP14,26,5
77,12,GCAMP14_12_77,False,130,80,swap_proximal,250.0,200.0,77,post_swap,GCAMP14,77,3
78,12,GCAMP14_12_78,False,130,80,swap_proximal,250.0,200.0,78,post_swap,GCAMP14,0,3
79,12,GCAMP14_12_79,False,130,80,swap_proximal,250.0,200.0,79,post_swap,GCAMP14,46,3
0,14,GCAMP14_14_0,False,130,80,swap_distal,370.0,320.0,0,pre_swap,GCAMP14,40,3
1,14,GCAMP14_14_1,False,130,80,swap_distal,370.0,320.0,1,pre_swap,GCAMP14,40,3
2,14,GCAMP14_14_2,False,130,80,swap_distal,370.0,320.0,2,pre_swap,GCAMP14,16,3
3,14,GCAMP14_14_3,True,130,80,swap_distal,370.0,320.0,3,pre_swap,GCAMP14,77,5
4,14,GCAMP14_14_4,False,130,80,swap_distal,370.0,320.0,4,pre_swap,GCAMP14,77,3
5,14,GCAMP14_14_5,False,130,80,swap_distal,370.0,320.0,5,pre_swap,GCAMP14,77,3
6,14,GCAMP14_14_6,False,130,80,swap_distal,370.0,320.0,6,pre_swap,GCAMP14,46,3
7,14,GCAMP14_14_7,True,130,80,swap_distal,370.0,320.0,7,pre_swap,GCAMP14,26,5
8,14,GCAMP14_14_8,False,130,80,swap_distal,370.0,320.0,8,pre_swap,GCAMP14,0,5
9,14,GCAMP14_14_9,False,130,80,swap_distal,370.0,320.0,9,pre_swap,GCAMP14,0,3
10,14,GCAMP14_14_10,False,130,80,swap_distal,370.0,320.0,10,pre_swap,GCAMP14,35,3
11,14,GCAMP14_14_11,False,130,80,swap_distal,370.0,320.0,11,pre_swap,GCAMP14,70,3
12,14,GCAMP14_14_12,True,130,80,swap_distal,370.0,320.0,12,pre_swap,GCAMP14,44,3
13,14,GCAMP14_14_13,True,130,80,swap_distal,370.0,320.0,13,pre_swap,GCAMP14,77,5
14,14,GCAMP14_14_14,False,130,80,swap_distal,370.0,320.0,14,pre_swap,GCAMP14,27,3
15,14,GCAMP14_14_15,False,130,80,swap_distal,370.0,320.0,15,pre_swap,GCAMP14,16,3
16,14,GCAMP14_14_16,False,130,80,swap_distal,370.0,320.0,16,pre_swap,GCAMP14,59,3
17,14,GCAMP14_14_17,False,130,80,swap_distal,370.0,320.0,17,pre_swap,GCAMP14,35,3
18,14,GCAMP14_14_18,True,130,80,swap_distal,370.0,320.0,18,pre_swap,GCAMP14,26,5
19,14,GCAMP14_14_19,False,130,80,swap_distal,370.0,320.0,19,pre_swap,GCAMP14,68,3
20,14,GCAMP14_14_20,False,130,80,swap_distal,370.0,320.0,20,pre_swap,GCAMP14,53,1
21,14,GCAMP14_14_21,False,130,80,swap_distal,370.0,320.0,21,pre_swap,GCAMP14,59,3
22,14,GCAMP14_14_22,False,130,80,swap_distal,370.0,320.0,22,pre_swap,GCAMP14,16,3
23,14,GCAMP14_14_23,False,130,80,swap_distal,370.0,320.0,23,pre_swap,GCAMP14,76,3
24,14,GCAMP14_14_24,False,130,80,swap_distal,370.0,320.0,24,pre_swap,GCAMP14,77,3
25,14,GCAMP14_14_25,False,130,80,swap_distal,370.0,320.0,25,pre_swap,GCAMP14,70,3
26,14,GCAMP14_14_26,False,130,80,swap_distal,370.0,320.0,26,pre_swap,GCAMP14,44,3
27,14,GCAMP14_14_27,False,130,80,swap_distal,370.0,320.0,27,pre_swap,GCAMP14,70,3
28,14,GCAMP14_14_28,False,130,80,swap_distal,370.0,320.0,28,pre_swap,GCAMP14,44,3
29,14,GCAMP14_14_29,False,130,80,swap_distal,370.0,320.0,29,pre_swap,GCAMP14,34,3
30,14,GCAMP14_14_30,False,370,320,swap_distal,130.0,80.0,30,post_swap,GCAMP14,46,7
31,14,GCAMP14_14_31,False,370,320,swap_distal,130.0,80.0,31,post_swap,GCAMP14,72,6
32,14,GCAMP14_14_32,False,370,320,swap_distal,130.0,80.0,32,post_swap,GCAMP14,86,10
33,14,GCAMP14_14_33,False,370,320,swap_distal,130.0,80.0,33,post_swap,GCAMP14,65,1
34,14,GCAMP14_14_34,False,370,320,swap_distal,130.0,80.0,34,post_swap,GCAMP14,67,1
35,14,GCAMP14_14_35,False,370,320,swap_distal,130.0,80.0,35,post_swap,GCAMP14,78,6
36,14,GCAMP14_14_36,False,370,320,swap_distal,130.0,80.0,36,post_swap,GCAMP14,67,10
37,14,GCAMP14_14_37,False,370,320,swap_distal,130.0,80.0,37,post_swap,GCAMP14,67,10
38,14,GCAMP14_14_38,False,370,320,swap_distal,130.0,80.0,38,post_swap,GCAMP14,67,1
39,14,GCAMP14_14_39,False,370,320,swap_distal,130.0,80.0,39,post_swap,GCAMP14,65,1
40,14,GCAMP14_14_40,False,370,320,swap_distal,130.0,80.0,40,post_swap,GCAMP14,65,1
41,14,GCAMP14_14_41,True,370,320,swap_distal,130.0,80.0,41,post_swap,GCAMP14,78,10
42,14,GCAMP14_14_42,False,370,320,swap_distal,130.0,80.0,42,post_swap,GCAMP14,67,1
43,14,GCAMP14_14_43,False,370,320,swap_distal,130.0,80.0,43,post_swap,GCAMP14,36,1
44,14,GCAMP14_14_44,False,370,320,swap_distal,130.0,80.0,44,post_swap,GCAMP14,36,1
45,14,GCAMP14_14_45,True,370,320,swap_distal,130.0,80.0,45,post_swap,GCAMP14,79,6
46,14,GCAMP14_14_46,False,370,320,swap_distal,130.0,80.0,46,post_swap,GCAMP14,65,1
47,14,GCAMP14_14_47,False,370,320,swap_distal,130.0,80.0,47,post_swap,GCAMP14,1,2
48,14,GCAMP14_14_48,False,370,320,swap_distal,130.0,80.0,48,post_swap,GCAMP14,21,1
49,14,GCAMP14_14_49,False,370,320,swap_distal,130.0,80.0,49,post_swap,GCAMP14,36,1
50,14,GCAMP14_14_50,False,370,320,swap_distal,130.0,80.0,50,post_swap,GCAMP14,36,1
51,14,GCAMP14_14_51,False,370,320,swap_distal,130.0,80.0,51,post_swap,GCAMP14,36,6
52,14,GCAMP14_14_52,True,370,320,swap_distal,130.0,80.0,52,post_swap,GCAMP14,78,6
53,14,GCAMP14_14_53,True,370,320,swap_distal,130.0,80.0,53,post_swap,GCAMP14,86,10
54,14,GCAMP14_14_54,True,370,320,swap_distal,130.0,80.0,54,post_swap,GCAMP14,78,10
55,14,GCAMP14_14_55,False,370,320,swap_distal,130.0,80.0,55,post_swap,GCAMP14,65,1
56,14,GCAMP14_14_56,True,370,320,swap_distal,130.0,80.0,56,post_swap,GCAMP14,78,6
57,14,GCAMP14_14_57,False,370,320,swap_distal,130.0,80.0,57,post_swap,GCAMP14,65,1
58,14,GCAMP14_14_58,False,370,320,swap_distal,130.0,80.0,58,post_swap,GCAMP14,65,1
59,14,GCAMP14_14_59,False,370,320,swap_distal,130.0,80.0,59,post_swap,GCAMP14,99,1
60,14,GCAMP14_14_60,False,370,320,swap_distal,130.0,80.0,60,post_swap,GCAMP14,65,10
61,14,GCAMP14_14_61,False,370,320,swap_distal,130.0,80.0,61,post_swap,GCAMP14,98,0
62,14,GCAMP14_14_62,True,370,320,swap_distal,130.0,80.0,62,post_swap,GCAMP14,78,6
63,14,GCAMP14_14_63,False,370,320,swap_distal,130.0,80.0,63,post_swap,GCAMP14,36,1
64,14,GCAMP14_14_64,True,370,320,swap_distal,130.0,80.0,64,post_swap,GCAMP14,10,0
65,14,GCAMP14_14_65,False,370,320,swap_distal,130.0,80.0,65,post_swap,GCAMP14,36,1
66,14,GCAMP14_14_66,False,370,320,swap_distal,130.0,80.0,66,post_swap,GCAMP14,65,1
67,14,GCAMP14_14_67,False,370,320,swap_distal,130.0,80.0,67,post_swap,GCAMP14,19,2
68,14,GCAMP14_14_68,False,370,320,swap_distal,130.0,80.0,68,post_swap,GCAMP14,41,1
69,14,GCAMP14_14_69,False,370,320,swap_distal,130.0,80.0,69,post_swap,GCAMP14,25,2
70,14,GCAMP14_14_70,False,370,320,swap_distal,130.0,80.0,70,post_swap,GCAMP14,19,2
71,14,GCAMP14_14_71,False,370,320,swap_distal,130.0,80.0,71,post_swap,GCAMP14,7,2
72,14,GCAMP14_14_72,False,370,320,swap_distal,130.0,80.0,72,post_swap,GCAMP14,41,2
73,14,GCAMP14_14_73,False,370,320,swap_distal,130.0,80.0,73,post_swap,GCAMP14,25,2
74,14,GCAMP14_14_74,False,370,320,swap_distal,130.0,80.0,74,post_swap,GCAMP14,25,2
75,14,GCAMP14_14_75,True,370,320,swap_distal,130.0,80.0,75,post_swap,GCAMP14,3,0
76,14,GCAMP14_14_76,True,370,320,swap_distal,130.0,80.0,76,post_swap,GCAMP14,78,6
77,14,GCAMP14_14_77,False,370,320,swap_distal,130.0,80.0,77,post_swap,GCAMP14,90,2
78,14,GCAMP14_14_78,False,370,320,swap_distal,130.0,80.0,78,post_swap,GCAMP14,19,1
79,14,GCAMP14_14_79,False,370,320,swap_distal,130.0,80.0,79,post_swap,GCAMP14,7,2
0,3,GCAMP15_3_0,False,130,80,swap_distal,370.0,320.0,0,pre_swap,GCAMP15,86,10
1,3,GCAMP15_3_1,False,130,80,swap_distal,370.0,320.0,1,pre_swap,GCAMP15,48,8
2,3,GCAMP15_3_2,False,130,80,swap_distal,370.0,320.0,2,pre_swap,GCAMP15,40,7
3,3,GCAMP15_3_3,False,130,80,swap_distal,370.0,320.0,3,pre_swap,GCAMP15,27,3
4,3,GCAMP15_3_4,False,130,80,swap_distal,370.0,320.0,4,pre_swap,GCAMP15,40,7
5,3,GCAMP15_3_5,False,130,80,swap_distal,370.0,320.0,5,pre_swap,GCAMP15,72,8
6,3,GCAMP15_3_6,False,130,80,swap_distal,370.0,320.0,6,pre_swap,GCAMP15,48,8
7,3,GCAMP15_3_7,False,130,80,swap_distal,370.0,320.0,7,pre_swap,GCAMP15,72,7
8,3,GCAMP15_3_8,False,130,80,swap_distal,370.0,320.0,8,pre_swap,GCAMP15,27,3
9,3,GCAMP15_3_9,False,130,80,swap_distal,370.0,320.0,9,pre_swap,GCAMP15,40,7
10,3,GCAMP15_3_10,False,130,80,swap_distal,370.0,320.0,10,pre_swap,GCAMP15,20,3
11,3,GCAMP15_3_11,False,130,80,swap_distal,370.0,320.0,11,pre_swap,GCAMP15,39,3
12,3,GCAMP15_3_12,False,130,80,swap_distal,370.0,320.0,12,pre_swap,GCAMP15,27,3
13,3,GCAMP15_3_13,True,130,80,swap_distal,370.0,320.0,13,pre_swap,GCAMP15,40,10
14,3,GCAMP15_3_14,False,130,80,swap_distal,370.0,320.0,14,pre_swap,GCAMP15,40,7
15,3,GCAMP15_3_15,False,130,80,swap_distal,370.0,320.0,15,pre_swap,GCAMP15,77,3
16,3,GCAMP15_3_16,False,130,80,swap_distal,370.0,320.0,16,pre_swap,GCAMP15,31,9
17,3,GCAMP15_3_17,False,130,80,swap_distal,370.0,320.0,17,pre_swap,GCAMP15,48,8
18,3,GCAMP15_3_18,False,130,80,swap_distal,370.0,320.0,18,pre_swap,GCAMP15,71,3
19,3,GCAMP15_3_19,False,130,80,swap_distal,370.0,320.0,19,pre_swap,GCAMP15,39,3
20,3,GCAMP15_3_20,False,130,80,swap_distal,370.0,320.0,20,pre_swap,GCAMP15,27,3
21,3,GCAMP15_3_21,False,130,80,swap_distal,370.0,320.0,21,pre_swap,GCAMP15,40,3
22,3,GCAMP15_3_22,True,130,80,swap_distal,370.0,320.0,22,pre_swap,GCAMP15,40,7
23,3,GCAMP15_3_23,False,130,80,swap_distal,370.0,320.0,23,pre_swap,GCAMP15,47,1
24,3,GCAMP15_3_24,False,130,80,swap_distal,370.0,320.0,24,pre_swap,GCAMP15,77,3
25,3,GCAMP15_3_25,False,130,80,swap_distal,370.0,320.0,25,pre_swap,GCAMP15,48,8
26,3,GCAMP15_3_26,True,130,80,swap_distal,370.0,320.0,26,pre_swap,GCAMP15,31,5
27,3,GCAMP15_3_27,False,130,80,swap_distal,370.0,320.0,27,pre_swap,GCAMP15,48,8
28,3,GCAMP15_3_28,False,130,80,swap_distal,370.0,320.0,28,pre_swap,GCAMP15,59,3
29,3,GCAMP15_3_29,False,130,80,swap_distal,370.0,320.0,29,pre_swap,GCAMP15,27,3
30,3,GCAMP15_3_30,False,370,320,swap_distal,130.0,80.0,30,post_swap,GCAMP15,72,9
31,3,GCAMP15_3_31,False,370,320,swap_distal,130.0,80.0,31,post_swap,GCAMP15,85,10
32,3,GCAMP15_3_32,False,370,320,swap_distal,130.0,80.0,32,post_swap,GCAMP15,86,10
33,3,GCAMP15_3_33,False,370,320,swap_distal,130.0,80.0,33,post_swap,GCAMP15,86,10
34,3,GCAMP15_3_34,False,370,320,swap_distal,130.0,80.0,34,post_swap,GCAMP15,86,10
35,3,GCAMP15_3_35,True,370,320,swap_distal,130.0,80.0,35,post_swap,GCAMP15,86,10
36,3,GCAMP15_3_36,True,370,320,swap_distal,130.0,80.0,36,post_swap,GCAMP15,86,10
37,3,GCAMP15_3_37,False,370,320,swap_distal,130.0,80.0,37,post_swap,GCAMP15,67,10
38,3,GCAMP15_3_38,False,370,320,swap_distal,130.0,80.0,38,post_swap,GCAMP15,86,10
39,3,GCAMP15_3_39,False,370,320,swap_distal,130.0,80.0,39,post_swap,GCAMP15,65,10
40,3,GCAMP15_3_40,True,370,320,swap_distal,130.0,80.0,40,post_swap,GCAMP15,86,10
41,3,GCAMP15_3_41,False,370,320,swap_distal,130.0,80.0,41,post_swap,GCAMP15,86,10
42,3,GCAMP15_3_42,False,370,320,swap_distal,130.0,80.0,42,post_swap,GCAMP15,86,10
43,3,GCAMP15_3_43,False,370,320,swap_distal,130.0,80.0,43,post_swap,GCAMP15,86,10
44,3,GCAMP15_3_44,False,370,320,swap_distal,130.0,80.0,44,post_swap,GCAMP15,67,10
45,3,GCAMP15_3_45,False,370,320,swap_distal,130.0,80.0,45,post_swap,GCAMP15,65,1
46,3,GCAMP15_3_46,True,370,320,swap_distal,130.0,80.0,46,post_swap,GCAMP15,86,10
47,3,GCAMP15_3_47,False,370,320,swap_distal,130.0,80.0,47,post_swap,GCAMP15,86,10
48,3,GCAMP15_3_48,False,370,320,swap_distal,130.0,80.0,48,post_swap,GCAMP15,67,10
49,3,GCAMP15_3_49,False,370,320,swap_distal,130.0,80.0,49,post_swap,GCAMP15,67,1
50,3,GCAMP15_3_50,False,370,320,swap_distal,130.0,80.0,50,post_swap,GCAMP15,78,6
51,3,GCAMP15_3_51,False,370,320,swap_distal,130.0,80.0,51,post_swap,GCAMP15,65,6
52,3,GCAMP15_3_52,False,370,320,swap_distal,130.0,80.0,52,post_swap,GCAMP15,65,1
53,3,GCAMP15_3_53,False,370,320,swap_distal,130.0,80.0,53,post_swap,GCAMP15,41,6
54,3,GCAMP15_3_54,False,370,320,swap_distal,130.0,80.0,54,post_swap,GCAMP15,65,1
55,3,GCAMP15_3_55,False,370,320,swap_distal,130.0,80.0,55,post_swap,GCAMP15,65,1
56,3,GCAMP15_3_56,False,370,320,swap_distal,130.0,80.0,56,post_swap,GCAMP15,90,2
57,3,GCAMP15_3_57,False,370,320,swap_distal,130.0,80.0,57,post_swap,GCAMP15,64,1
58,3,GCAMP15_3_58,False,370,320,swap_distal,130.0,80.0,58,post_swap,GCAMP15,65,1
59,3,GCAMP15_3_59,True,370,320,swap_distal,130.0,80.0,59,post_swap,GCAMP15,3,0
60,3,GCAMP15_3_60,False,370,320,swap_distal,130.0,80.0,60,post_swap,GCAMP15,36,1
61,3,GCAMP15_3_61,False,370,320,swap_distal,130.0,80.0,61,post_swap,GCAMP15,-1,2
62,3,GCAMP15_3_62,False,370,320,swap_distal,130.0,80.0,62,post_swap,GCAMP15,93,2
63,3,GCAMP15_3_63,False,370,320,swap_distal,130.0,80.0,63,post_swap,GCAMP15,36,6
64,3,GCAMP15_3_64,False,370,320,swap_distal,130.0,80.0,64,post_swap,GCAMP15,90,2
65,3,GCAMP15_3_65,False,370,320,swap_distal,130.0,80.0,65,post_swap,GCAMP15,1,6
66,3,GCAMP15_3_66,True,370,320,swap_distal,130.0,80.0,66,post_swap,GCAMP15,86,10
67,3,GCAMP15_3_67,False,370,320,swap_distal,130.0,80.0,67,post_swap,GCAMP15,65,1
68,3,GCAMP15_3_68,False,370,320,swap_distal,130.0,80.0,68,post_swap,GCAMP15,65,10
69,3,GCAMP15_3_69,False,370,320,swap_distal,130.0,80.0,69,post_swap,GCAMP15,21,2
70,3,GCAMP15_3_70,False,370,320,swap_distal,130.0,80.0,70,post_swap,GCAMP15,86,10
71,3,GCAMP15_3_71,False,370,320,swap_distal,130.0,80.0,71,post_swap,GCAMP15,67,10
72,3,GCAMP15_3_72,False,370,320,swap_distal,130.0,80.0,72,post_swap,GCAMP15,64,1
73,3,GCAMP15_3_73,False,370,320,swap_distal,130.0,80.0,73,post_swap,GCAMP15,41,6
74,3,GCAMP15_3_74,False,370,320,swap_distal,130.0,80.0,74,post_swap,GCAMP15,65,1
75,3,GCAMP15_3_75,False,370,320,swap_distal,130.0,80.0,75,post_swap,GCAMP15,24,0
76,3,GCAMP15_3_76,False,370,320,swap_distal,130.0,80.0,76,post_swap,GCAMP15,86,10
77,3,GCAMP15_3_77,False,370,320,swap_distal,130.0,80.0,77,post_swap,GCAMP15,67,1
78,3,GCAMP15_3_78,False,370,320,swap_distal,130.0,80.0,78,post_swap,GCAMP15,86,10
79,3,GCAMP15_3_79,True,370,320,swap_distal,130.0,80.0,79,post_swap,GCAMP15,86,10
0,5,GCAMP15_5_0,False,370,320,swap_proximal,250.0,200.0,0,pre_swap,GCAMP15,86,10
1,5,GCAMP15_5_1,False,370,320,swap_proximal,250.0,200.0,1,pre_swap,GCAMP15,67,1
2,5,GCAMP15_5_2,False,370,320,swap_proximal,250.0,200.0,2,pre_swap,GCAMP15,67,1
3,5,GCAMP15_5_3,True,370,320,swap_proximal,250.0,200.0,3,pre_swap,GCAMP15,78,6
4,5,GCAMP15_5_4,False,370,320,swap_proximal,250.0,200.0,4,pre_swap,GCAMP15,67,1
5,5,GCAMP15_5_5,True,370,320,swap_proximal,250.0,200.0,5,pre_swap,GCAMP15,78,6
6,5,GCAMP15_5_6,False,370,320,swap_proximal,250.0,200.0,6,pre_swap,GCAMP15,65,1
7,5,GCAMP15_5_7,False,370,320,swap_proximal,250.0,200.0,7,pre_swap,GCAMP15,41,2
8,5,GCAMP15_5_8,False,370,320,swap_proximal,250.0,200.0,8,pre_swap,GCAMP15,64,1
9,5,GCAMP15_5_9,False,370,320,swap_proximal,250.0,200.0,9,pre_swap,GCAMP15,64,1
10,5,GCAMP15_5_10,False,370,320,swap_proximal,250.0,200.0,10,pre_swap,GCAMP15,-1,6
11,5,GCAMP15_5_11,False,370,320,swap_proximal,250.0,200.0,11,pre_swap,GCAMP15,67,10
12,5,GCAMP15_5_12,True,370,320,swap_proximal,250.0,200.0,12,pre_swap,GCAMP15,79,6
13,5,GCAMP15_5_13,False,370,320,swap_proximal,250.0,200.0,13,pre_swap,GCAMP15,21,10
14,5,GCAMP15_5_14,False,370,320,swap_proximal,250.0,200.0,14,pre_swap,GCAMP15,36,1
15,5,GCAMP15_5_15,False,370,320,swap_proximal,250.0,200.0,15,pre_swap,GCAMP15,90,0
16,5,GCAMP15_5_16,False,370,320,swap_proximal,250.0,200.0,16,pre_swap,GCAMP15,41,2
17,5,GCAMP15_5_17,False,370,320,swap_proximal,250.0,200.0,17,pre_swap,GCAMP15,65,1
18,5,GCAMP15_5_18,False,370,320,swap_proximal,250.0,200.0,18,pre_swap,GCAMP15,78,6
19,5,GCAMP15_5_19,False,370,320,swap_proximal,250.0,200.0,19,pre_swap,GCAMP15,86,10
20,5,GCAMP15_5_20,False,370,320,swap_proximal,250.0,200.0,20,pre_swap,GCAMP15,7,1
21,5,GCAMP15_5_21,False,370,320,swap_proximal,250.0,200.0,21,pre_swap,GCAMP15,90,2
22,5,GCAMP15_5_22,True,370,320,swap_proximal,250.0,200.0,22,pre_swap,GCAMP15,60,6
23,5,GCAMP15_5_23,False,370,320,swap_proximal,250.0,200.0,23,pre_swap,GCAMP15,36,1
24,5,GCAMP15_5_24,False,370,320,swap_proximal,250.0,200.0,24,pre_swap,GCAMP15,36,1
25,5,GCAMP15_5_25,False,370,320,swap_proximal,250.0,200.0,25,pre_swap,GCAMP15,65,1
26,5,GCAMP15_5_26,False,370,320,swap_proximal,250.0,200.0,26,pre_swap,GCAMP15,89,2
27,5,GCAMP15_5_27,False,370,320,swap_proximal,250.0,200.0,27,pre_swap,GCAMP15,2,0
28,5,GCAMP15_5_28,False,370,320,swap_proximal,250.0,200.0,28,pre_swap,GCAMP15,36,6
29,5,GCAMP15_5_29,False,370,320,swap_proximal,250.0,200.0,29,pre_swap,GCAMP15,90,2
30,5,GCAMP15_5_30,False,250,200,swap_proximal,370.0,320.0,30,post_swap,GCAMP15,78,6
31,5,GCAMP15_5_31,False,250,200,swap_proximal,370.0,320.0,31,post_swap,GCAMP15,85,10
32,5,GCAMP15_5_32,False,250,200,swap_proximal,370.0,320.0,32,post_swap,GCAMP15,85,10
33,5,GCAMP15_5_33,False,250,200,swap_proximal,370.0,320.0,33,post_swap,GCAMP15,78,10
34,5,GCAMP15_5_34,False,250,200,swap_proximal,370.0,320.0,34,post_swap,GCAMP15,86,10
35,5,GCAMP15_5_35,True,250,200,swap_proximal,370.0,320.0,35,post_swap,GCAMP15,86,10
36,5,GCAMP15_5_36,False,250,200,swap_proximal,370.0,320.0,36,post_swap,GCAMP15,86,10
37,5,GCAMP15_5_37,False,250,200,swap_proximal,370.0,320.0,37,post_swap,GCAMP15,78,10
38,5,GCAMP15_5_38,False,250,200,swap_proximal,370.0,320.0,38,post_swap,GCAMP15,86,10
39,5,GCAMP15_5_39,False,250,200,swap_proximal,370.0,320.0,39,post_swap,GCAMP15,78,10
40,5,GCAMP15_5_40,False,250,200,swap_proximal,370.0,320.0,40,post_swap,GCAMP15,52,10
41,5,GCAMP15_5_41,False,250,200,swap_proximal,370.0,320.0,41,post_swap,GCAMP15,78,6
42,5,GCAMP15_5_42,False,250,200,swap_proximal,370.0,320.0,42,post_swap,GCAMP15,67,10
43,5,GCAMP15_5_43,False,250,200,swap_proximal,370.0,320.0,43,post_swap,GCAMP15,78,6
44,5,GCAMP15_5_44,False,250,200,swap_proximal,370.0,320.0,44,post_swap,GCAMP15,85,10
45,5,GCAMP15_5_45,False,250,200,swap_proximal,370.0,320.0,45,post_swap,GCAMP15,83,9
46,5,GCAMP15_5_46,False,250,200,swap_proximal,370.0,320.0,46,post_swap,GCAMP15,86,10
47,5,GCAMP15_5_47,False,250,200,swap_proximal,370.0,320.0,47,post_swap,GCAMP15,86,10
48,5,GCAMP15_5_48,False,250,200,swap_proximal,370.0,320.0,48,post_swap,GCAMP15,86,10
49,5,GCAMP15_5_49,False,250,200,swap_proximal,370.0,320.0,49,post_swap,GCAMP15,86,10
50,5,GCAMP15_5_50,True,250,200,swap_proximal,370.0,320.0,50,post_swap,GCAMP15,86,10
51,5,GCAMP15_5_51,False,250,200,swap_proximal,370.0,320.0,51,post_swap,GCAMP15,85,10
52,5,GCAMP15_5_52,False,250,200,swap_proximal,370.0,320.0,52,post_swap,GCAMP15,85,10
53,5,GCAMP15_5_53,False,250,200,swap_proximal,370.0,320.0,53,post_swap,GCAMP15,82,1
54,5,GCAMP15_5_54,False,250,200,swap_proximal,370.0,320.0,54,post_swap,GCAMP15,52,9
55,5,GCAMP15_5_55,False,250,200,swap_proximal,370.0,320.0,55,post_swap,GCAMP15,86,10
56,5,GCAMP15_5_56,True,250,200,swap_proximal,370.0,320.0,56,post_swap,GCAMP15,86,10
57,5,GCAMP15_5_57,True,250,200,swap_proximal,370.0,320.0,57,post_swap,GCAMP15,86,10
58,5,GCAMP15_5_58,False,250,200,swap_proximal,370.0,320.0,58,post_swap,GCAMP15,85,10
59,5,GCAMP15_5_59,False,250,200,swap_proximal,370.0,320.0,59,post_swap,GCAMP15,85,10
60,5,GCAMP15_5_60,False,250,200,swap_proximal,370.0,320.0,60,post_swap,GCAMP15,52,10
61,5,GCAMP15_5_61,False,250,200,swap_proximal,370.0,320.0,61,post_swap,GCAMP15,78,10
62,5,GCAMP15_5_62,False,250,200,swap_proximal,370.0,320.0,62,post_swap,GCAMP15,83,10
63,5,GCAMP15_5_63,False,250,200,swap_proximal,370.0,320.0,63,post_swap,GCAMP15,86,10
64,5,GCAMP15_5_64,False,250,200,swap_proximal,370.0,320.0,64,post_swap,GCAMP15,51,6
65,5,GCAMP15_5_65,True,250,200,swap_proximal,370.0,320.0,65,post_swap,GCAMP15,86,10
66,5,GCAMP15_5_66,True,250,200,swap_proximal,370.0,320.0,66,post_swap,GCAMP15,86,10
67,5,GCAMP15_5_67,True,250,200,swap_proximal,370.0,320.0,67,post_swap,GCAMP15,86,10
68,5,GCAMP15_5_68,False,250,200,swap_proximal,370.0,320.0,68,post_swap,GCAMP15,85,10
69,5,GCAMP15_5_69,False,250,200,swap_proximal,370.0,320.0,69,post_swap,GCAMP15,53,10
70,5,GCAMP15_5_70,False,250,200,swap_proximal,370.0,320.0,70,post_swap,GCAMP15,85,10
71,5,GCAMP15_5_71,False,250,200,swap_proximal,370.0,320.0,71,post_swap,GCAMP15,86,10
72,5,GCAMP15_5_72,False,250,200,swap_proximal,370.0,320.0,72,post_swap,GCAMP15,85,10
73,5,GCAMP15_5_73,False,250,200,swap_proximal,370.0,320.0,73,post_swap,GCAMP15,86,10
0,7,GCAMP15_7_0,False,250,200,swap_proximal,130.0,80.0,0,pre_swap,GCAMP15,52,5
1,7,GCAMP15_7_1,False,250,200,swap_proximal,130.0,80.0,1,pre_swap,GCAMP15,33,2
2,7,GCAMP15_7_2,False,250,200,swap_proximal,130.0,80.0,2,pre_swap,GCAMP15,83,9
3,7,GCAMP15_7_3,False,250,200,swap_proximal,130.0,80.0,3,pre_swap,GCAMP15,58,4
4,7,GCAMP15_7_4,False,250,200,swap_proximal,130.0,80.0,4,pre_swap,GCAMP15,80,4
5,7,GCAMP15_7_5,False,250,200,swap_proximal,130.0,80.0,5,pre_swap,GCAMP15,58,4
6,7,GCAMP15_7_6,False,250,200,swap_proximal,130.0,80.0,6,pre_swap,GCAMP15,58,4
7,7,GCAMP15_7_7,False,250,200,swap_proximal,130.0,80.0,7,pre_swap,GCAMP15,6,4
8,7,GCAMP15_7_8,False,250,200,swap_proximal,130.0,80.0,8,pre_swap,GCAMP15,80,4
9,7,GCAMP15_7_9,True,250,200,swap_proximal,130.0,80.0,9,pre_swap,GCAMP15,3,0
10,7,GCAMP15_7_10,False,250,200,swap_proximal,130.0,80.0,10,pre_swap,GCAMP15,17,5
11,7,GCAMP15_7_11,False,250,200,swap_proximal,130.0,80.0,11,pre_swap,GCAMP15,81,4
12,7,GCAMP15_7_12,False,250,200,swap_proximal,130.0,80.0,12,pre_swap,GCAMP15,80,4
13,7,GCAMP15_7_13,False,250,200,swap_proximal,130.0,80.0,13,pre_swap,GCAMP15,32,2
14,7,GCAMP15_7_14,True,250,200,swap_proximal,130.0,80.0,14,pre_swap,GCAMP15,1,2
15,7,GCAMP15_7_15,False,250,200,swap_proximal,130.0,80.0,15,pre_swap,GCAMP15,81,4
16,7,GCAMP15_7_16,False,250,200,swap_proximal,130.0,80.0,16,pre_swap,GCAMP15,9,4
17,7,GCAMP15_7_17,False,250,200,swap_proximal,130.0,80.0,17,pre_swap,GCAMP15,81,4
18,7,GCAMP15_7_18,True,250,200,swap_proximal,130.0,80.0,18,pre_swap,GCAMP15,94,2
19,7,GCAMP15_7_19,True,250,200,swap_proximal,130.0,80.0,19,pre_swap,GCAMP15,1,6
20,7,GCAMP15_7_20,True,250,200,swap_proximal,130.0,80.0,20,pre_swap,GCAMP15,-1,6
21,7,GCAMP15_7_21,False,250,200,swap_proximal,130.0,80.0,21,pre_swap,GCAMP15,81,4
22,7,GCAMP15_7_22,False,250,200,swap_proximal,130.0,80.0,22,pre_swap,GCAMP15,12,2
23,7,GCAMP15_7_23,False,250,200,swap_proximal,130.0,80.0,23,pre_swap,GCAMP15,58,4
24,7,GCAMP15_7_24,False,250,200,swap_proximal,130.0,80.0,24,pre_swap,GCAMP15,81,4
25,7,GCAMP15_7_25,False,250,200,swap_proximal,130.0,80.0,25,pre_swap,GCAMP15,80,4
26,7,GCAMP15_7_26,False,250,200,swap_proximal,130.0,80.0,26,pre_swap,GCAMP15,4,4
27,7,GCAMP15_7_27,False,250,200,swap_proximal,130.0,80.0,27,pre_swap,GCAMP15,80,4
28,7,GCAMP15_7_28,False,250,200,swap_proximal,130.0,80.0,28,pre_swap,GCAMP15,23,4
29,7,GCAMP15_7_29,False,250,200,swap_proximal,130.0,80.0,29,pre_swap,GCAMP15,53,10
30,7,GCAMP15_7_30,False,130,80,swap_proximal,250.0,200.0,30,post_swap,GCAMP15,86,10
31,7,GCAMP15_7_31,False,130,80,swap_proximal,250.0,200.0,31,post_swap,GCAMP15,57,6
32,7,GCAMP15_7_32,False,130,80,swap_proximal,250.0,200.0,32,post_swap,GCAMP15,79,6
33,7,GCAMP15_7_33,False,130,80,swap_proximal,250.0,200.0,33,post_swap,GCAMP15,31,6
34,7,GCAMP15_7_34,False,130,80,swap_proximal,250.0,200.0,34,post_swap,GCAMP15,9,9
35,7,GCAMP15_7_35,False,130,80,swap_proximal,250.0,200.0,35,post_swap,GCAMP15,27,5
36,7,GCAMP15_7_36,False,130,80,swap_proximal,250.0,200.0,36,post_swap,GCAMP15,48,8
37,7,GCAMP15_7_37,False,130,80,swap_proximal,250.0,200.0,37,post_swap,GCAMP15,27,1
38,7,GCAMP15_7_38,False,130,80,swap_proximal,250.0,200.0,38,post_swap,GCAMP15,71,3
39,7,GCAMP15_7_39,False,130,80,swap_proximal,250.0,200.0,39,post_swap,GCAMP15,72,7
40,7,GCAMP15_7_40,False,130,80,swap_proximal,250.0,200.0,40,post_swap,GCAMP15,27,3
41,7,GCAMP15_7_41,False,130,80,swap_proximal,250.0,200.0,41,post_swap,GCAMP15,72,7
42,7,GCAMP15_7_42,False,130,80,swap_proximal,250.0,200.0,42,post_swap,GCAMP15,40,3
43,7,GCAMP15_7_43,True,130,80,swap_proximal,250.0,200.0,43,post_swap,GCAMP15,53,1
44,7,GCAMP15_7_44,False,130,80,swap_proximal,250.0,200.0,44,post_swap,GCAMP15,46,3
45,7,GCAMP15_7_45,False,130,80,swap_proximal,250.0,200.0,45,post_swap,GCAMP15,40,3
46,7,GCAMP15_7_46,True,130,80,swap_proximal,250.0,200.0,46,post_swap,GCAMP15,52,5
47,7,GCAMP15_7_47,False,130,80,swap_proximal,250.0,200.0,47,post_swap,GCAMP15,70,3
48,7,GCAMP15_7_48,False,130,80,swap_proximal,250.0,200.0,48,post_swap,GCAMP15,44,3
49,7,GCAMP15_7_49,False,130,80,swap_proximal,250.0,200.0,49,post_swap,GCAMP15,77,3
50,7,GCAMP15_7_50,False,130,80,swap_proximal,250.0,200.0,50,post_swap,GCAMP15,27,3
51,7,GCAMP15_7_51,True,130,80,swap_proximal,250.0,200.0,51,post_swap,GCAMP15,31,5
52,7,GCAMP15_7_52,False,130,80,swap_proximal,250.0,200.0,52,post_swap,GCAMP15,77,3
53,7,GCAMP15_7_53,False,130,80,swap_proximal,250.0,200.0,53,post_swap,GCAMP15,77,3
54,7,GCAMP15_7_54,False,130,80,swap_proximal,250.0,200.0,54,post_swap,GCAMP15,72,7
55,7,GCAMP15_7_55,False,130,80,swap_proximal,250.0,200.0,55,post_swap,GCAMP15,59,3
56,7,GCAMP15_7_56,False,130,80,swap_proximal,250.0,200.0,56,post_swap,GCAMP15,40,3
57,7,GCAMP15_7_57,False,130,80,swap_proximal,250.0,200.0,57,post_swap,GCAMP15,68,3
58,7,GCAMP15_7_58,False,130,80,swap_proximal,250.0,200.0,58,post_swap,GCAMP15,59,3
59,7,GCAMP15_7_59,False,130,80,swap_proximal,250.0,200.0,59,post_swap,GCAMP15,27,3
60,7,GCAMP15_7_60,False,130,80,swap_proximal,250.0,200.0,60,post_swap,GCAMP15,59,3
61,7,GCAMP15_7_61,True,130,80,swap_proximal,250.0,200.0,61,post_swap,GCAMP15,31,9
62,7,GCAMP15_7_62,False,130,80,swap_proximal,250.0,200.0,62,post_swap,GCAMP15,43,3
63,7,GCAMP15_7_63,False,130,80,swap_proximal,250.0,200.0,63,post_swap,GCAMP15,16,3
64,7,GCAMP15_7_64,False,130,80,swap_proximal,250.0,200.0,64,post_swap,GCAMP15,59,3
65,7,GCAMP15_7_65,False,130,80,swap_proximal,250.0,200.0,65,post_swap,GCAMP15,76,3
66,7,GCAMP15_7_66,False,130,80,swap_proximal,250.0,200.0,66,post_swap,GCAMP15,27,3
67,7,GCAMP15_7_67,False,130,80,swap_proximal,250.0,200.0,67,post_swap,GCAMP15,70,3
68,7,GCAMP15_7_68,False,130,80,swap_proximal,250.0,200.0,68,post_swap,GCAMP15,27,3
69,7,GCAMP15_7_69,False,130,80,swap_proximal,250.0,200.0,69,post_swap,GCAMP15,40,7
70,7,GCAMP15_7_70,False,130,80,swap_proximal,250.0,200.0,70,post_swap,GCAMP15,77,5
71,7,GCAMP15_7_71,True,130,80,swap_proximal,250.0,200.0,71,post_swap,GCAMP15,31,9
72,7,GCAMP15_7_72,False,130,80,swap_proximal,250.0,200.0,72,post_swap,GCAMP15,40,7
73,7,GCAMP15_7_73,True,130,80,swap_proximal,250.0,200.0,73,post_swap,GCAMP15,52,5
74,7,GCAMP15_7_74,False,130,80,swap_proximal,250.0,200.0,74,post_swap,GCAMP15,16,3
75,7,GCAMP15_7_75,False,130,80,swap_proximal,250.0,200.0,75,post_swap,GCAMP15,77,3
76,7,GCAMP15_7_76,False,130,80,swap_proximal,250.0,200.0,76,post_swap,GCAMP15,71,7
77,7,GCAMP15_7_77,False,130,80,swap_proximal,250.0,200.0,77,post_swap,GCAMP15,72,7
78,7,GCAMP15_7_78,False,130,80,swap_proximal,250.0,200.0,78,post_swap,GCAMP15,43,3
79,7,GCAMP15_7_79,False,130,80,swap_proximal,250.0,200.0,79,post_swap,GCAMP15,27,3
0,8,GCAMP15_8_0,False,130,80,swap_distal,250.0,200.0,0,pre_swap,GCAMP15,71,7
1,8,GCAMP15_8_1,True,130,80,swap_distal,250.0,200.0,1,pre_swap,GCAMP15,52,9
2,8,GCAMP15_8_2,False,130,80,swap_distal,250.0,200.0,2,pre_swap,GCAMP15,39,1
3,8,GCAMP15_8_3,False,130,80,swap_distal,250.0,200.0,3,pre_swap,GCAMP15,0,5
4,8,GCAMP15_8_4,False,130,80,swap_distal,250.0,200.0,4,pre_swap,GCAMP15,68,3
5,8,GCAMP15_8_5,False,130,80,swap_distal,250.0,200.0,5,pre_swap,GCAMP15,40,7
6,8,GCAMP15_8_6,False,130,80,swap_distal,250.0,200.0,6,pre_swap,GCAMP15,-1,3
7,8,GCAMP15_8_7,True,130,80,swap_distal,250.0,200.0,7,pre_swap,GCAMP15,31,5
8,8,GCAMP15_8_8,False,130,80,swap_distal,250.0,200.0,8,pre_swap,GCAMP15,46,3
9,8,GCAMP15_8_9,False,130,80,swap_distal,250.0,200.0,9,pre_swap,GCAMP15,77,3
10,8,GCAMP15_8_10,False,130,80,swap_distal,250.0,200.0,10,pre_swap,GCAMP15,39,3
11,8,GCAMP15_8_11,False,130,80,swap_distal,250.0,200.0,11,pre_swap,GCAMP15,77,3
12,8,GCAMP15_8_12,False,130,80,swap_distal,250.0,200.0,12,pre_swap,GCAMP15,43,3
13,8,GCAMP15_8_13,False,130,80,swap_distal,250.0,200.0,13,pre_swap,GCAMP15,26,9
14,8,GCAMP15_8_14,False,130,80,swap_distal,250.0,200.0,14,pre_swap,GCAMP15,40,7
15,8,GCAMP15_8_15,False,130,80,swap_distal,250.0,200.0,15,pre_swap,GCAMP15,40,3
16,8,GCAMP15_8_16,False,130,80,swap_distal,250.0,200.0,16,pre_swap,GCAMP15,44,3
17,8,GCAMP15_8_17,False,130,80,swap_distal,250.0,200.0,17,pre_swap,GCAMP15,77,3
18,8,GCAMP15_8_18,False,130,80,swap_distal,250.0,200.0,18,pre_swap,GCAMP15,40,3
19,8,GCAMP15_8_19,False,130,80,swap_distal,250.0,200.0,19,pre_swap,GCAMP15,35,3
20,8,GCAMP15_8_20,False,130,80,swap_distal,250.0,200.0,20,pre_swap,GCAMP15,77,3
21,8,GCAMP15_8_21,False,130,80,swap_distal,250.0,200.0,21,pre_swap,GCAMP15,46,3
22,8,GCAMP15_8_22,False,130,80,swap_distal,250.0,200.0,22,pre_swap,GCAMP15,68,3
23,8,GCAMP15_8_23,False,130,80,swap_distal,250.0,200.0,23,pre_swap,GCAMP15,68,3
24,8,GCAMP15_8_24,False,130,80,swap_distal,250.0,200.0,24,pre_swap,GCAMP15,16,3
25,8,GCAMP15_8_25,False,130,80,swap_distal,250.0,200.0,25,pre_swap,GCAMP15,27,3
26,8,GCAMP15_8_26,True,130,80,swap_distal,250.0,200.0,26,pre_swap,GCAMP15,31,5
27,8,GCAMP15_8_27,False,130,80,swap_distal,250.0,200.0,27,pre_swap,GCAMP15,40,7
28,8,GCAMP15_8_28,False,130,80,swap_distal,250.0,200.0,28,pre_swap,GCAMP15,44,3
29,8,GCAMP15_8_29,False,130,80,swap_distal,250.0,200.0,29,pre_swap,GCAMP15,16,5
30,8,GCAMP15_8_30,False,250,200,swap_distal,130.0,80.0,30,post_swap,GCAMP15,85,10
31,8,GCAMP15_8_31,False,250,200,swap_distal,130.0,80.0,31,post_swap,GCAMP15,85,10
32,8,GCAMP15_8_32,True,250,200,swap_distal,130.0,80.0,32,post_swap,GCAMP15,86,10
33,8,GCAMP15_8_33,True,250,200,swap_distal,130.0,80.0,33,post_swap,GCAMP15,67,1
34,8,GCAMP15_8_34,False,250,200,swap_distal,130.0,80.0,34,post_swap,GCAMP15,52,5
35,8,GCAMP15_8_35,False,250,200,swap_distal,130.0,80.0,35,post_swap,GCAMP15,52,5
36,8,GCAMP15_8_36,False,250,200,swap_distal,130.0,80.0,36,post_swap,GCAMP15,51,5
37,8,GCAMP15_8_37,False,250,200,swap_distal,130.0,80.0,37,post_swap,GCAMP15,4,5
38,8,GCAMP15_8_38,False,250,200,swap_distal,130.0,80.0,38,post_swap,GCAMP15,4,1
39,8,GCAMP15_8_39,False,250,200,swap_distal,130.0,80.0,39,post_swap,GCAMP15,17,5
40,8,GCAMP15_8_40,False,250,200,swap_distal,130.0,80.0,40,post_swap,GCAMP15,17,5
41,8,GCAMP15_8_41,False,250,200,swap_distal,130.0,80.0,41,post_swap,GCAMP15,4,5
42,8,GCAMP15_8_42,True,250,200,swap_distal,130.0,80.0,42,post_swap,GCAMP15,79,6
43,8,GCAMP15_8_43,False,250,200,swap_distal,130.0,80.0,43,post_swap,GCAMP15,9,4
44,8,GCAMP15_8_44,False,250,200,swap_distal,130.0,80.0,44,post_swap,GCAMP15,81,4
45,8,GCAMP15_8_45,False,250,200,swap_distal,130.0,80.0,45,post_swap,GCAMP15,51,5
46,8,GCAMP15_8_46,False,250,200,swap_distal,130.0,80.0,46,post_swap,GCAMP15,81,4
47,8,GCAMP15_8_47,False,250,200,swap_distal,130.0,80.0,47,post_swap,GCAMP15,4,4
48,8,GCAMP15_8_48,False,250,200,swap_distal,130.0,80.0,48,post_swap,GCAMP15,14,4
49,8,GCAMP15_8_49,True,250,200,swap_distal,130.0,80.0,49,post_swap,GCAMP15,60,6
50,8,GCAMP15_8_50,False,250,200,swap_distal,130.0,80.0,50,post_swap,GCAMP15,4,4
51,8,GCAMP15_8_51,False,250,200,swap_distal,130.0,80.0,51,post_swap,GCAMP15,6,4
52,8,GCAMP15_8_52,False,250,200,swap_distal,130.0,80.0,52,post_swap,GCAMP15,80,4
53,8,GCAMP15_8_53,True,250,200,swap_distal,130.0,80.0,53,post_swap,GCAMP15,79,6
54,8,GCAMP15_8_54,True,250,200,swap_distal,130.0,80.0,54,post_swap,GCAMP15,86,10
55,8,GCAMP15_8_55,True,250,200,swap_distal,130.0,80.0,55,post_swap,GCAMP15,78,10
56,8,GCAMP15_8_56,False,250,200,swap_distal,130.0,80.0,56,post_swap,GCAMP15,4,4
57,8,GCAMP15_8_57,False,250,200,swap_distal,130.0,80.0,57,post_swap,GCAMP15,80,4
58,8,GCAMP15_8_58,False,250,200,swap_distal,130.0,80.0,58,post_swap,GCAMP15,9,4
59,8,GCAMP15_8_59,False,250,200,swap_distal,130.0,80.0,59,post_swap,GCAMP15,81,4
60,8,GCAMP15_8_60,False,250,200,swap_distal,130.0,80.0,60,post_swap,GCAMP15,18,4
61,8,GCAMP15_8_61,False,250,200,swap_distal,130.0,80.0,61,post_swap,GCAMP15,51,5
62,8,GCAMP15_8_62,False,250,200,swap_distal,130.0,80.0,62,post_swap,GCAMP15,6,4
63,8,GCAMP15_8_63,False,250,200,swap_distal,130.0,80.0,63,post_swap,GCAMP15,80,4
64,8,GCAMP15_8_64,False,250,200,swap_distal,130.0,80.0,64,post_swap,GCAMP15,13,4
65,8,GCAMP15_8_65,False,250,200,swap_distal,130.0,80.0,65,post_swap,GCAMP15,14,4
66,8,GCAMP15_8_66,False,250,200,swap_distal,130.0,80.0,66,post_swap,GCAMP15,9,4
67,8,GCAMP15_8_67,False,250,200,swap_distal,130.0,80.0,67,post_swap,GCAMP15,-1,2
68,8,GCAMP15_8_68,False,250,200,swap_distal,130.0,80.0,68,post_swap,GCAMP15,6,4
69,8,GCAMP15_8_69,False,250,200,swap_distal,130.0,80.0,69,post_swap,GCAMP15,80,4
70,8,GCAMP15_8_70,False,250,200,swap_distal,130.0,80.0,70,post_swap,GCAMP15,6,4
71,8,GCAMP15_8_71,False,250,200,swap_distal,130.0,80.0,71,post_swap,GCAMP15,81,4
72,8,GCAMP15_8_72,False,250,200,swap_distal,130.0,80.0,72,post_swap,GCAMP15,83,9
73,8,GCAMP15_8_73,False,250,200,swap_distal,130.0,80.0,73,post_swap,GCAMP15,52,5
74,8,GCAMP15_8_74,False,250,200,swap_distal,130.0,80.0,74,post_swap,GCAMP15,52,5
75,8,GCAMP15_8_75,False,250,200,swap_distal,130.0,80.0,75,post_swap,GCAMP15,9,1
76,8,GCAMP15_8_76,False,250,200,swap_distal,130.0,80.0,76,post_swap,GCAMP15,14,4
77,8,GCAMP15_8_77,False,250,200,swap_distal,130.0,80.0,77,post_swap,GCAMP15,4,4
78,8,GCAMP15_8_78,False,250,200,swap_distal,130.0,80.0,78,post_swap,GCAMP15,81,4
79,8,GCAMP15_8_79,False,250,200,swap_distal,130.0,80.0,79,post_swap,GCAMP15,52,5
0,10,GCAMP15_10_0,False,250,200,swap_distal,370.0,320.0,0,pre_swap,GCAMP15,83,9
1,10,GCAMP15_10_1,False,250,200,swap_distal,370.0,320.0,1,pre_swap,GCAMP15,63,4
2,10,GCAMP15_10_2,True,250,200,swap_distal,370.0,320.0,2,pre_swap,GCAMP15,79,6
3,10,GCAMP15_10_3,False,250,200,swap_distal,370.0,320.0,3,pre_swap,GCAMP15,81,4
4,10,GCAMP15_10_4,False,250,200,swap_distal,370.0,320.0,4,pre_swap,GCAMP15,81,4
5,10,GCAMP15_10_5,False,250,200,swap_distal,370.0,320.0,5,pre_swap,GCAMP15,58,4
6,10,GCAMP15_10_6,False,250,200,swap_distal,370.0,320.0,6,pre_swap,GCAMP15,81,4
7,10,GCAMP15_10_7,True,250,200,swap_distal,370.0,320.0,7,pre_swap,GCAMP15,94,2
8,10,GCAMP15_10_8,True,250,200,swap_distal,370.0,320.0,8,pre_swap,GCAMP15,96,0
9,10,GCAMP15_10_9,False,250,200,swap_distal,370.0,320.0,9,pre_swap,GCAMP15,32,2
10,10,GCAMP15_10_10,False,250,200,swap_distal,370.0,320.0,10,pre_swap,GCAMP15,6,4
11,10,GCAMP15_10_11,False,250,200,swap_distal,370.0,320.0,11,pre_swap,GCAMP15,81,4
12,10,GCAMP15_10_12,False,250,200,swap_distal,370.0,320.0,12,pre_swap,GCAMP15,14,4
13,10,GCAMP15_10_13,False,250,200,swap_distal,370.0,320.0,13,pre_swap,GCAMP15,13,5
14,10,GCAMP15_10_14,False,250,200,swap_distal,370.0,320.0,14,pre_swap,GCAMP15,78,6
15,10,GCAMP15_10_15,False,250,200,swap_distal,370.0,320.0,15,pre_swap,GCAMP15,6,4
16,10,GCAMP15_10_16,False,250,200,swap_distal,370.0,320.0,16,pre_swap,GCAMP15,13,4
17,10,GCAMP15_10_17,False,250,200,swap_distal,370.0,320.0,17,pre_swap,GCAMP15,9,4
18,10,GCAMP15_10_18,False,250,200,swap_distal,370.0,320.0,18,pre_swap,GCAMP15,32,4
19,10,GCAMP15_10_19,False,250,200,swap_distal,370.0,320.0,19,pre_swap,GCAMP15,51,5
20,10,GCAMP15_10_20,False,250,200,swap_distal,370.0,320.0,20,pre_swap,GCAMP15,6,4
21,10,GCAMP15_10_21,False,250,200,swap_distal,370.0,320.0,21,pre_swap,GCAMP15,13,4
22,10,GCAMP15_10_22,False,250,200,swap_distal,370.0,320.0,22,pre_swap,GCAMP15,9,4
23,10,GCAMP15_10_23,False,250,200,swap_distal,370.0,320.0,23,pre_swap,GCAMP15,6,4
24,10,GCAMP15_10_24,False,250,200,swap_distal,370.0,320.0,24,pre_swap,GCAMP15,80,4
25,10,GCAMP15_10_25,False,250,200,swap_distal,370.0,320.0,25,pre_swap,GCAMP15,80,4
26,10,GCAMP15_10_26,False,250,200,swap_distal,370.0,320.0,26,pre_swap,GCAMP15,4,5
27,10,GCAMP15_10_27,False,250,200,swap_distal,370.0,320.0,27,pre_swap,GCAMP15,6,4
28,10,GCAMP15_10_28,True,250,200,swap_distal,370.0,320.0,28,pre_swap,GCAMP15,1,6
29,10,GCAMP15_10_29,False,250,200,swap_distal,370.0,320.0,29,pre_swap,GCAMP15,81,4
30,10,GCAMP15_10_30,False,370,320,swap_distal,250.0,200.0,30,post_swap,GCAMP15,-1,2
31,10,GCAMP15_10_31,False,370,320,swap_distal,250.0,200.0,31,post_swap,GCAMP15,1,2
32,10,GCAMP15_10_32,False,370,320,swap_distal,250.0,200.0,32,post_swap,GCAMP15,-1,2
33,10,GCAMP15_10_33,False,370,320,swap_distal,250.0,200.0,33,post_swap,GCAMP15,97,2
34,10,GCAMP15_10_34,False,370,320,swap_distal,250.0,200.0,34,post_swap,GCAMP15,25,2
35,10,GCAMP15_10_35,False,370,320,swap_distal,250.0,200.0,35,post_swap,GCAMP15,94,0
36,10,GCAMP15_10_36,True,370,320,swap_distal,250.0,200.0,36,post_swap,GCAMP15,3,0
37,10,GCAMP15_10_37,False,370,320,swap_distal,250.0,200.0,37,post_swap,GCAMP15,25,0
38,10,GCAMP15_10_38,False,370,320,swap_distal,250.0,200.0,38,post_swap,GCAMP15,25,2
39,10,GCAMP15_10_39,False,370,320,swap_distal,250.0,200.0,39,post_swap,GCAMP15,57,0
40,10,GCAMP15_10_40,False,370,320,swap_distal,250.0,200.0,40,post_swap,GCAMP15,-1,2
41,10,GCAMP15_10_41,True,370,320,swap_distal,250.0,200.0,41,post_swap,GCAMP15,3,0
42,10,GCAMP15_10_42,False,370,320,swap_distal,250.0,200.0,42,post_swap,GCAMP15,7,2
43,10,GCAMP15_10_43,True,370,320,swap_distal,250.0,200.0,43,post_swap,GCAMP15,57,0
44,10,GCAMP15_10_44,False,370,320,swap_distal,250.0,200.0,44,post_swap,GCAMP15,2,2
45,10,GCAMP15_10_45,False,370,320,swap_distal,250.0,200.0,45,post_swap,GCAMP15,2,2
46,10,GCAMP15_10_46,False,370,320,swap_distal,250.0,200.0,46,post_swap,GCAMP15,25,0
47,10,GCAMP15_10_47,False,370,320,swap_distal,250.0,200.0,47,post_swap,GCAMP15,25,2
48,10,GCAMP15_10_48,False,370,320,swap_distal,250.0,200.0,48,post_swap,GCAMP15,7,2
49,10,GCAMP15_10_49,False,370,320,swap_distal,250.0,200.0,49,post_swap,GCAMP15,25,2
50,10,GCAMP15_10_50,False,370,320,swap_distal,250.0,200.0,50,post_swap,GCAMP15,25,1
51,10,GCAMP15_10_51,False,370,320,swap_distal,250.0,200.0,51,post_swap,GCAMP15,37,2
52,10,GCAMP15_10_52,True,370,320,swap_distal,250.0,200.0,52,post_swap,GCAMP15,3,0
53,10,GCAMP15_10_53,False,370,320,swap_distal,250.0,200.0,53,post_swap,GCAMP15,91,2
54,10,GCAMP15_10_54,False,370,320,swap_distal,250.0,200.0,54,post_swap,GCAMP15,37,2
55,10,GCAMP15_10_55,False,370,320,swap_distal,250.0,200.0,55,post_swap,GCAMP15,38,1
56,10,GCAMP15_10_56,False,370,320,swap_distal,250.0,200.0,56,post_swap,GCAMP15,2,2
57,10,GCAMP15_10_57,False,370,320,swap_distal,250.0,200.0,57,post_swap,GCAMP15,37,2
58,10,GCAMP15_10_58,False,370,320,swap_distal,250.0,200.0,58,post_swap,GCAMP15,21,6
59,10,GCAMP15_10_59,False,370,320,swap_distal,250.0,200.0,59,post_swap,GCAMP15,86,10
60,10,GCAMP15_10_60,False,370,320,swap_distal,250.0,200.0,60,post_swap,GCAMP15,67,1
61,10,GCAMP15_10_61,False,370,320,swap_distal,250.0,200.0,61,post_swap,GCAMP15,25,2
62,10,GCAMP15_10_62,False,370,320,swap_distal,250.0,200.0,62,post_swap,GCAMP15,48,6
63,10,GCAMP15_10_63,True,370,320,swap_distal,250.0,200.0,63,post_swap,GCAMP15,29,0
64,10,GCAMP15_10_64,False,370,320,swap_distal,250.0,200.0,64,post_swap,GCAMP15,25,0
65,10,GCAMP15_10_65,True,370,320,swap_distal,250.0,200.0,65,post_swap,GCAMP15,10,0
66,10,GCAMP15_10_66,False,370,320,swap_distal,250.0,200.0,66,post_swap,GCAMP15,25,0
67,10,GCAMP15_10_67,False,370,320,swap_distal,250.0,200.0,67,post_swap,GCAMP15,36,6
68,10,GCAMP15_10_68,False,370,320,swap_distal,250.0,200.0,68,post_swap,GCAMP15,67,1
69,10,GCAMP15_10_69,False,370,320,swap_distal,250.0,200.0,69,post_swap,GCAMP15,67,10
70,10,GCAMP15_10_70,False,370,320,swap_distal,250.0,200.0,70,post_swap,GCAMP15,37,0
71,10,GCAMP15_10_71,False,370,320,swap_distal,250.0,200.0,71,post_swap,GCAMP15,86,10
72,10,GCAMP15_10_72,True,370,320,swap_distal,250.0,200.0,72,post_swap,GCAMP15,86,10
73,10,GCAMP15_10_73,False,370,320,swap_distal,250.0,200.0,73,post_swap,GCAMP15,36,1
74,10,GCAMP15_10_74,False,370,320,swap_distal,250.0,200.0,74,post_swap,GCAMP15,78,10
75,10,GCAMP15_10_75,False,370,320,swap_distal,250.0,200.0,75,post_swap,GCAMP15,65,1
76,10,GCAMP15_10_76,False,370,320,swap_distal,250.0,200.0,76,post_swap,GCAMP15,65,1
77,10,GCAMP15_10_77,False,370,320,swap_distal,250.0,200.0,77,post_swap,GCAMP15,3,8
78,10,GCAMP15_10_78,False,370,320,swap_distal,250.0,200.0,78,post_swap,GCAMP15,25,6
79,10,GCAMP15_10_79,False,370,320,swap_distal,250.0,200.0,79,post_swap,GCAMP15,78,10
0,12,GCAMP15_12_0,True,370,320,swap_proximal,130.0,80.0,0,pre_swap,GCAMP15,86,10
1,12,GCAMP15_12_1,False,370,320,swap_proximal,130.0,80.0,1,pre_swap,GCAMP15,91,1
2,12,GCAMP15_12_2,False,370,320,swap_proximal,130.0,80.0,2,pre_swap,GCAMP15,19,8
3,12,GCAMP15_12_3,False,370,320,swap_proximal,130.0,80.0,3,pre_swap,GCAMP15,37,2
4,12,GCAMP15_12_4,False,370,320,swap_proximal,130.0,80.0,4,pre_swap,GCAMP15,95,2
5,12,GCAMP15_12_5,False,370,320,swap_proximal,130.0,80.0,5,pre_swap,GCAMP15,7,2
6,12,GCAMP15_12_6,False,370,320,swap_proximal,130.0,80.0,6,pre_swap,GCAMP15,91,2
7,12,GCAMP15_12_7,False,370,320,swap_proximal,130.0,80.0,7,pre_swap,GCAMP15,7,2
8,12,GCAMP15_12_8,False,370,320,swap_proximal,130.0,80.0,8,pre_swap,GCAMP15,38,2
9,12,GCAMP15_12_9,False,370,320,swap_proximal,130.0,80.0,9,pre_swap,GCAMP15,37,2
10,12,GCAMP15_12_10,False,370,320,swap_proximal,130.0,80.0,10,pre_swap,GCAMP15,25,2
11,12,GCAMP15_12_11,False,370,320,swap_proximal,130.0,80.0,11,pre_swap,GCAMP15,7,2
12,12,GCAMP15_12_12,False,370,320,swap_proximal,130.0,80.0,12,pre_swap,GCAMP15,87,2
13,12,GCAMP15_12_13,False,370,320,swap_proximal,130.0,80.0,13,pre_swap,GCAMP15,87,2
14,12,GCAMP15_12_14,False,370,320,swap_proximal,130.0,80.0,14,pre_swap,GCAMP15,-1,6
15,12,GCAMP15_12_15,True,370,320,swap_proximal,130.0,80.0,15,pre_swap,GCAMP15,57,0
16,12,GCAMP15_12_16,False,370,320,swap_proximal,130.0,80.0,16,pre_swap,GCAMP15,21,2
17,12,GCAMP15_12_17,False,370,320,swap_proximal,130.0,80.0,17,pre_swap,GCAMP15,25,2
18,12,GCAMP15_12_18,False,370,320,swap_proximal,130.0,80.0,18,pre_swap,GCAMP15,2,1
19,12,GCAMP15_12_19,True,370,320,swap_proximal,130.0,80.0,19,pre_swap,GCAMP15,57,0
20,12,GCAMP15_12_20,True,370,320,swap_proximal,130.0,80.0,20,pre_swap,GCAMP15,3,0
21,12,GCAMP15_12_21,False,370,320,swap_proximal,130.0,80.0,21,pre_swap,GCAMP15,56,0
22,12,GCAMP15_12_22,False,370,320,swap_proximal,130.0,80.0,22,pre_swap,GCAMP15,25,2
23,12,GCAMP15_12_23,False,370,320,swap_proximal,130.0,80.0,23,pre_swap,GCAMP15,25,2
24,12,GCAMP15_12_24,False,370,320,swap_proximal,130.0,80.0,24,pre_swap,GCAMP15,48,8
25,12,GCAMP15_12_25,False,370,320,swap_proximal,130.0,80.0,25,pre_swap,GCAMP15,25,2
26,12,GCAMP15_12_26,False,370,320,swap_proximal,130.0,80.0,26,pre_swap,GCAMP15,25,2
27,12,GCAMP15_12_27,False,370,320,swap_proximal,130.0,80.0,27,pre_swap,GCAMP15,37,2
28,12,GCAMP15_12_28,False,370,320,swap_proximal,130.0,80.0,28,pre_swap,GCAMP15,7,0
29,12,GCAMP15_12_29,True,370,320,swap_proximal,130.0,80.0,29,pre_swap,GCAMP15,57,0
30,12,GCAMP15_12_30,False,130,80,swap_proximal,370.0,320.0,30,post_swap,GCAMP15,60,6
31,12,GCAMP15_12_31,False,130,80,swap_proximal,370.0,320.0,31,post_swap,GCAMP15,83,10
32,12,GCAMP15_12_32,False,130,80,swap_proximal,370.0,320.0,32,post_swap,GCAMP15,72,9
33,12,GCAMP15_12_33,False,130,80,swap_proximal,370.0,320.0,33,post_swap,GCAMP15,60,6
34,12,GCAMP15_12_34,False,130,80,swap_proximal,370.0,320.0,34,post_swap,GCAMP15,53,8
35,12,GCAMP15_12_35,False,130,80,swap_proximal,370.0,320.0,35,post_swap,GCAMP15,48,8
36,12,GCAMP15_12_36,False,130,80,swap_proximal,370.0,320.0,36,post_swap,GCAMP15,48,8
37,12,GCAMP15_12_37,False,130,80,swap_proximal,370.0,320.0,37,post_swap,GCAMP15,72,8
38,12,GCAMP15_12_38,False,130,80,swap_proximal,370.0,320.0,38,post_swap,GCAMP15,72,7
39,12,GCAMP15_12_39,False,130,80,swap_proximal,370.0,320.0,39,post_swap,GCAMP15,48,8
40,12,GCAMP15_12_40,True,130,80,swap_proximal,370.0,320.0,40,post_swap,GCAMP15,86,10
41,12,GCAMP15_12_41,False,130,80,swap_proximal,370.0,320.0,41,post_swap,GCAMP15,-1,8
42,12,GCAMP15_12_42,False,130,80,swap_proximal,370.0,320.0,42,post_swap,GCAMP15,48,8
43,12,GCAMP15_12_43,False,130,80,swap_proximal,370.0,320.0,43,post_swap,GCAMP15,39,3
44,12,GCAMP15_12_44,False,130,80,swap_proximal,370.0,320.0,44,post_swap,GCAMP15,40,9
45,12,GCAMP15_12_45,True,130,80,swap_proximal,370.0,320.0,45,post_swap,GCAMP15,86,10
46,12,GCAMP15_12_46,False,130,80,swap_proximal,370.0,320.0,46,post_swap,GCAMP15,72,9
47,12,GCAMP15_12_47,False,130,80,swap_proximal,370.0,320.0,47,post_swap,GCAMP15,72,7
48,12,GCAMP15_12_48,False,130,80,swap_proximal,370.0,320.0,48,post_swap,GCAMP15,72,7
49,12,GCAMP15_12_49,False,130,80,swap_proximal,370.0,320.0,49,post_swap,GCAMP15,-1,7
50,12,GCAMP15_12_50,False,130,80,swap_proximal,370.0,320.0,50,post_swap,GCAMP15,27,3
51,12,GCAMP15_12_51,False,130,80,swap_proximal,370.0,320.0,51,post_swap,GCAMP15,27,3
52,12,GCAMP15_12_52,False,130,80,swap_proximal,370.0,320.0,52,post_swap,GCAMP15,46,3
53,12,GCAMP15_12_53,False,130,80,swap_proximal,370.0,320.0,53,post_swap,GCAMP15,26,5
54,12,GCAMP15_12_54,False,130,80,swap_proximal,370.0,320.0,54,post_swap,GCAMP15,72,7
55,12,GCAMP15_12_55,False,130,80,swap_proximal,370.0,320.0,55,post_swap,GCAMP15,40,7
56,12,GCAMP15_12_56,False,130,80,swap_proximal,370.0,320.0,56,post_swap,GCAMP15,59,3
57,12,GCAMP15_12_57,False,130,80,swap_proximal,370.0,320.0,57,post_swap,GCAMP15,40,7
58,12,GCAMP15_12_58,False,130,80,swap_proximal,370.0,320.0,58,post_swap,GCAMP15,39,3
59,12,GCAMP15_12_59,False,130,80,swap_proximal,370.0,320.0,59,post_swap,GCAMP15,40,7
60,12,GCAMP15_12_60,False,130,80,swap_proximal,370.0,320.0,60,post_swap,GCAMP15,16,7
61,12,GCAMP15_12_61,False,130,80,swap_proximal,370.0,320.0,61,post_swap,GCAMP15,48,9
62,12,GCAMP15_12_62,False,130,80,swap_proximal,370.0,320.0,62,post_swap,GCAMP15,72,8
63,12,GCAMP15_12_63,False,130,80,swap_proximal,370.0,320.0,63,post_swap,GCAMP15,40,3
64,12,GCAMP15_12_64,False,130,80,swap_proximal,370.0,320.0,64,post_swap,GCAMP15,40,7
65,12,GCAMP15_12_65,False,130,80,swap_proximal,370.0,320.0,65,post_swap,GCAMP15,46,3
66,12,GCAMP15_12_66,False,130,80,swap_proximal,370.0,320.0,66,post_swap,GCAMP15,40,7
67,12,GCAMP15_12_67,False,130,80,swap_proximal,370.0,320.0,67,post_swap,GCAMP15,72,9
68,12,GCAMP15_12_68,False,130,80,swap_proximal,370.0,320.0,68,post_swap,GCAMP15,27,3
69,12,GCAMP15_12_69,False,130,80,swap_proximal,370.0,320.0,69,post_swap,GCAMP15,27,5
70,12,GCAMP15_12_70,False,130,80,swap_proximal,370.0,320.0,70,post_swap,GCAMP15,40,9
71,12,GCAMP15_12_71,False,130,80,swap_proximal,370.0,320.0,71,post_swap,GCAMP15,44,3
72,12,GCAMP15_12_72,True,130,80,swap_proximal,370.0,320.0,72,post_swap,GCAMP15,52,5
73,12,GCAMP15_12_73,False,130,80,swap_proximal,370.0,320.0,73,post_swap,GCAMP15,72,7
74,12,GCAMP15_12_74,False,130,80,swap_proximal,370.0,320.0,74,post_swap,GCAMP15,72,7
75,12,GCAMP15_12_75,False,130,80,swap_proximal,370.0,320.0,75,post_swap,GCAMP15,40,7
76,12,GCAMP15_12_76,False,130,80,swap_proximal,370.0,320.0,76,post_swap,GCAMP15,44,3
77,12,GCAMP15_12_77,False,130,80,swap_proximal,370.0,320.0,77,post_swap,GCAMP15,44,3
78,12,GCAMP15_12_78,False,130,80,swap_proximal,370.0,320.0,78,post_swap,GCAMP15,46,3
79,12,GCAMP15_12_79,False,130,80,swap_proximal,370.0,320.0,79,post_swap,GCAMP15,40,7
0,14,GCAMP15_14_0,False,130,80,swap_distal,250.0,200.0,0,pre_swap,GCAMP15,86,10
2,14,GCAMP15_14_2,False,130,80,swap_distal,250.0,200.0,2,pre_swap,GCAMP15,16,3
3,14,GCAMP15_14_3,False,130,80,swap_distal,250.0,200.0,3,pre_swap,GCAMP15,40,7
4,14,GCAMP15_14_4,False,130,80,swap_distal,250.0,200.0,4,pre_swap,GCAMP15,39,3
5,14,GCAMP15_14_5,False,130,80,swap_distal,250.0,200.0,5,pre_swap,GCAMP15,77,3
6,14,GCAMP15_14_6,False,130,80,swap_distal,250.0,200.0,6,pre_swap,GCAMP15,77,3
7,14,GCAMP15_14_7,False,130,80,swap_distal,250.0,200.0,7,pre_swap,GCAMP15,77,3
8,14,GCAMP15_14_8,False,130,80,swap_distal,250.0,200.0,8,pre_swap,GCAMP15,77,3
9,14,GCAMP15_14_9,False,130,80,swap_distal,250.0,200.0,9,pre_swap,GCAMP15,72,9
10,14,GCAMP15_14_10,False,130,80,swap_distal,250.0,200.0,10,pre_swap,GCAMP15,77,3
11,14,GCAMP15_14_11,False,130,80,swap_distal,250.0,200.0,11,pre_swap,GCAMP15,77,3
12,14,GCAMP15_14_12,True,130,80,swap_distal,250.0,200.0,12,pre_swap,GCAMP15,-1,5
13,14,GCAMP15_14_13,False,130,80,swap_distal,250.0,200.0,13,pre_swap,GCAMP15,16,7
14,14,GCAMP15_14_14,False,130,80,swap_distal,250.0,200.0,14,pre_swap,GCAMP15,77,3
15,14,GCAMP15_14_15,False,130,80,swap_distal,250.0,200.0,15,pre_swap,GCAMP15,70,3
16,14,GCAMP15_14_16,False,130,80,swap_distal,250.0,200.0,16,pre_swap,GCAMP15,76,3
17,14,GCAMP15_14_17,False,130,80,swap_distal,250.0,200.0,17,pre_swap,GCAMP15,77,3
18,14,GCAMP15_14_18,False,130,80,swap_distal,250.0,200.0,18,pre_swap,GCAMP15,8,3
19,14,GCAMP15_14_19,True,130,80,swap_distal,250.0,200.0,19,pre_swap,GCAMP15,26,5
20,14,GCAMP15_14_20,True,130,80,swap_distal,250.0,200.0,20,pre_swap,GCAMP15,31,5
21,14,GCAMP15_14_21,False,130,80,swap_distal,250.0,200.0,21,pre_swap,GCAMP15,59,3
22,14,GCAMP15_14_22,False,130,80,swap_distal,250.0,200.0,22,pre_swap,GCAMP15,77,3
23,14,GCAMP15_14_23,False,130,80,swap_distal,250.0,200.0,23,pre_swap,GCAMP15,68,3
24,14,GCAMP15_14_24,False,130,80,swap_distal,250.0,200.0,24,pre_swap,GCAMP15,77,3
25,14,GCAMP15_14_25,False,130,80,swap_distal,250.0,200.0,25,pre_swap,GCAMP15,46,3
26,14,GCAMP15_14_26,False,130,80,swap_distal,250.0,200.0,26,pre_swap,GCAMP15,69,3
27,14,GCAMP15_14_27,False,130,80,swap_distal,250.0,200.0,27,pre_swap,GCAMP15,70,3
28,14,GCAMP15_14_28,False,130,80,swap_distal,250.0,200.0,28,pre_swap,GCAMP15,68,3
29,14,GCAMP15_14_29,False,130,80,swap_distal,250.0,200.0,29,pre_swap,GCAMP15,16,3
30,14,GCAMP15_14_30,False,250,200,swap_distal,130.0,80.0,30,post_swap,GCAMP15,52,5
31,14,GCAMP15_14_31,True,250,200,swap_distal,130.0,80.0,31,post_swap,GCAMP15,67,1
32,14,GCAMP15_14_32,False,250,200,swap_distal,130.0,80.0,32,post_swap,GCAMP15,83,9
33,14,GCAMP15_14_33,False,250,200,swap_distal,130.0,80.0,33,post_swap,GCAMP15,52,5
34,14,GCAMP15_14_34,False,250,200,swap_distal,130.0,80.0,34,post_swap,GCAMP15,52,5
35,14,GCAMP15_14_35,False,250,200,swap_distal,130.0,80.0,35,post_swap,GCAMP15,78,10
36,14,GCAMP15_14_36,False,250,200,swap_distal,130.0,80.0,36,post_swap,GCAMP15,78,6
37,14,GCAMP15_14_37,False,250,200,swap_distal,130.0,80.0,37,post_swap,GCAMP15,17,5
38,14,GCAMP15_14_38,False,250,200,swap_distal,130.0,80.0,38,post_swap,GCAMP15,4,1
39,14,GCAMP15_14_39,True,250,200,swap_distal,130.0,80.0,39,post_swap,GCAMP15,78,6
40,14,GCAMP15_14_40,False,250,200,swap_distal,130.0,80.0,40,post_swap,GCAMP15,53,1
41,14,GCAMP15_14_41,False,250,200,swap_distal,130.0,80.0,41,post_swap,GCAMP15,4,4
42,14,GCAMP15_14_42,False,250,200,swap_distal,130.0,80.0,42,post_swap,GCAMP15,17,1
43,14,GCAMP15_14_43,False,250,200,swap_distal,130.0,80.0,43,post_swap,GCAMP15,4,4
44,14,GCAMP15_14_44,False,250,200,swap_distal,130.0,80.0,44,post_swap,GCAMP15,9,1
45,14,GCAMP15_14_45,False,250,200,swap_distal,130.0,80.0,45,post_swap,GCAMP15,51,5
46,14,GCAMP15_14_46,False,250,200,swap_distal,130.0,80.0,46,post_swap,GCAMP15,4,4
47,14,GCAMP15_14_47,False,250,200,swap_distal,130.0,80.0,47,post_swap,GCAMP15,4,4
48,14,GCAMP15_14_48,False,250,200,swap_distal,130.0,80.0,48,post_swap,GCAMP15,4,4
49,14,GCAMP15_14_49,False,250,200,swap_distal,130.0,80.0,49,post_swap,GCAMP15,23,4
50,14,GCAMP15_14_50,False,250,200,swap_distal,130.0,80.0,50,post_swap,GCAMP15,17,5
51,14,GCAMP15_14_51,False,250,200,swap_distal,130.0,80.0,51,post_swap,GCAMP15,4,4
52,14,GCAMP15_14_52,False,250,200,swap_distal,130.0,80.0,52,post_swap,GCAMP15,4,5
53,14,GCAMP15_14_53,True,250,200,swap_distal,130.0,80.0,53,post_swap,GCAMP15,79,6
54,14,GCAMP15_14_54,False,250,200,swap_distal,130.0,80.0,54,post_swap,GCAMP15,83,10
55,14,GCAMP15_14_55,False,250,200,swap_distal,130.0,80.0,55,post_swap,GCAMP15,52,5
56,14,GCAMP15_14_56,True,250,200,swap_distal,130.0,80.0,56,post_swap,GCAMP15,79,6
57,14,GCAMP15_14_57,True,250,200,swap_distal,130.0,80.0,57,post_swap,GCAMP15,79,6
58,14,GCAMP15_14_58,False,250,200,swap_distal,130.0,80.0,58,post_swap,GCAMP15,9,9
59,14,GCAMP15_14_59,False,250,200,swap_distal,130.0,80.0,59,post_swap,GCAMP15,9,1
60,14,GCAMP15_14_60,False,250,200,swap_distal,130.0,80.0,60,post_swap,GCAMP15,81,4
61,14,GCAMP15_14_61,False,250,200,swap_distal,130.0,80.0,61,post_swap,GCAMP15,60,6
62,14,GCAMP15_14_62,False,250,200,swap_distal,130.0,80.0,62,post_swap,GCAMP15,14,4
63,14,GCAMP15_14_63,True,250,200,swap_distal,130.0,80.0,63,post_swap,GCAMP15,79,6
64,14,GCAMP15_14_64,False,250,200,swap_distal,130.0,80.0,64,post_swap,GCAMP15,80,4
65,14,GCAMP15_14_65,False,250,200,swap_distal,130.0,80.0,65,post_swap,GCAMP15,53,1
66,14,GCAMP15_14_66,False,250,200,swap_distal,130.0,80.0,66,post_swap,GCAMP15,9,4
67,14,GCAMP15_14_67,False,250,200,swap_distal,130.0,80.0,67,post_swap,GCAMP15,6,4
68,14,GCAMP15_14_68,True,250,200,swap_distal,130.0,80.0,68,post_swap,GCAMP15,-1,6
69,14,GCAMP15_14_69,False,250,200,swap_distal,130.0,80.0,69,post_swap,GCAMP15,80,4
70,14,GCAMP15_14_70,False,250,200,swap_distal,130.0,80.0,70,post_swap,GCAMP15,13,4
71,14,GCAMP15_14_71,True,250,200,swap_distal,130.0,80.0,71,post_swap,GCAMP15,28,6
72,14,GCAMP15_14_72,False,250,200,swap_distal,130.0,80.0,72,post_swap,GCAMP15,80,4
74,14,GCAMP15_14_74,False,250,200,swap_distal,130.0,80.0,74,post_swap,GCAMP15,53,10
75,14,GCAMP15_14_75,False,250,200,swap_distal,130.0,80.0,75,post_swap,GCAMP15,52,9
76,14,GCAMP15_14_76,False,250,200,swap_distal,130.0,80.0,76,post_swap,GCAMP15,81,4
77,14,GCAMP15_14_77,True,250,200,swap_distal,130.0,80.0,77,post_swap,GCAMP15,41,6
78,14,GCAMP15_14_78,False,250,200,swap_distal,130.0,80.0,78,post_swap,GCAMP15,82,5
79,14,GCAMP15_14_79,False,250,200,swap_distal,130.0,80.0,79,post_swap,GCAMP15,33,2
0,3,GCAMP17_3_0,False,250,200,swap_distal,370.0,320.0,0,pre_swap,GCAMP17,83,9
1,3,GCAMP17_3_1,False,250,200,swap_distal,370.0,320.0,1,pre_swap,GCAMP17,85,10
2,3,GCAMP17_3_2,False,250,200,swap_distal,370.0,320.0,2,pre_swap,GCAMP17,83,9
3,3,GCAMP17_3_3,False,250,200,swap_distal,370.0,320.0,3,pre_swap,GCAMP17,82,5
4,3,GCAMP17_3_4,True,250,200,swap_distal,370.0,320.0,4,pre_swap,GCAMP17,86,10
5,3,GCAMP17_3_5,False,250,200,swap_distal,370.0,320.0,5,pre_swap,GCAMP17,83,9
6,3,GCAMP17_3_6,False,250,200,swap_distal,370.0,320.0,6,pre_swap,GCAMP17,83,10
7,3,GCAMP17_3_7,False,250,200,swap_distal,370.0,320.0,7,pre_swap,GCAMP17,83,5
8,3,GCAMP17_3_8,False,250,200,swap_distal,370.0,320.0,8,pre_swap,GCAMP17,4,5
9,3,GCAMP17_3_9,False,250,200,swap_distal,370.0,320.0,9,pre_swap,GCAMP17,17,5
10,3,GCAMP17_3_10,False,250,200,swap_distal,370.0,320.0,10,pre_swap,GCAMP17,9,4
11,3,GCAMP17_3_11,False,250,200,swap_distal,370.0,320.0,11,pre_swap,GCAMP17,4,1
12,3,GCAMP17_3_12,True,250,200,swap_distal,370.0,320.0,12,pre_swap,GCAMP17,86,10
13,3,GCAMP17_3_13,False,250,200,swap_distal,370.0,320.0,13,pre_swap,GCAMP17,52,5
14,3,GCAMP17_3_14,False,250,200,swap_distal,370.0,320.0,14,pre_swap,GCAMP17,83,9
16,3,GCAMP17_3_16,False,250,200,swap_distal,370.0,320.0,16,pre_swap,GCAMP17,83,9
17,3,GCAMP17_3_17,False,250,200,swap_distal,370.0,320.0,17,pre_swap,GCAMP17,52,5
18,3,GCAMP17_3_18,False,250,200,swap_distal,370.0,320.0,18,pre_swap,GCAMP17,83,5
19,3,GCAMP17_3_19,False,250,200,swap_distal,370.0,320.0,19,pre_swap,GCAMP17,9,4
20,3,GCAMP17_3_20,False,250,200,swap_distal,370.0,320.0,20,pre_swap,GCAMP17,83,9
21,3,GCAMP17_3_21,False,250,200,swap_distal,370.0,320.0,21,pre_swap,GCAMP17,83,5
22,3,GCAMP17_3_22,False,250,200,swap_distal,370.0,320.0,22,pre_swap,GCAMP17,83,10
23,3,GCAMP17_3_23,False,250,200,swap_distal,370.0,320.0,23,pre_swap,GCAMP17,83,9
24,3,GCAMP17_3_24,False,250,200,swap_distal,370.0,320.0,24,pre_swap,GCAMP17,82,1
25,3,GCAMP17_3_25,False,250,200,swap_distal,370.0,320.0,25,pre_swap,GCAMP17,17,5
26,3,GCAMP17_3_26,False,250,200,swap_distal,370.0,320.0,26,pre_swap,GCAMP17,51,5
27,3,GCAMP17_3_27,False,250,200,swap_distal,370.0,320.0,27,pre_swap,GCAMP17,52,5
28,3,GCAMP17_3_28,False,250,200,swap_distal,370.0,320.0,28,pre_swap,GCAMP17,14,4
29,3,GCAMP17_3_29,False,250,200,swap_distal,370.0,320.0,29,pre_swap,GCAMP17,51,5
30,3,GCAMP17_3_30,True,370,320,swap_distal,250.0,200.0,30,post_swap,GCAMP17,-1,6
31,3,GCAMP17_3_31,False,370,320,swap_distal,250.0,200.0,31,post_swap,GCAMP17,67,10
32,3,GCAMP17_3_32,False,370,320,swap_distal,250.0,200.0,32,post_swap,GCAMP17,1,2
33,3,GCAMP17_3_33,False,370,320,swap_distal,250.0,200.0,33,post_swap,GCAMP17,99,2
34,3,GCAMP17_3_34,False,370,320,swap_distal,250.0,200.0,34,post_swap,GCAMP17,97,2
35,3,GCAMP17_3_35,False,370,320,swap_distal,250.0,200.0,35,post_swap,GCAMP17,64,1
36,3,GCAMP17_3_36,True,370,320,swap_distal,250.0,200.0,36,post_swap,GCAMP17,79,6
37,3,GCAMP17_3_37,False,370,320,swap_distal,250.0,200.0,37,post_swap,GCAMP17,67,10
38,3,GCAMP17_3_38,False,370,320,swap_distal,250.0,200.0,38,post_swap,GCAMP17,67,10
39,3,GCAMP17_3_39,True,370,320,swap_distal,250.0,200.0,39,post_swap,GCAMP17,29,6
40,3,GCAMP17_3_40,False,370,320,swap_distal,250.0,200.0,40,post_swap,GCAMP17,67,10
41,3,GCAMP17_3_41,False,370,320,swap_distal,250.0,200.0,41,post_swap,GCAMP17,64,1
42,3,GCAMP17_3_42,False,370,320,swap_distal,250.0,200.0,42,post_swap,GCAMP17,41,2
43,3,GCAMP17_3_43,False,370,320,swap_distal,250.0,200.0,43,post_swap,GCAMP17,1,2
44,3,GCAMP17_3_44,False,370,320,swap_distal,250.0,200.0,44,post_swap,GCAMP17,67,10
45,3,GCAMP17_3_45,False,370,320,swap_distal,250.0,200.0,45,post_swap,GCAMP17,67,1
46,3,GCAMP17_3_46,False,370,320,swap_distal,250.0,200.0,46,post_swap,GCAMP17,95,0
47,3,GCAMP17_3_47,False,370,320,swap_distal,250.0,200.0,47,post_swap,GCAMP17,21,2
48,3,GCAMP17_3_48,True,370,320,swap_distal,250.0,200.0,48,post_swap,GCAMP17,3,0
49,3,GCAMP17_3_49,True,370,320,swap_distal,250.0,200.0,49,post_swap,GCAMP17,86,10
50,3,GCAMP17_3_50,False,370,320,swap_distal,250.0,200.0,50,post_swap,GCAMP17,67,1
51,3,GCAMP17_3_51,False,370,320,swap_distal,250.0,200.0,51,post_swap,GCAMP17,67,1
52,3,GCAMP17_3_52,True,370,320,swap_distal,250.0,200.0,52,post_swap,GCAMP17,86,10
53,3,GCAMP17_3_53,False,370,320,swap_distal,250.0,200.0,53,post_swap,GCAMP17,67,1
54,3,GCAMP17_3_54,False,370,320,swap_distal,250.0,200.0,54,post_swap,GCAMP17,95,2
55,3,GCAMP17_3_55,False,370,320,swap_distal,250.0,200.0,55,post_swap,GCAMP17,38,2
56,3,GCAMP17_3_56,False,370,320,swap_distal,250.0,200.0,56,post_swap,GCAMP17,67,1
57,3,GCAMP17_3_57,False,370,320,swap_distal,250.0,200.0,57,post_swap,GCAMP17,67,1
58,3,GCAMP17_3_58,False,370,320,swap_distal,250.0,200.0,58,post_swap,GCAMP17,67,10
59,3,GCAMP17_3_59,True,370,320,swap_distal,250.0,200.0,59,post_swap,GCAMP17,86,10
60,3,GCAMP17_3_60,False,370,320,swap_distal,250.0,200.0,60,post_swap,GCAMP17,67,10
61,3,GCAMP17_3_61,False,370,320,swap_distal,250.0,200.0,61,post_swap,GCAMP17,67,1
62,3,GCAMP17_3_62,True,370,320,swap_distal,250.0,200.0,62,post_swap,GCAMP17,86,10
63,3,GCAMP17_3_63,False,370,320,swap_distal,250.0,200.0,63,post_swap,GCAMP17,65,1
64,3,GCAMP17_3_64,False,370,320,swap_distal,250.0,200.0,64,post_swap,GCAMP17,64,1
65,3,GCAMP17_3_65,False,370,320,swap_distal,250.0,200.0,65,post_swap,GCAMP17,98,8
66,3,GCAMP17_3_66,False,370,320,swap_distal,250.0,200.0,66,post_swap,GCAMP17,65,1
67,3,GCAMP17_3_67,False,370,320,swap_distal,250.0,200.0,67,post_swap,GCAMP17,1,1
68,3,GCAMP17_3_68,False,370,320,swap_distal,250.0,200.0,68,post_swap,GCAMP17,65,1
69,3,GCAMP17_3_69,False,370,320,swap_distal,250.0,200.0,69,post_swap,GCAMP17,65,1
70,3,GCAMP17_3_70,False,370,320,swap_distal,250.0,200.0,70,post_swap,GCAMP17,21,2
71,3,GCAMP17_3_71,False,370,320,swap_distal,250.0,200.0,71,post_swap,GCAMP17,65,1
72,3,GCAMP17_3_72,False,370,320,swap_distal,250.0,200.0,72,post_swap,GCAMP17,67,10
73,3,GCAMP17_3_73,False,370,320,swap_distal,250.0,200.0,73,post_swap,GCAMP17,95,1
74,3,GCAMP17_3_74,False,370,320,swap_distal,250.0,200.0,74,post_swap,GCAMP17,65,1
75,3,GCAMP17_3_75,False,370,320,swap_distal,250.0,200.0,75,post_swap,GCAMP17,64,1
76,3,GCAMP17_3_76,True,370,320,swap_distal,250.0,200.0,76,post_swap,GCAMP17,22,0
77,3,GCAMP17_3_77,False,370,320,swap_distal,250.0,200.0,77,post_swap,GCAMP17,67,1
78,3,GCAMP17_3_78,False,370,320,swap_distal,250.0,200.0,78,post_swap,GCAMP17,64,1
79,3,GCAMP17_3_79,False,370,320,swap_distal,250.0,200.0,79,post_swap,GCAMP17,36,6
0,5,GCAMP17_5_0,False,370,320,swap_proximal,130.0,80.0,0,pre_swap,GCAMP17,67,1
1,5,GCAMP17_5_1,False,370,320,swap_proximal,130.0,80.0,1,pre_swap,GCAMP17,67,10
2,5,GCAMP17_5_2,False,370,320,swap_proximal,130.0,80.0,2,pre_swap,GCAMP17,78,10
3,5,GCAMP17_5_3,False,370,320,swap_proximal,130.0,80.0,3,pre_swap,GCAMP17,36,6
4,5,GCAMP17_5_4,False,370,320,swap_proximal,130.0,80.0,4,pre_swap,GCAMP17,65,1
5,5,GCAMP17_5_5,False,370,320,swap_proximal,130.0,80.0,5,pre_swap,GCAMP17,65,1
6,5,GCAMP17_5_6,False,370,320,swap_proximal,130.0,80.0,6,pre_swap,GCAMP17,25,2
7,5,GCAMP17_5_7,False,370,320,swap_proximal,130.0,80.0,7,pre_swap,GCAMP17,98,2
8,5,GCAMP17_5_8,False,370,320,swap_proximal,130.0,80.0,8,pre_swap,GCAMP17,36,1
9,5,GCAMP17_5_9,False,370,320,swap_proximal,130.0,80.0,9,pre_swap,GCAMP17,91,2
10,5,GCAMP17_5_10,False,370,320,swap_proximal,130.0,80.0,10,pre_swap,GCAMP17,-1,10
11,5,GCAMP17_5_11,False,370,320,swap_proximal,130.0,80.0,11,pre_swap,GCAMP17,91,2
12,5,GCAMP17_5_12,False,370,320,swap_proximal,130.0,80.0,12,pre_swap,GCAMP17,36,6
13,5,GCAMP17_5_13,True,370,320,swap_proximal,130.0,80.0,13,pre_swap,GCAMP17,86,10
14,5,GCAMP17_5_14,True,370,320,swap_proximal,130.0,80.0,14,pre_swap,GCAMP17,86,10
15,5,GCAMP17_5_15,True,370,320,swap_proximal,130.0,80.0,15,pre_swap,GCAMP17,86,10
16,5,GCAMP17_5_16,False,370,320,swap_proximal,130.0,80.0,16,pre_swap,GCAMP17,67,10
17,5,GCAMP17_5_17,False,370,320,swap_proximal,130.0,80.0,17,pre_swap,GCAMP17,1,2
18,5,GCAMP17_5_18,False,370,320,swap_proximal,130.0,80.0,18,pre_swap,GCAMP17,90,0
19,5,GCAMP17_5_19,False,370,320,swap_proximal,130.0,80.0,19,pre_swap,GCAMP17,67,1
20,5,GCAMP17_5_20,False,370,320,swap_proximal,130.0,80.0,20,pre_swap,GCAMP17,67,10
21,5,GCAMP17_5_21,True,370,320,swap_proximal,130.0,80.0,21,pre_swap,GCAMP17,3,6
22,5,GCAMP17_5_22,False,370,320,swap_proximal,130.0,80.0,22,pre_swap,GCAMP17,67,10
23,5,GCAMP17_5_23,False,370,320,swap_proximal,130.0,80.0,23,pre_swap,GCAMP17,36,1
24,5,GCAMP17_5_24,True,370,320,swap_proximal,130.0,80.0,24,pre_swap,GCAMP17,22,6
25,5,GCAMP17_5_25,False,370,320,swap_proximal,130.0,80.0,25,pre_swap,GCAMP17,67,10
26,5,GCAMP17_5_26,False,370,320,swap_proximal,130.0,80.0,26,pre_swap,GCAMP17,-1,6
27,5,GCAMP17_5_27,False,370,320,swap_proximal,130.0,80.0,27,pre_swap,GCAMP17,41,2
28,5,GCAMP17_5_28,True,370,320,swap_proximal,130.0,80.0,28,pre_swap,GCAMP17,22,0
29,5,GCAMP17_5_29,False,370,320,swap_proximal,130.0,80.0,29,pre_swap,GCAMP17,67,10
30,5,GCAMP17_5_30,False,130,80,swap_proximal,370.0,320.0,30,post_swap,GCAMP17,79,6
31,5,GCAMP17_5_31,False,130,80,swap_proximal,370.0,320.0,31,post_swap,GCAMP17,48,8
32,5,GCAMP17_5_32,False,130,80,swap_proximal,370.0,320.0,32,post_swap,GCAMP17,86,10
33,5,GCAMP17_5_33,False,130,80,swap_proximal,370.0,320.0,33,post_swap,GCAMP17,86,10
34,5,GCAMP17_5_34,False,130,80,swap_proximal,370.0,320.0,34,post_swap,GCAMP17,48,8
35,5,GCAMP17_5_35,False,130,80,swap_proximal,370.0,320.0,35,post_swap,GCAMP17,86,10
36,5,GCAMP17_5_36,False,130,80,swap_proximal,370.0,320.0,36,post_swap,GCAMP17,86,10
37,5,GCAMP17_5_37,False,130,80,swap_proximal,370.0,320.0,37,post_swap,GCAMP17,86,10
38,5,GCAMP17_5_38,False,130,80,swap_proximal,370.0,320.0,38,post_swap,GCAMP17,86,10
39,5,GCAMP17_5_39,False,130,80,swap_proximal,370.0,320.0,39,post_swap,GCAMP17,86,10
40,5,GCAMP17_5_40,False,130,80,swap_proximal,370.0,320.0,40,post_swap,GCAMP17,86,10
41,5,GCAMP17_5_41,False,130,80,swap_proximal,370.0,320.0,41,post_swap,GCAMP17,86,10
42,5,GCAMP17_5_42,False,130,80,swap_proximal,370.0,320.0,42,post_swap,GCAMP17,86,10
43,5,GCAMP17_5_43,False,130,80,swap_proximal,370.0,320.0,43,post_swap,GCAMP17,48,8
44,5,GCAMP17_5_44,False,130,80,swap_proximal,370.0,320.0,44,post_swap,GCAMP17,86,10
45,5,GCAMP17_5_45,False,130,80,swap_proximal,370.0,320.0,45,post_swap,GCAMP17,86,10
46,5,GCAMP17_5_46,False,130,80,swap_proximal,370.0,320.0,46,post_swap,GCAMP17,86,10
47,5,GCAMP17_5_47,False,130,80,swap_proximal,370.0,320.0,47,post_swap,GCAMP17,86,8
48,5,GCAMP17_5_48,False,130,80,swap_proximal,370.0,320.0,48,post_swap,GCAMP17,86,10
49,5,GCAMP17_5_49,False,130,80,swap_proximal,370.0,320.0,49,post_swap,GCAMP17,86,10
50,5,GCAMP17_5_50,False,130,80,swap_proximal,370.0,320.0,50,post_swap,GCAMP17,48,8
51,5,GCAMP17_5_51,False,130,80,swap_proximal,370.0,320.0,51,post_swap,GCAMP17,86,10
52,5,GCAMP17_5_52,False,130,80,swap_proximal,370.0,320.0,52,post_swap,GCAMP17,86,10
53,5,GCAMP17_5_53,False,130,80,swap_proximal,370.0,320.0,53,post_swap,GCAMP17,86,10
54,5,GCAMP17_5_54,False,130,80,swap_proximal,370.0,320.0,54,post_swap,GCAMP17,48,8
55,5,GCAMP17_5_55,True,130,80,swap_proximal,370.0,320.0,55,post_swap,GCAMP17,86,10
56,5,GCAMP17_5_56,False,130,80,swap_proximal,370.0,320.0,56,post_swap,GCAMP17,86,10
57,5,GCAMP17_5_57,False,130,80,swap_proximal,370.0,320.0,57,post_swap,GCAMP17,48,8
58,5,GCAMP17_5_58,False,130,80,swap_proximal,370.0,320.0,58,post_swap,GCAMP17,86,10
59,5,GCAMP17_5_59,True,130,80,swap_proximal,370.0,320.0,59,post_swap,GCAMP17,86,10
60,5,GCAMP17_5_60,False,130,80,swap_proximal,370.0,320.0,60,post_swap,GCAMP17,-1,10
61,5,GCAMP17_5_61,False,130,80,swap_proximal,370.0,320.0,61,post_swap,GCAMP17,48,8
62,5,GCAMP17_5_62,False,130,80,swap_proximal,370.0,320.0,62,post_swap,GCAMP17,48,8
63,5,GCAMP17_5_63,True,130,80,swap_proximal,370.0,320.0,63,post_swap,GCAMP17,86,10
64,5,GCAMP17_5_64,False,130,80,swap_proximal,370.0,320.0,64,post_swap,GCAMP17,48,8
65,5,GCAMP17_5_65,False,130,80,swap_proximal,370.0,320.0,65,post_swap,GCAMP17,48,8
66,5,GCAMP17_5_66,True,130,80,swap_proximal,370.0,320.0,66,post_swap,GCAMP17,67,10
67,5,GCAMP17_5_67,False,130,80,swap_proximal,370.0,320.0,67,post_swap,GCAMP17,48,8
68,5,GCAMP17_5_68,False,130,80,swap_proximal,370.0,320.0,68,post_swap,GCAMP17,48,8
69,5,GCAMP17_5_69,False,130,80,swap_proximal,370.0,320.0,69,post_swap,GCAMP17,86,10
70,5,GCAMP17_5_70,False,130,80,swap_proximal,370.0,320.0,70,post_swap,GCAMP17,86,10
71,5,GCAMP17_5_71,False,130,80,swap_proximal,370.0,320.0,71,post_swap,GCAMP17,86,10
72,5,GCAMP17_5_72,False,130,80,swap_proximal,370.0,320.0,72,post_swap,GCAMP17,48,8
73,5,GCAMP17_5_73,False,130,80,swap_proximal,370.0,320.0,73,post_swap,GCAMP17,48,8
74,5,GCAMP17_5_74,True,130,80,swap_proximal,370.0,320.0,74,post_swap,GCAMP17,86,10
75,5,GCAMP17_5_75,False,130,80,swap_proximal,370.0,320.0,75,post_swap,GCAMP17,86,10
76,5,GCAMP17_5_76,True,130,80,swap_proximal,370.0,320.0,76,post_swap,GCAMP17,86,10
77,5,GCAMP17_5_77,False,130,80,swap_proximal,370.0,320.0,77,post_swap,GCAMP17,86,10
78,5,GCAMP17_5_78,False,130,80,swap_proximal,370.0,320.0,78,post_swap,GCAMP17,48,8
79,5,GCAMP17_5_79,False,130,80,swap_proximal,370.0,320.0,79,post_swap,GCAMP17,48,8
0,7,GCAMP17_7_0,False,130,80,swap_distal,250.0,200.0,0,pre_swap,GCAMP17,86,10
1,7,GCAMP17_7_1,False,130,80,swap_distal,250.0,200.0,1,pre_swap,GCAMP17,48,10
2,7,GCAMP17_7_2,False,130,80,swap_distal,250.0,200.0,2,pre_swap,GCAMP17,72,7
3,7,GCAMP17_7_3,False,130,80,swap_distal,250.0,200.0,3,pre_swap,GCAMP17,72,7
4,7,GCAMP17_7_4,False,130,80,swap_distal,250.0,200.0,4,pre_swap,GCAMP17,48,8
5,7,GCAMP17_7_5,False,130,80,swap_distal,250.0,200.0,5,pre_swap,GCAMP17,72,7
6,7,GCAMP17_7_6,True,130,80,swap_distal,250.0,200.0,6,pre_swap,GCAMP17,83,9
7,7,GCAMP17_7_7,False,130,80,swap_distal,250.0,200.0,7,pre_swap,GCAMP17,72,8
8,7,GCAMP17_7_8,False,130,80,swap_distal,250.0,200.0,8,pre_swap,GCAMP17,40,7
9,7,GCAMP17_7_9,True,130,80,swap_distal,250.0,200.0,9,pre_swap,GCAMP17,53,10
10,7,GCAMP17_7_10,False,130,80,swap_distal,250.0,200.0,10,pre_swap,GCAMP17,72,7
11,7,GCAMP17_7_11,True,130,80,swap_distal,250.0,200.0,11,pre_swap,GCAMP17,85,10
12,7,GCAMP17_7_12,False,130,80,swap_distal,250.0,200.0,12,pre_swap,GCAMP17,40,8
13,7,GCAMP17_7_13,False,130,80,swap_distal,250.0,200.0,13,pre_swap,GCAMP17,40,7
14,7,GCAMP17_7_14,False,130,80,swap_distal,250.0,200.0,14,pre_swap,GCAMP17,48,8
15,7,GCAMP17_7_15,False,130,80,swap_distal,250.0,200.0,15,pre_swap,GCAMP17,72,7
16,7,GCAMP17_7_16,False,130,80,swap_distal,250.0,200.0,16,pre_swap,GCAMP17,40,8
17,7,GCAMP17_7_17,False,130,80,swap_distal,250.0,200.0,17,pre_swap,GCAMP17,40,9
18,7,GCAMP17_7_18,False,130,80,swap_distal,250.0,200.0,18,pre_swap,GCAMP17,40,7
19,7,GCAMP17_7_19,False,130,80,swap_distal,250.0,200.0,19,pre_swap,GCAMP17,71,7
20,7,GCAMP17_7_20,False,130,80,swap_distal,250.0,200.0,20,pre_swap,GCAMP17,72,7
21,7,GCAMP17_7_21,False,130,80,swap_distal,250.0,200.0,21,pre_swap,GCAMP17,72,7
22,7,GCAMP17_7_22,False,130,80,swap_distal,250.0,200.0,22,pre_swap,GCAMP17,67,10
23,7,GCAMP17_7_23,False,130,80,swap_distal,250.0,200.0,23,pre_swap,GCAMP17,40,7
24,7,GCAMP17_7_24,False,130,80,swap_distal,250.0,200.0,24,pre_swap,GCAMP17,47,8
25,7,GCAMP17_7_25,False,130,80,swap_distal,250.0,200.0,25,pre_swap,GCAMP17,72,7
26,7,GCAMP17_7_26,True,130,80,swap_distal,250.0,200.0,26,pre_swap,GCAMP17,67,10
27,7,GCAMP17_7_27,False,130,80,swap_distal,250.0,200.0,27,pre_swap,GCAMP17,40,9
28,7,GCAMP17_7_28,True,130,80,swap_distal,250.0,200.0,28,pre_swap,GCAMP17,67,10
29,7,GCAMP17_7_29,False,130,80,swap_distal,250.0,200.0,29,pre_swap,GCAMP17,48,8
30,7,GCAMP17_7_30,False,250,200,swap_distal,130.0,80.0,30,post_swap,GCAMP17,83,10
31,7,GCAMP17_7_31,False,250,200,swap_distal,130.0,80.0,31,post_swap,GCAMP17,86,10
32,7,GCAMP17_7_32,False,250,200,swap_distal,130.0,80.0,32,post_swap,GCAMP17,86,10
33,7,GCAMP17_7_33,False,250,200,swap_distal,130.0,80.0,33,post_swap,GCAMP17,86,10
34,7,GCAMP17_7_34,True,250,200,swap_distal,130.0,80.0,34,post_swap,GCAMP17,86,10
35,7,GCAMP17_7_35,True,250,200,swap_distal,130.0,80.0,35,post_swap,GCAMP17,86,10
36,7,GCAMP17_7_36,False,250,200,swap_distal,130.0,80.0,36,post_swap,GCAMP17,86,10
37,7,GCAMP17_7_37,False,250,200,swap_distal,130.0,80.0,37,post_swap,GCAMP17,86,10
38,7,GCAMP17_7_38,False,250,200,swap_distal,130.0,80.0,38,post_swap,GCAMP17,86,10
39,7,GCAMP17_7_39,False,250,200,swap_distal,130.0,80.0,39,post_swap,GCAMP17,85,10
40,7,GCAMP17_7_40,True,250,200,swap_distal,130.0,80.0,40,post_swap,GCAMP17,86,10
41,7,GCAMP17_7_41,False,250,200,swap_distal,130.0,80.0,41,post_swap,GCAMP17,67,10
42,7,GCAMP17_7_42,True,250,200,swap_distal,130.0,80.0,42,post_swap,GCAMP17,86,10
43,7,GCAMP17_7_43,False,250,200,swap_distal,130.0,80.0,43,post_swap,GCAMP17,86,10
44,7,GCAMP17_7_44,False,250,200,swap_distal,130.0,80.0,44,post_swap,GCAMP17,86,10
45,7,GCAMP17_7_45,False,250,200,swap_distal,130.0,80.0,45,post_swap,GCAMP17,85,10
46,7,GCAMP17_7_46,False,250,200,swap_distal,130.0,80.0,46,post_swap,GCAMP17,83,10
47,7,GCAMP17_7_47,True,250,200,swap_distal,130.0,80.0,47,post_swap,GCAMP17,86,10
48,7,GCAMP17_7_48,False,250,200,swap_distal,130.0,80.0,48,post_swap,GCAMP17,86,10
49,7,GCAMP17_7_49,False,250,200,swap_distal,130.0,80.0,49,post_swap,GCAMP17,83,9
50,7,GCAMP17_7_50,False,250,200,swap_distal,130.0,80.0,50,post_swap,GCAMP17,83,9
51,7,GCAMP17_7_51,False,250,200,swap_distal,130.0,80.0,51,post_swap,GCAMP17,83,9
52,7,GCAMP17_7_52,False,250,200,swap_distal,130.0,80.0,52,post_swap,GCAMP17,83,9
53,7,GCAMP17_7_53,False,250,200,swap_distal,130.0,80.0,53,post_swap,GCAMP17,83,9
54,7,GCAMP17_7_54,False,250,200,swap_distal,130.0,80.0,54,post_swap,GCAMP17,82,1
55,7,GCAMP17_7_55,False,250,200,swap_distal,130.0,80.0,55,post_swap,GCAMP17,65,1
56,7,GCAMP17_7_56,True,250,200,swap_distal,130.0,80.0,56,post_swap,GCAMP17,86,10
57,7,GCAMP17_7_57,False,250,200,swap_distal,130.0,80.0,57,post_swap,GCAMP17,85,10
58,7,GCAMP17_7_58,False,250,200,swap_distal,130.0,80.0,58,post_swap,GCAMP17,83,9
59,7,GCAMP17_7_59,False,250,200,swap_distal,130.0,80.0,59,post_swap,GCAMP17,83,1
60,7,GCAMP17_7_60,False,250,200,swap_distal,130.0,80.0,60,post_swap,GCAMP17,67,10
61,7,GCAMP17_7_61,False,250,200,swap_distal,130.0,80.0,61,post_swap,GCAMP17,83,5
62,7,GCAMP17_7_62,False,250,200,swap_distal,130.0,80.0,62,post_swap,GCAMP17,83,9
63,7,GCAMP17_7_63,False,250,200,swap_distal,130.0,80.0,63,post_swap,GCAMP17,52,5
64,7,GCAMP17_7_64,False,250,200,swap_distal,130.0,80.0,64,post_swap,GCAMP17,83,9
65,7,GCAMP17_7_65,False,250,200,swap_distal,130.0,80.0,65,post_swap,GCAMP17,83,1
66,7,GCAMP17_7_66,False,250,200,swap_distal,130.0,80.0,66,post_swap,GCAMP17,85,9
67,7,GCAMP17_7_67,False,250,200,swap_distal,130.0,80.0,67,post_swap,GCAMP17,82,5
68,7,GCAMP17_7_68,False,250,200,swap_distal,130.0,80.0,68,post_swap,GCAMP17,83,9
69,7,GCAMP17_7_69,False,250,200,swap_distal,130.0,80.0,69,post_swap,GCAMP17,82,5
70,7,GCAMP17_7_70,True,250,200,swap_distal,130.0,80.0,70,post_swap,GCAMP17,86,10
71,7,GCAMP17_7_71,False,250,200,swap_distal,130.0,80.0,71,post_swap,GCAMP17,83,9
72,7,GCAMP17_7_72,False,250,200,swap_distal,130.0,80.0,72,post_swap,GCAMP17,83,10
73,7,GCAMP17_7_73,False,250,200,swap_distal,130.0,80.0,73,post_swap,GCAMP17,85,10
74,7,GCAMP17_7_74,False,250,200,swap_distal,130.0,80.0,74,post_swap,GCAMP17,83,5
75,7,GCAMP17_7_75,False,250,200,swap_distal,130.0,80.0,75,post_swap,GCAMP17,83,5
76,7,GCAMP17_7_76,False,250,200,swap_distal,130.0,80.0,76,post_swap,GCAMP17,52,5
77,7,GCAMP17_7_77,False,250,200,swap_distal,130.0,80.0,77,post_swap,GCAMP17,52,5
78,7,GCAMP17_7_78,False,250,200,swap_distal,130.0,80.0,78,post_swap,GCAMP17,52,9
79,7,GCAMP17_7_79,False,250,200,swap_distal,130.0,80.0,79,post_swap,GCAMP17,85,10
0,8,GCAMP17_8_0,False,250,200,swap_proximal,130.0,80.0,0,pre_swap,GCAMP17,83,9
1,8,GCAMP17_8_1,True,250,200,swap_proximal,130.0,80.0,1,pre_swap,GCAMP17,78,6
2,8,GCAMP17_8_2,False,250,200,swap_proximal,130.0,80.0,2,pre_swap,GCAMP17,83,9
3,8,GCAMP17_8_3,False,250,200,swap_proximal,130.0,80.0,3,pre_swap,GCAMP17,4,4
4,8,GCAMP17_8_4,False,250,200,swap_proximal,130.0,80.0,4,pre_swap,GCAMP17,52,5
5,8,GCAMP17_8_5,True,250,200,swap_proximal,130.0,80.0,5,pre_swap,GCAMP17,86,10
6,8,GCAMP17_8_6,False,250,200,swap_proximal,130.0,80.0,6,pre_swap,GCAMP17,83,9
7,8,GCAMP17_8_7,False,250,200,swap_proximal,130.0,80.0,7,pre_swap,GCAMP17,51,5
8,8,GCAMP17_8_8,True,250,200,swap_proximal,130.0,80.0,8,pre_swap,GCAMP17,67,10
9,8,GCAMP17_8_9,True,250,200,swap_proximal,130.0,80.0,9,pre_swap,GCAMP17,78,10
10,8,GCAMP17_8_10,False,250,200,swap_proximal,130.0,80.0,10,pre_swap,GCAMP17,83,9
11,8,GCAMP17_8_11,False,250,200,swap_proximal,130.0,80.0,11,pre_swap,GCAMP17,79,6
12,8,GCAMP17_8_12,False,250,200,swap_proximal,130.0,80.0,12,pre_swap,GCAMP17,52,5
13,8,GCAMP17_8_13,False,250,200,swap_proximal,130.0,80.0,13,pre_swap,GCAMP17,4,4
14,8,GCAMP17_8_14,False,250,200,swap_proximal,130.0,80.0,14,pre_swap,GCAMP17,4,5
15,8,GCAMP17_8_15,False,250,200,swap_proximal,130.0,80.0,15,pre_swap,GCAMP17,4,4
16,8,GCAMP17_8_16,False,250,200,swap_proximal,130.0,80.0,16,pre_swap,GCAMP17,4,4
17,8,GCAMP17_8_17,False,250,200,swap_proximal,130.0,80.0,17,pre_swap,GCAMP17,52,5
18,8,GCAMP17_8_18,False,250,200,swap_proximal,130.0,80.0,18,pre_swap,GCAMP17,51,5
19,8,GCAMP17_8_19,False,250,200,swap_proximal,130.0,80.0,19,pre_swap,GCAMP17,17,5
20,8,GCAMP17_8_20,False,250,200,swap_proximal,130.0,80.0,20,pre_swap,GCAMP17,9,2
21,8,GCAMP17_8_21,False,250,200,swap_proximal,130.0,80.0,21,pre_swap,GCAMP17,83,9
22,8,GCAMP17_8_22,False,250,200,swap_proximal,130.0,80.0,22,pre_swap,GCAMP17,82,5
23,8,GCAMP17_8_23,False,250,200,swap_proximal,130.0,80.0,23,pre_swap,GCAMP17,52,5
24,8,GCAMP17_8_24,False,250,200,swap_proximal,130.0,80.0,24,pre_swap,GCAMP17,83,9
25,8,GCAMP17_8_25,False,250,200,swap_proximal,130.0,80.0,25,pre_swap,GCAMP17,23,2
26,8,GCAMP17_8_26,False,250,200,swap_proximal,130.0,80.0,26,pre_swap,GCAMP17,83,5
27,8,GCAMP17_8_27,False,250,200,swap_proximal,130.0,80.0,27,pre_swap,GCAMP17,82,5
28,8,GCAMP17_8_28,True,250,200,swap_proximal,130.0,80.0,28,pre_swap,GCAMP17,65,1
29,8,GCAMP17_8_29,True,250,200,swap_proximal,130.0,80.0,29,pre_swap,GCAMP17,86,10
30,8,GCAMP17_8_30,False,130,80,swap_proximal,250.0,200.0,30,post_swap,GCAMP17,48,8
31,8,GCAMP17_8_31,False,130,80,swap_proximal,250.0,200.0,31,post_swap,GCAMP17,72,8
32,8,GCAMP17_8_32,False,130,80,swap_proximal,250.0,200.0,32,post_swap,GCAMP17,40,7
33,8,GCAMP17_8_33,False,130,80,swap_proximal,250.0,200.0,33,post_swap,GCAMP17,48,8
34,8,GCAMP17_8_34,False,130,80,swap_proximal,250.0,200.0,34,post_swap,GCAMP17,72,8
35,8,GCAMP17_8_35,False,130,80,swap_proximal,250.0,200.0,35,post_swap,GCAMP17,40,7
36,8,GCAMP17_8_36,False,130,80,swap_proximal,250.0,200.0,36,post_swap,GCAMP17,48,8
37,8,GCAMP17_8_37,False,130,80,swap_proximal,250.0,200.0,37,post_swap,GCAMP17,40,8
38,8,GCAMP17_8_38,False,130,80,swap_proximal,250.0,200.0,38,post_swap,GCAMP17,72,8
39,8,GCAMP17_8_39,False,130,80,swap_proximal,250.0,200.0,39,post_swap,GCAMP17,71,7
40,8,GCAMP17_8_40,False,130,80,swap_proximal,250.0,200.0,40,post_swap,GCAMP17,40,7
41,8,GCAMP17_8_41,False,130,80,swap_proximal,250.0,200.0,41,post_swap,GCAMP17,40,7
42,8,GCAMP17_8_42,False,130,80,swap_proximal,250.0,200.0,42,post_swap,GCAMP17,40,7
43,8,GCAMP17_8_43,False,130,80,swap_proximal,250.0,200.0,43,post_swap,GCAMP17,40,7
44,8,GCAMP17_8_44,False,130,80,swap_proximal,250.0,200.0,44,post_swap,GCAMP17,47,8
45,8,GCAMP17_8_45,False,130,80,swap_proximal,250.0,200.0,45,post_swap,GCAMP17,40,7
46,8,GCAMP17_8_46,False,130,80,swap_proximal,250.0,200.0,46,post_swap,GCAMP17,40,3
47,8,GCAMP17_8_47,False,130,80,swap_proximal,250.0,200.0,47,post_swap,GCAMP17,40,7
48,8,GCAMP17_8_48,False,130,80,swap_proximal,250.0,200.0,48,post_swap,GCAMP17,40,8
49,8,GCAMP17_8_49,False,130,80,swap_proximal,250.0,200.0,49,post_swap,GCAMP17,40,7
50,8,GCAMP17_8_50,False,130,80,swap_proximal,250.0,200.0,50,post_swap,GCAMP17,71,8
51,8,GCAMP17_8_51,False,130,80,swap_proximal,250.0,200.0,51,post_swap,GCAMP17,40,7
52,8,GCAMP17_8_52,False,130,80,swap_proximal,250.0,200.0,52,post_swap,GCAMP17,40,3
53,8,GCAMP17_8_53,False,130,80,swap_proximal,250.0,200.0,53,post_swap,GCAMP17,48,8
54,8,GCAMP17_8_54,False,130,80,swap_proximal,250.0,200.0,54,post_swap,GCAMP17,40,7
55,8,GCAMP17_8_55,False,130,80,swap_proximal,250.0,200.0,55,post_swap,GCAMP17,72,7
56,8,GCAMP17_8_56,False,130,80,swap_proximal,250.0,200.0,56,post_swap,GCAMP17,40,7
57,8,GCAMP17_8_57,False,130,80,swap_proximal,250.0,200.0,57,post_swap,GCAMP17,40,9
58,8,GCAMP17_8_58,False,130,80,swap_proximal,250.0,200.0,58,post_swap,GCAMP17,40,7
59,8,GCAMP17_8_59,False,130,80,swap_proximal,250.0,200.0,59,post_swap,GCAMP17,40,7
60,8,GCAMP17_8_60,False,130,80,swap_proximal,250.0,200.0,60,post_swap,GCAMP17,48,8
61,8,GCAMP17_8_61,False,130,80,swap_proximal,250.0,200.0,61,post_swap,GCAMP17,40,7
62,8,GCAMP17_8_62,False,130,80,swap_proximal,250.0,200.0,62,post_swap,GCAMP17,40,7
63,8,GCAMP17_8_63,True,130,80,swap_proximal,250.0,200.0,63,post_swap,GCAMP17,86,10
64,8,GCAMP17_8_64,False,130,80,swap_proximal,250.0,200.0,64,post_swap,GCAMP17,40,7
65,8,GCAMP17_8_65,False,130,80,swap_proximal,250.0,200.0,65,post_swap,GCAMP17,40,7
66,8,GCAMP17_8_66,True,130,80,swap_proximal,250.0,200.0,66,post_swap,GCAMP17,86,10
67,8,GCAMP17_8_67,False,130,80,swap_proximal,250.0,200.0,67,post_swap,GCAMP17,40,9
68,8,GCAMP17_8_68,False,130,80,swap_proximal,250.0,200.0,68,post_swap,GCAMP17,40,7
69,8,GCAMP17_8_69,True,130,80,swap_proximal,250.0,200.0,69,post_swap,GCAMP17,53,1
70,8,GCAMP17_8_70,False,130,80,swap_proximal,250.0,200.0,70,post_swap,GCAMP17,40,7
71,8,GCAMP17_8_71,False,130,80,swap_proximal,250.0,200.0,71,post_swap,GCAMP17,39,3
72,8,GCAMP17_8_72,False,130,80,swap_proximal,250.0,200.0,72,post_swap,GCAMP17,40,7
73,8,GCAMP17_8_73,False,130,80,swap_proximal,250.0,200.0,73,post_swap,GCAMP17,40,7
74,8,GCAMP17_8_74,False,130,80,swap_proximal,250.0,200.0,74,post_swap,GCAMP17,40,7
75,8,GCAMP17_8_75,True,130,80,swap_proximal,250.0,200.0,75,post_swap,GCAMP17,53,10
76,8,GCAMP17_8_76,False,130,80,swap_proximal,250.0,200.0,76,post_swap,GCAMP17,40,9
77,8,GCAMP17_8_77,False,130,80,swap_proximal,250.0,200.0,77,post_swap,GCAMP17,40,7
78,8,GCAMP17_8_78,False,130,80,swap_proximal,250.0,200.0,78,post_swap,GCAMP17,40,7
79,8,GCAMP17_8_79,False,130,80,swap_proximal,250.0,200.0,79,post_swap,GCAMP17,40,7
0,10,GCAMP17_10_0,True,130,80,swap_distal,370.0,320.0,0,pre_swap,GCAMP17,67,1
1,10,GCAMP17_10_1,False,130,80,swap_distal,370.0,320.0,1,pre_swap,GCAMP17,27,3
2,10,GCAMP17_10_2,False,130,80,swap_distal,370.0,320.0,2,pre_swap,GCAMP17,46,3
3,10,GCAMP17_10_3,False,130,80,swap_distal,370.0,320.0,3,pre_swap,GCAMP17,77,3
4,10,GCAMP17_10_4,False,130,80,swap_distal,370.0,320.0,4,pre_swap,GCAMP17,46,3
5,10,GCAMP17_10_5,False,130,80,swap_distal,370.0,320.0,5,pre_swap,GCAMP17,70,3
6,10,GCAMP17_10_6,False,130,80,swap_distal,370.0,320.0,6,pre_swap,GCAMP17,39,3
7,10,GCAMP17_10_7,True,130,80,swap_distal,370.0,320.0,7,pre_swap,GCAMP17,31,5
8,10,GCAMP17_10_8,False,130,80,swap_distal,370.0,320.0,8,pre_swap,GCAMP17,27,3
9,10,GCAMP17_10_9,False,130,80,swap_distal,370.0,320.0,9,pre_swap,GCAMP17,35,3
10,10,GCAMP17_10_10,False,130,80,swap_distal,370.0,320.0,10,pre_swap,GCAMP17,46,3
11,10,GCAMP17_10_11,False,130,80,swap_distal,370.0,320.0,11,pre_swap,GCAMP17,77,3
12,10,GCAMP17_10_12,False,130,80,swap_distal,370.0,320.0,12,pre_swap,GCAMP17,77,3
13,10,GCAMP17_10_13,False,130,80,swap_distal,370.0,320.0,13,pre_swap,GCAMP17,68,3
14,10,GCAMP17_10_14,False,130,80,swap_distal,370.0,320.0,14,pre_swap,GCAMP17,27,3
15,10,GCAMP17_10_15,False,130,80,swap_distal,370.0,320.0,15,pre_swap,GCAMP17,46,3
16,10,GCAMP17_10_16,False,130,80,swap_distal,370.0,320.0,16,pre_swap,GCAMP17,39,3
17,10,GCAMP17_10_17,False,130,80,swap_distal,370.0,320.0,17,pre_swap,GCAMP17,46,3
18,10,GCAMP17_10_18,False,130,80,swap_distal,370.0,320.0,18,pre_swap,GCAMP17,39,3
19,10,GCAMP17_10_19,False,130,80,swap_distal,370.0,320.0,19,pre_swap,GCAMP17,27,3
20,10,GCAMP17_10_20,False,130,80,swap_distal,370.0,320.0,20,pre_swap,GCAMP17,59,3
21,10,GCAMP17_10_21,False,130,80,swap_distal,370.0,320.0,21,pre_swap,GCAMP17,46,3
22,10,GCAMP17_10_22,False,130,80,swap_distal,370.0,320.0,22,pre_swap,GCAMP17,68,3
23,10,GCAMP17_10_23,False,130,80,swap_distal,370.0,320.0,23,pre_swap,GCAMP17,46,3
24,10,GCAMP17_10_24,False,130,80,swap_distal,370.0,320.0,24,pre_swap,GCAMP17,76,3
25,10,GCAMP17_10_25,False,130,80,swap_distal,370.0,320.0,25,pre_swap,GCAMP17,39,3
26,10,GCAMP17_10_26,False,130,80,swap_distal,370.0,320.0,26,pre_swap,GCAMP17,46,3
27,10,GCAMP17_10_27,False,130,80,swap_distal,370.0,320.0,27,pre_swap,GCAMP17,27,3
28,10,GCAMP17_10_28,False,130,80,swap_distal,370.0,320.0,28,pre_swap,GCAMP17,77,3
29,10,GCAMP17_10_29,False,130,80,swap_distal,370.0,320.0,29,pre_swap,GCAMP17,44,3
30,10,GCAMP17_10_30,True,370,320,swap_distal,130.0,80.0,30,post_swap,GCAMP17,31,5
31,10,GCAMP17_10_31,False,370,320,swap_distal,130.0,80.0,31,post_swap,GCAMP17,72,9
32,10,GCAMP17_10_32,False,370,320,swap_distal,130.0,80.0,32,post_swap,GCAMP17,31,9
33,10,GCAMP17_10_33,False,370,320,swap_distal,130.0,80.0,33,post_swap,GCAMP17,65,6
34,10,GCAMP17_10_34,False,370,320,swap_distal,130.0,80.0,34,post_swap,GCAMP17,65,1
35,10,GCAMP17_10_35,False,370,320,swap_distal,130.0,80.0,35,post_swap,GCAMP17,67,10
36,10,GCAMP17_10_36,False,370,320,swap_distal,130.0,80.0,36,post_swap,GCAMP17,65,6
37,10,GCAMP17_10_37,False,370,320,swap_distal,130.0,80.0,37,post_swap,GCAMP17,65,1
38,10,GCAMP17_10_38,False,370,320,swap_distal,130.0,80.0,38,post_swap,GCAMP17,67,1
39,10,GCAMP17_10_39,False,370,320,swap_distal,130.0,80.0,39,post_swap,GCAMP17,78,10
40,10,GCAMP17_10_40,True,370,320,swap_distal,130.0,80.0,40,post_swap,GCAMP17,86,10
41,10,GCAMP17_10_41,False,370,320,swap_distal,130.0,80.0,41,post_swap,GCAMP17,67,10
42,10,GCAMP17_10_42,False,370,320,swap_distal,130.0,80.0,42,post_swap,GCAMP17,67,1
43,10,GCAMP17_10_43,False,370,320,swap_distal,130.0,80.0,43,post_swap,GCAMP17,64,6
44,10,GCAMP17_10_44,False,370,320,swap_distal,130.0,80.0,44,post_swap,GCAMP17,64,6
45,10,GCAMP17_10_45,False,370,320,swap_distal,130.0,80.0,45,post_swap,GCAMP17,67,10
46,10,GCAMP17_10_46,True,370,320,swap_distal,130.0,80.0,46,post_swap,GCAMP17,86,10
47,10,GCAMP17_10_47,False,370,320,swap_distal,130.0,80.0,47,post_swap,GCAMP17,67,10
48,10,GCAMP17_10_48,False,370,320,swap_distal,130.0,80.0,48,post_swap,GCAMP17,78,10
49,10,GCAMP17_10_49,False,370,320,swap_distal,130.0,80.0,49,post_swap,GCAMP17,78,10
50,10,GCAMP17_10_50,False,370,320,swap_distal,130.0,80.0,50,post_swap,GCAMP17,67,10
51,10,GCAMP17_10_51,False,370,320,swap_distal,130.0,80.0,51,post_swap,GCAMP17,65,1
52,10,GCAMP17_10_52,False,370,320,swap_distal,130.0,80.0,52,post_swap,GCAMP17,65,1
53,10,GCAMP17_10_53,False,370,320,swap_distal,130.0,80.0,53,post_swap,GCAMP17,64,1
54,10,GCAMP17_10_54,False,370,320,swap_distal,130.0,80.0,54,post_swap,GCAMP17,36,1
55,10,GCAMP17_10_55,False,370,320,swap_distal,130.0,80.0,55,post_swap,GCAMP17,91,2
56,10,GCAMP17_10_56,False,370,320,swap_distal,130.0,80.0,56,post_swap,GCAMP17,65,1
57,10,GCAMP17_10_57,False,370,320,swap_distal,130.0,80.0,57,post_swap,GCAMP17,64,1
58,10,GCAMP17_10_58,False,370,320,swap_distal,130.0,80.0,58,post_swap,GCAMP17,65,1
59,10,GCAMP17_10_59,True,370,320,swap_distal,130.0,80.0,59,post_swap,GCAMP17,78,6
60,10,GCAMP17_10_60,False,370,320,swap_distal,130.0,80.0,60,post_swap,GCAMP17,67,10
61,10,GCAMP17_10_61,False,370,320,swap_distal,130.0,80.0,61,post_swap,GCAMP17,65,1
62,10,GCAMP17_10_62,False,370,320,swap_distal,130.0,80.0,62,post_swap,GCAMP17,36,1
63,10,GCAMP17_10_63,False,370,320,swap_distal,130.0,80.0,63,post_swap,GCAMP17,67,10
64,10,GCAMP17_10_64,False,370,320,swap_distal,130.0,80.0,64,post_swap,GCAMP17,36,1
65,10,GCAMP17_10_65,False,370,320,swap_distal,130.0,80.0,65,post_swap,GCAMP17,21,2
66,10,GCAMP17_10_66,True,370,320,swap_distal,130.0,80.0,66,post_swap,GCAMP17,3,0
67,10,GCAMP17_10_67,False,370,320,swap_distal,130.0,80.0,67,post_swap,GCAMP17,67,10
68,10,GCAMP17_10_68,False,370,320,swap_distal,130.0,80.0,68,post_swap,GCAMP17,64,6
69,10,GCAMP17_10_69,False,370,320,swap_distal,130.0,80.0,69,post_swap,GCAMP17,1,2
70,10,GCAMP17_10_70,False,370,320,swap_distal,130.0,80.0,70,post_swap,GCAMP17,91,2
71,10,GCAMP17_10_71,False,370,320,swap_distal,130.0,80.0,71,post_swap,GCAMP17,7,2
72,10,GCAMP17_10_72,True,370,320,swap_distal,130.0,80.0,72,post_swap,GCAMP17,78,6
73,10,GCAMP17_10_73,False,370,320,swap_distal,130.0,80.0,73,post_swap,GCAMP17,67,10
74,10,GCAMP17_10_74,False,370,320,swap_distal,130.0,80.0,74,post_swap,GCAMP17,99,2
75,10,GCAMP17_10_75,False,370,320,swap_distal,130.0,80.0,75,post_swap,GCAMP17,36,1
76,10,GCAMP17_10_76,False,370,320,swap_distal,130.0,80.0,76,post_swap,GCAMP17,-1,1
77,10,GCAMP17_10_77,False,370,320,swap_distal,130.0,80.0,77,post_swap,GCAMP17,36,1
78,10,GCAMP17_10_78,False,370,320,swap_distal,130.0,80.0,78,post_swap,GCAMP17,64,1
79,10,GCAMP17_10_79,False,370,320,swap_distal,130.0,80.0,79,post_swap,GCAMP17,41,6
0,12,GCAMP17_12_0,False,370,320,swap_proximal,250.0,200.0,0,pre_swap,GCAMP17,67,1
1,12,GCAMP17_12_1,False,370,320,swap_proximal,250.0,200.0,1,pre_swap,GCAMP17,36,1
2,12,GCAMP17_12_2,False,370,320,swap_proximal,250.0,200.0,2,pre_swap,GCAMP17,24,2
3,12,GCAMP17_12_3,False,370,320,swap_proximal,250.0,200.0,3,pre_swap,GCAMP17,95,2
4,12,GCAMP17_12_4,False,370,320,swap_proximal,250.0,200.0,4,pre_swap,GCAMP17,36,1
5,12,GCAMP17_12_5,True,370,320,swap_proximal,250.0,200.0,5,pre_swap,GCAMP17,57,0
6,12,GCAMP17_12_6,False,370,320,swap_proximal,250.0,200.0,6,pre_swap,GCAMP17,65,1
7,12,GCAMP17_12_7,False,370,320,swap_proximal,250.0,200.0,7,pre_swap,GCAMP17,90,2
8,12,GCAMP17_12_8,False,370,320,swap_proximal,250.0,200.0,8,pre_swap,GCAMP17,56,0
9,12,GCAMP17_12_9,False,370,320,swap_proximal,250.0,200.0,9,pre_swap,GCAMP17,67,10
10,12,GCAMP17_12_10,False,370,320,swap_proximal,250.0,200.0,10,pre_swap,GCAMP17,67,1
11,12,GCAMP17_12_11,False,370,320,swap_proximal,250.0,200.0,11,pre_swap,GCAMP17,36,1
12,12,GCAMP17_12_12,False,370,320,swap_proximal,250.0,200.0,12,pre_swap,GCAMP17,91,2
13,12,GCAMP17_12_13,False,370,320,swap_proximal,250.0,200.0,13,pre_swap,GCAMP17,2,2
14,12,GCAMP17_12_14,False,370,320,swap_proximal,250.0,200.0,14,pre_swap,GCAMP17,90,2
15,12,GCAMP17_12_15,False,370,320,swap_proximal,250.0,200.0,15,pre_swap,GCAMP17,36,1
16,12,GCAMP17_12_16,False,370,320,swap_proximal,250.0,200.0,16,pre_swap,GCAMP17,95,2
17,12,GCAMP17_12_17,False,370,320,swap_proximal,250.0,200.0,17,pre_swap,GCAMP17,95,2
18,12,GCAMP17_12_18,False,370,320,swap_proximal,250.0,200.0,18,pre_swap,GCAMP17,41,2
19,12,GCAMP17_12_19,False,370,320,swap_proximal,250.0,200.0,19,pre_swap,GCAMP17,24,1
20,12,GCAMP17_12_20,False,370,320,swap_proximal,250.0,200.0,20,pre_swap,GCAMP17,24,2
21,12,GCAMP17_12_21,False,370,320,swap_proximal,250.0,200.0,21,pre_swap,GCAMP17,65,6
22,12,GCAMP17_12_22,False,370,320,swap_proximal,250.0,200.0,22,pre_swap,GCAMP17,36,1
23,12,GCAMP17_12_23,False,370,320,swap_proximal,250.0,200.0,23,pre_swap,GCAMP17,95,2
24,12,GCAMP17_12_24,False,370,320,swap_proximal,250.0,200.0,24,pre_swap,GCAMP17,90,2
25,12,GCAMP17_12_25,False,370,320,swap_proximal,250.0,200.0,25,pre_swap,GCAMP17,65,1
26,12,GCAMP17_12_26,False,370,320,swap_proximal,250.0,200.0,26,pre_swap,GCAMP17,24,2
27,12,GCAMP17_12_27,False,370,320,swap_proximal,250.0,200.0,27,pre_swap,GCAMP17,-1,2
28,12,GCAMP17_12_28,False,370,320,swap_proximal,250.0,200.0,28,pre_swap,GCAMP17,90,2
29,12,GCAMP17_12_29,False,370,320,swap_proximal,250.0,200.0,29,pre_swap,GCAMP17,36,1
30,12,GCAMP17_12_30,False,250,200,swap_proximal,370.0,320.0,30,post_swap,GCAMP17,3,0
31,12,GCAMP17_12_31,False,250,200,swap_proximal,370.0,320.0,31,post_swap,GCAMP17,82,1
32,12,GCAMP17_12_32,False,250,200,swap_proximal,370.0,320.0,32,post_swap,GCAMP17,36,6
33,12,GCAMP17_12_33,False,250,200,swap_proximal,370.0,320.0,33,post_swap,GCAMP17,83,1
34,12,GCAMP17_12_34,False,250,200,swap_proximal,370.0,320.0,34,post_swap,GCAMP17,85,10
35,12,GCAMP17_12_35,False,250,200,swap_proximal,370.0,320.0,35,post_swap,GCAMP17,82,1
36,12,GCAMP17_12_36,False,250,200,swap_proximal,370.0,320.0,36,post_swap,GCAMP17,17,1
37,12,GCAMP17_12_37,True,250,200,swap_proximal,370.0,320.0,37,post_swap,GCAMP17,86,10
38,12,GCAMP17_12_38,True,250,200,swap_proximal,370.0,320.0,38,post_swap,GCAMP17,78,6
39,12,GCAMP17_12_39,False,250,200,swap_proximal,370.0,320.0,39,post_swap,GCAMP17,67,10
40,12,GCAMP17_12_40,False,250,200,swap_proximal,370.0,320.0,40,post_swap,GCAMP17,85,10
41,12,GCAMP17_12_41,False,250,200,swap_proximal,370.0,320.0,41,post_swap,GCAMP17,83,9
42,12,GCAMP17_12_42,False,250,200,swap_proximal,370.0,320.0,42,post_swap,GCAMP17,52,9
43,12,GCAMP17_12_43,False,250,200,swap_proximal,370.0,320.0,43,post_swap,GCAMP17,51,5
44,12,GCAMP17_12_44,True,250,200,swap_proximal,370.0,320.0,44,post_swap,GCAMP17,78,6
45,12,GCAMP17_12_45,False,250,200,swap_proximal,370.0,320.0,45,post_swap,GCAMP17,82,5
46,12,GCAMP17_12_46,False,250,200,swap_proximal,370.0,320.0,46,post_swap,GCAMP17,83,9
47,12,GCAMP17_12_47,False,250,200,swap_proximal,370.0,320.0,47,post_swap,GCAMP17,52,5
48,12,GCAMP17_12_48,False,250,200,swap_proximal,370.0,320.0,48,post_swap,GCAMP17,83,9
49,12,GCAMP17_12_49,False,250,200,swap_proximal,370.0,320.0,49,post_swap,GCAMP17,86,10
50,12,GCAMP17_12_50,True,250,200,swap_proximal,370.0,320.0,50,post_swap,GCAMP17,67,10
51,12,GCAMP17_12_51,False,250,200,swap_proximal,370.0,320.0,51,post_swap,GCAMP17,83,5
52,12,GCAMP17_12_52,True,250,200,swap_proximal,370.0,320.0,52,post_swap,GCAMP17,65,10
53,12,GCAMP17_12_53,False,250,200,swap_proximal,370.0,320.0,53,post_swap,GCAMP17,52,5
54,12,GCAMP17_12_54,True,250,200,swap_proximal,370.0,320.0,54,post_swap,GCAMP17,79,6
55,12,GCAMP17_12_55,False,250,200,swap_proximal,370.0,320.0,55,post_swap,GCAMP17,52,5
56,12,GCAMP17_12_56,True,250,200,swap_proximal,370.0,320.0,56,post_swap,GCAMP17,65,1
57,12,GCAMP17_12_57,True,250,200,swap_proximal,370.0,320.0,57,post_swap,GCAMP17,78,10
58,12,GCAMP17_12_58,False,250,200,swap_proximal,370.0,320.0,58,post_swap,GCAMP17,52,1
59,12,GCAMP17_12_59,True,250,200,swap_proximal,370.0,320.0,59,post_swap,GCAMP17,78,6
60,12,GCAMP17_12_60,False,250,200,swap_proximal,370.0,320.0,60,post_swap,GCAMP17,82,9
61,12,GCAMP17_12_61,False,250,200,swap_proximal,370.0,320.0,61,post_swap,GCAMP17,82,5
62,12,GCAMP17_12_62,False,250,200,swap_proximal,370.0,320.0,62,post_swap,GCAMP17,52,9
63,12,GCAMP17_12_63,True,250,200,swap_proximal,370.0,320.0,63,post_swap,GCAMP17,86,10
64,12,GCAMP17_12_64,True,250,200,swap_proximal,370.0,320.0,64,post_swap,GCAMP17,86,10
65,12,GCAMP17_12_65,False,250,200,swap_proximal,370.0,320.0,65,post_swap,GCAMP17,82,5
66,12,GCAMP17_12_66,False,250,200,swap_proximal,370.0,320.0,66,post_swap,GCAMP17,17,5
67,12,GCAMP17_12_67,False,250,200,swap_proximal,370.0,320.0,67,post_swap,GCAMP17,82,5
68,12,GCAMP17_12_68,False,250,200,swap_proximal,370.0,320.0,68,post_swap,GCAMP17,51,5
69,12,GCAMP17_12_69,False,250,200,swap_proximal,370.0,320.0,69,post_swap,GCAMP17,78,10
70,12,GCAMP17_12_70,False,250,200,swap_proximal,370.0,320.0,70,post_swap,GCAMP17,52,5
71,12,GCAMP17_12_71,False,250,200,swap_proximal,370.0,320.0,71,post_swap,GCAMP17,51,5
72,12,GCAMP17_12_72,False,250,200,swap_proximal,370.0,320.0,72,post_swap,GCAMP17,52,1
73,12,GCAMP17_12_73,False,250,200,swap_proximal,370.0,320.0,73,post_swap,GCAMP17,82,5
74,12,GCAMP17_12_74,False,250,200,swap_proximal,370.0,320.0,74,post_swap,GCAMP17,4,5
75,12,GCAMP17_12_75,False,250,200,swap_proximal,370.0,320.0,75,post_swap,GCAMP17,52,5
76,12,GCAMP17_12_76,False,250,200,swap_proximal,370.0,320.0,76,post_swap,GCAMP17,4,9
77,12,GCAMP17_12_77,False,250,200,swap_proximal,370.0,320.0,77,post_swap,GCAMP17,53,1
78,12,GCAMP17_12_78,False,250,200,swap_proximal,370.0,320.0,78,post_swap,GCAMP17,4,4
79,12,GCAMP17_12_79,True,250,200,swap_proximal,370.0,320.0,79,post_swap,GCAMP17,65,10
0,14,GCAMP17_14_0,False,250,200,swap_proximal,130.0,80.0,0,pre_swap,GCAMP17,82,5
1,14,GCAMP17_14_1,False,250,200,swap_proximal,130.0,80.0,1,pre_swap,GCAMP17,52,5
2,14,GCAMP17_14_2,False,250,200,swap_proximal,130.0,80.0,2,pre_swap,GCAMP17,4,5
3,14,GCAMP17_14_3,False,250,200,swap_proximal,130.0,80.0,3,pre_swap,GCAMP17,23,4
4,14,GCAMP17_14_4,False,250,200,swap_proximal,130.0,80.0,4,pre_swap,GCAMP17,4,4
5,14,GCAMP17_14_5,False,250,200,swap_proximal,130.0,80.0,5,pre_swap,GCAMP17,83,9
6,14,GCAMP17_14_6,False,250,200,swap_proximal,130.0,80.0,6,pre_swap,GCAMP17,82,5
7,14,GCAMP17_14_7,False,250,200,swap_proximal,130.0,80.0,7,pre_swap,GCAMP17,9,4
8,14,GCAMP17_14_8,False,250,200,swap_proximal,130.0,80.0,8,pre_swap,GCAMP17,6,4
9,14,GCAMP17_14_9,False,250,200,swap_proximal,130.0,80.0,9,pre_swap,GCAMP17,83,9
10,14,GCAMP17_14_10,False,250,200,swap_proximal,130.0,80.0,10,pre_swap,GCAMP17,63,4
11,14,GCAMP17_14_11,False,250,200,swap_proximal,130.0,80.0,11,pre_swap,GCAMP17,4,4
12,14,GCAMP17_14_12,False,250,200,swap_proximal,130.0,80.0,12,pre_swap,GCAMP17,4,4
13,14,GCAMP17_14_13,False,250,200,swap_proximal,130.0,80.0,13,pre_swap,GCAMP17,51,5
14,14,GCAMP17_14_14,False,250,200,swap_proximal,130.0,80.0,14,pre_swap,GCAMP17,6,4
15,14,GCAMP17_14_15,False,250,200,swap_proximal,130.0,80.0,15,pre_swap,GCAMP17,83,9
16,14,GCAMP17_14_16,False,250,200,swap_proximal,130.0,80.0,16,pre_swap,GCAMP17,4,5
17,14,GCAMP17_14_17,False,250,200,swap_proximal,130.0,80.0,17,pre_swap,GCAMP17,4,4
18,14,GCAMP17_14_18,True,250,200,swap_proximal,130.0,80.0,18,pre_swap,GCAMP17,79,6
19,14,GCAMP17_14_19,False,250,200,swap_proximal,130.0,80.0,19,pre_swap,GCAMP17,52,5
20,14,GCAMP17_14_20,True,250,200,swap_proximal,130.0,80.0,20,pre_swap,GCAMP17,28,6
21,14,GCAMP17_14_21,False,250,200,swap_proximal,130.0,80.0,21,pre_swap,GCAMP17,81,4
22,14,GCAMP17_14_22,False,250,200,swap_proximal,130.0,80.0,22,pre_swap,GCAMP17,81,4
23,14,GCAMP17_14_23,False,250,200,swap_proximal,130.0,80.0,23,pre_swap,GCAMP17,4,5
24,14,GCAMP17_14_24,False,250,200,swap_proximal,130.0,80.0,24,pre_swap,GCAMP17,81,4
25,14,GCAMP17_14_25,False,250,200,swap_proximal,130.0,80.0,25,pre_swap,GCAMP17,52,5
26,14,GCAMP17_14_26,False,250,200,swap_proximal,130.0,80.0,26,pre_swap,GCAMP17,33,4
27,14,GCAMP17_14_27,False,250,200,swap_proximal,130.0,80.0,27,pre_swap,GCAMP17,83,5
28,14,GCAMP17_14_28,False,250,200,swap_proximal,130.0,80.0,28,pre_swap,GCAMP17,52,5
29,14,GCAMP17_14_29,False,250,200,swap_proximal,130.0,80.0,29,pre_swap,GCAMP17,52,5
30,14,GCAMP17_14_30,False,130,80,swap_proximal,250.0,200.0,30,post_swap,GCAMP17,86,10
31,14,GCAMP17_14_31,False,130,80,swap_proximal,250.0,200.0,31,post_swap,GCAMP17,40,9
32,14,GCAMP17_14_32,False,130,80,swap_proximal,250.0,200.0,32,post_swap,GCAMP17,27,3
33,14,GCAMP17_14_33,False,130,80,swap_proximal,250.0,200.0,33,post_swap,GCAMP17,72,7
34,14,GCAMP17_14_34,False,130,80,swap_proximal,250.0,200.0,34,post_swap,GCAMP17,40,7
35,14,GCAMP17_14_35,False,130,80,swap_proximal,250.0,200.0,35,post_swap,GCAMP17,48,10
36,14,GCAMP17_14_36,False,130,80,swap_proximal,250.0,200.0,36,post_swap,GCAMP17,40,7
37,14,GCAMP17_14_37,False,130,80,swap_proximal,250.0,200.0,37,post_swap,GCAMP17,40,3
38,14,GCAMP17_14_38,False,130,80,swap_proximal,250.0,200.0,38,post_swap,GCAMP17,40,7
39,14,GCAMP17_14_39,False,130,80,swap_proximal,250.0,200.0,39,post_swap,GCAMP17,72,7
40,14,GCAMP17_14_40,False,130,80,swap_proximal,250.0,200.0,40,post_swap,GCAMP17,40,10
41,14,GCAMP17_14_41,False,130,80,swap_proximal,250.0,200.0,41,post_swap,GCAMP17,40,7
42,14,GCAMP17_14_42,False,130,80,swap_proximal,250.0,200.0,42,post_swap,GCAMP17,34,5
43,14,GCAMP17_14_43,False,130,80,swap_proximal,250.0,200.0,43,post_swap,GCAMP17,40,7
44,14,GCAMP17_14_44,False,130,80,swap_proximal,250.0,200.0,44,post_swap,GCAMP17,40,3
45,14,GCAMP17_14_45,False,130,80,swap_proximal,250.0,200.0,45,post_swap,GCAMP17,39,3
46,14,GCAMP17_14_46,False,130,80,swap_proximal,250.0,200.0,46,post_swap,GCAMP17,40,7
47,14,GCAMP17_14_47,False,130,80,swap_proximal,250.0,200.0,47,post_swap,GCAMP17,40,9
48,14,GCAMP17_14_48,False,130,80,swap_proximal,250.0,200.0,48,post_swap,GCAMP17,40,7
49,14,GCAMP17_14_49,False,130,80,swap_proximal,250.0,200.0,49,post_swap,GCAMP17,40,7
50,14,GCAMP17_14_50,False,130,80,swap_proximal,250.0,200.0,50,post_swap,GCAMP17,40,9
51,14,GCAMP17_14_51,False,130,80,swap_proximal,250.0,200.0,51,post_swap,GCAMP17,40,7
52,14,GCAMP17_14_52,False,130,80,swap_proximal,250.0,200.0,52,post_swap,GCAMP17,40,7
53,14,GCAMP17_14_53,False,130,80,swap_proximal,250.0,200.0,53,post_swap,GCAMP17,40,7
54,14,GCAMP17_14_54,False,130,80,swap_proximal,250.0,200.0,54,post_swap,GCAMP17,31,5
55,14,GCAMP17_14_55,False,130,80,swap_proximal,250.0,200.0,55,post_swap,GCAMP17,40,7
56,14,GCAMP17_14_56,False,130,80,swap_proximal,250.0,200.0,56,post_swap,GCAMP17,40,7
57,14,GCAMP17_14_57,False,130,80,swap_proximal,250.0,200.0,57,post_swap,GCAMP17,40,7
58,14,GCAMP17_14_58,False,130,80,swap_proximal,250.0,200.0,58,post_swap,GCAMP17,40,7
59,14,GCAMP17_14_59,False,130,80,swap_proximal,250.0,200.0,59,post_swap,GCAMP17,40,7
60,14,GCAMP17_14_60,False,130,80,swap_proximal,250.0,200.0,60,post_swap,GCAMP17,71,7
61,14,GCAMP17_14_61,False,130,80,swap_proximal,250.0,200.0,61,post_swap,GCAMP17,40,7
62,14,GCAMP17_14_62,False,130,80,swap_proximal,250.0,200.0,62,post_swap,GCAMP17,39,3
63,14,GCAMP17_14_63,False,130,80,swap_proximal,250.0,200.0,63,post_swap,GCAMP17,40,7
64,14,GCAMP17_14_64,False,130,80,swap_proximal,250.0,200.0,64,post_swap,GCAMP17,40,7
65,14,GCAMP17_14_65,False,130,80,swap_proximal,250.0,200.0,65,post_swap,GCAMP17,72,7
66,14,GCAMP17_14_66,False,130,80,swap_proximal,250.0,200.0,66,post_swap,GCAMP17,40,7
67,14,GCAMP17_14_67,False,130,80,swap_proximal,250.0,200.0,67,post_swap,GCAMP17,86,10
68,14,GCAMP17_14_68,False,130,80,swap_proximal,250.0,200.0,68,post_swap,GCAMP17,47,1
69,14,GCAMP17_14_69,False,130,80,swap_proximal,250.0,200.0,69,post_swap,GCAMP17,40,7
70,14,GCAMP17_14_70,False,130,80,swap_proximal,250.0,200.0,70,post_swap,GCAMP17,39,3
71,14,GCAMP17_14_71,False,130,80,swap_proximal,250.0,200.0,71,post_swap,GCAMP17,40,7
72,14,GCAMP17_14_72,False,130,80,swap_proximal,250.0,200.0,72,post_swap,GCAMP17,40,7
73,14,GCAMP17_14_73,False,130,80,swap_proximal,250.0,200.0,73,post_swap,GCAMP17,71,7
74,14,GCAMP17_14_74,False,130,80,swap_proximal,250.0,200.0,74,post_swap,GCAMP17,72,7
75,14,GCAMP17_14_75,False,130,80,swap_proximal,250.0,200.0,75,post_swap,GCAMP17,40,3
76,14,GCAMP17_14_76,True,130,80,swap_proximal,250.0,200.0,76,post_swap,GCAMP17,67,10
77,14,GCAMP17_14_77,False,130,80,swap_proximal,250.0,200.0,77,post_swap,GCAMP17,39,3
78,14,GCAMP17_14_78,False,130,80,swap_proximal,250.0,200.0,78,post_swap,GCAMP17,40,7
79,14,GCAMP17_14_79,False,130,80,swap_proximal,250.0,200.0,79,post_swap,GCAMP17,68,3
0,3,GCAMP18_3_0,False,130,80,swap_distal,250.0,200.0,0,pre_swap,GCAMP18,40,7
1,3,GCAMP18_3_1,False,130,80,swap_distal,250.0,200.0,1,pre_swap,GCAMP18,77,3
2,3,GCAMP18_3_2,True,130,80,swap_distal,250.0,200.0,2,pre_swap,GCAMP18,52,5
3,3,GCAMP18_3_3,False,130,80,swap_distal,250.0,200.0,3,pre_swap,GCAMP18,77,3
4,3,GCAMP18_3_4,False,130,80,swap_distal,250.0,200.0,4,pre_swap,GCAMP18,77,3
5,3,GCAMP18_3_5,True,130,80,swap_distal,250.0,200.0,5,pre_swap,GCAMP18,31,5
6,3,GCAMP18_3_6,False,130,80,swap_distal,250.0,200.0,6,pre_swap,GCAMP18,27,3
7,3,GCAMP18_3_7,True,130,80,swap_distal,250.0,200.0,7,pre_swap,GCAMP18,27,5
8,3,GCAMP18_3_8,False,130,80,swap_distal,250.0,200.0,8,pre_swap,GCAMP18,27,3
9,3,GCAMP18_3_9,False,130,80,swap_distal,250.0,200.0,9,pre_swap,GCAMP18,27,3
10,3,GCAMP18_3_10,False,130,80,swap_distal,250.0,200.0,10,pre_swap,GCAMP18,27,3
11,3,GCAMP18_3_11,True,130,80,swap_distal,250.0,200.0,11,pre_swap,GCAMP18,31,5
12,3,GCAMP18_3_12,False,130,80,swap_distal,250.0,200.0,12,pre_swap,GCAMP18,39,3
13,3,GCAMP18_3_13,True,130,80,swap_distal,250.0,200.0,13,pre_swap,GCAMP18,26,5
14,3,GCAMP18_3_14,False,130,80,swap_distal,250.0,200.0,14,pre_swap,GCAMP18,77,3
15,3,GCAMP18_3_15,False,130,80,swap_distal,250.0,200.0,15,pre_swap,GCAMP18,27,3
16,3,GCAMP18_3_16,False,130,80,swap_distal,250.0,200.0,16,pre_swap,GCAMP18,27,3
17,3,GCAMP18_3_17,False,130,80,swap_distal,250.0,200.0,17,pre_swap,GCAMP18,27,1
18,3,GCAMP18_3_18,False,130,80,swap_distal,250.0,200.0,18,pre_swap,GCAMP18,27,3
19,3,GCAMP18_3_19,False,130,80,swap_distal,250.0,200.0,19,pre_swap,GCAMP18,27,3
20,3,GCAMP18_3_20,False,130,80,swap_distal,250.0,200.0,20,pre_swap,GCAMP18,59,3
21,3,GCAMP18_3_21,True,130,80,swap_distal,250.0,200.0,21,pre_swap,GCAMP18,31,5
22,3,GCAMP18_3_22,False,130,80,swap_distal,250.0,200.0,22,pre_swap,GCAMP18,27,3
23,3,GCAMP18_3_23,False,130,80,swap_distal,250.0,200.0,23,pre_swap,GCAMP18,70,3
24,3,GCAMP18_3_24,False,130,80,swap_distal,250.0,200.0,24,pre_swap,GCAMP18,77,3
25,3,GCAMP18_3_25,False,130,80,swap_distal,250.0,200.0,25,pre_swap,GCAMP18,69,3
26,3,GCAMP18_3_26,False,130,80,swap_distal,250.0,200.0,26,pre_swap,GCAMP18,53,9
27,3,GCAMP18_3_27,False,130,80,swap_distal,250.0,200.0,27,pre_swap,GCAMP18,44,3
28,3,GCAMP18_3_28,True,130,80,swap_distal,250.0,200.0,28,pre_swap,GCAMP18,26,5
29,3,GCAMP18_3_29,False,130,80,swap_distal,250.0,200.0,29,pre_swap,GCAMP18,44,3
30,3,GCAMP18_3_30,False,250,200,swap_distal,130.0,80.0,30,post_swap,GCAMP18,26,5
31,3,GCAMP18_3_31,False,250,200,swap_distal,130.0,80.0,31,post_swap,GCAMP18,78,10
32,3,GCAMP18_3_32,False,250,200,swap_distal,130.0,80.0,32,post_swap,GCAMP18,86,10
33,3,GCAMP18_3_33,False,250,200,swap_distal,130.0,80.0,33,post_swap,GCAMP18,85,10
34,3,GCAMP18_3_34,False,250,200,swap_distal,130.0,80.0,34,post_swap,GCAMP18,83,9
35,3,GCAMP18_3_35,False,250,200,swap_distal,130.0,80.0,35,post_swap,GCAMP18,86,10
36,3,GCAMP18_3_36,False,250,200,swap_distal,130.0,80.0,36,post_swap,GCAMP18,78,10
37,3,GCAMP18_3_37,False,250,200,swap_distal,130.0,80.0,37,post_swap,GCAMP18,86,10
38,3,GCAMP18_3_38,False,250,200,swap_distal,130.0,80.0,38,post_swap,GCAMP18,67,10
39,3,GCAMP18_3_39,False,250,200,swap_distal,130.0,80.0,39,post_swap,GCAMP18,53,1
40,3,GCAMP18_3_40,False,250,200,swap_distal,130.0,80.0,40,post_swap,GCAMP18,53,1
41,3,GCAMP18_3_41,False,250,200,swap_distal,130.0,80.0,41,post_swap,GCAMP18,53,1
42,3,GCAMP18_3_42,False,250,200,swap_distal,130.0,80.0,42,post_swap,GCAMP18,52,5
43,3,GCAMP18_3_43,False,250,200,swap_distal,130.0,80.0,43,post_swap,GCAMP18,51,5
44,3,GCAMP18_3_44,False,250,200,swap_distal,130.0,80.0,44,post_swap,GCAMP18,79,6
47,3,GCAMP18_3_47,False,250,200,swap_distal,130.0,80.0,47,post_swap,GCAMP18,17,5
48,3,GCAMP18_3_48,False,250,200,swap_distal,130.0,80.0,48,post_swap,GCAMP18,78,10
49,3,GCAMP18_3_49,False,250,200,swap_distal,130.0,80.0,49,post_swap,GCAMP18,83,9
50,3,GCAMP18_3_50,False,250,200,swap_distal,130.0,80.0,50,post_swap,GCAMP18,52,5
51,3,GCAMP18_3_51,False,250,200,swap_distal,130.0,80.0,51,post_swap,GCAMP18,52,5
52,3,GCAMP18_3_52,False,250,200,swap_distal,130.0,80.0,52,post_swap,GCAMP18,4,4
55,3,GCAMP18_3_55,False,250,200,swap_distal,130.0,80.0,55,post_swap,GCAMP18,86,10
56,3,GCAMP18_3_56,True,250,200,swap_distal,130.0,80.0,56,post_swap,GCAMP18,86,10
57,3,GCAMP18_3_57,True,250,200,swap_distal,130.0,80.0,57,post_swap,GCAMP18,67,1
58,3,GCAMP18_3_58,False,250,200,swap_distal,130.0,80.0,58,post_swap,GCAMP18,83,10
59,3,GCAMP18_3_59,False,250,200,swap_distal,130.0,80.0,59,post_swap,GCAMP18,52,5
60,3,GCAMP18_3_60,False,250,200,swap_distal,130.0,80.0,60,post_swap,GCAMP18,51,5
61,3,GCAMP18_3_61,False,250,200,swap_distal,130.0,80.0,61,post_swap,GCAMP18,78,10
62,3,GCAMP18_3_62,True,250,200,swap_distal,130.0,80.0,62,post_swap,GCAMP18,78,6
63,3,GCAMP18_3_63,False,250,200,swap_distal,130.0,80.0,63,post_swap,GCAMP18,78,10
64,3,GCAMP18_3_64,False,250,200,swap_distal,130.0,80.0,64,post_swap,GCAMP18,86,10
65,3,GCAMP18_3_65,False,250,200,swap_distal,130.0,80.0,65,post_swap,GCAMP18,83,9
66,3,GCAMP18_3_66,True,250,200,swap_distal,130.0,80.0,66,post_swap,GCAMP18,79,6
67,3,GCAMP18_3_67,False,250,200,swap_distal,130.0,80.0,67,post_swap,GCAMP18,52,5
68,3,GCAMP18_3_68,False,250,200,swap_distal,130.0,80.0,68,post_swap,GCAMP18,82,5
69,3,GCAMP18_3_69,False,250,200,swap_distal,130.0,80.0,69,post_swap,GCAMP18,4,5
70,3,GCAMP18_3_70,False,250,200,swap_distal,130.0,80.0,70,post_swap,GCAMP18,40,7
71,3,GCAMP18_3_71,False,250,200,swap_distal,130.0,80.0,71,post_swap,GCAMP18,52,5
72,3,GCAMP18_3_72,False,250,200,swap_distal,130.0,80.0,72,post_swap,GCAMP18,3,0
73,3,GCAMP18_3_73,False,250,200,swap_distal,130.0,80.0,73,post_swap,GCAMP18,9,4
74,3,GCAMP18_3_74,False,250,200,swap_distal,130.0,80.0,74,post_swap,GCAMP18,4,4
75,3,GCAMP18_3_75,False,250,200,swap_distal,130.0,80.0,75,post_swap,GCAMP18,4,1
76,3,GCAMP18_3_76,False,250,200,swap_distal,130.0,80.0,76,post_swap,GCAMP18,23,6
77,3,GCAMP18_3_77,False,250,200,swap_distal,130.0,80.0,77,post_swap,GCAMP18,85,10
78,3,GCAMP18_3_78,False,250,200,swap_distal,130.0,80.0,78,post_swap,GCAMP18,9,4
79,3,GCAMP18_3_79,False,250,200,swap_distal,130.0,80.0,79,post_swap,GCAMP18,4,4
0,5,GCAMP18_5_0,False,250,200,swap_distal,370.0,320.0,0,pre_swap,GCAMP18,78,10
1,5,GCAMP18_5_1,False,250,200,swap_distal,370.0,320.0,1,pre_swap,GCAMP18,4,4
2,5,GCAMP18_5_2,False,250,200,swap_distal,370.0,320.0,2,pre_swap,GCAMP18,52,5
3,5,GCAMP18_5_3,False,250,200,swap_distal,370.0,320.0,3,pre_swap,GCAMP18,82,5
4,5,GCAMP18_5_4,False,250,200,swap_distal,370.0,320.0,4,pre_swap,GCAMP18,4,4
5,5,GCAMP18_5_5,False,250,200,swap_distal,370.0,320.0,5,pre_swap,GCAMP18,83,5
6,5,GCAMP18_5_6,True,250,200,swap_distal,370.0,320.0,6,pre_swap,GCAMP18,79,6
7,5,GCAMP18_5_7,False,250,200,swap_distal,370.0,320.0,7,pre_swap,GCAMP18,51,5
8,5,GCAMP18_5_8,False,250,200,swap_distal,370.0,320.0,8,pre_swap,GCAMP18,4,4
9,5,GCAMP18_5_9,False,250,200,swap_distal,370.0,320.0,9,pre_swap,GCAMP18,9,4
10,5,GCAMP18_5_10,True,250,200,swap_distal,370.0,320.0,10,pre_swap,GCAMP18,28,0
11,5,GCAMP18_5_11,False,250,200,swap_distal,370.0,320.0,11,pre_swap,GCAMP18,4,5
12,5,GCAMP18_5_12,False,250,200,swap_distal,370.0,320.0,12,pre_swap,GCAMP18,63,4
13,5,GCAMP18_5_13,True,250,200,swap_distal,370.0,320.0,13,pre_swap,GCAMP18,41,6
14,5,GCAMP18_5_14,False,250,200,swap_distal,370.0,320.0,14,pre_swap,GCAMP18,4,4
15,5,GCAMP18_5_15,False,250,200,swap_distal,370.0,320.0,15,pre_swap,GCAMP18,63,4
16,5,GCAMP18_5_16,False,250,200,swap_distal,370.0,320.0,16,pre_swap,GCAMP18,17,5
17,5,GCAMP18_5_17,False,250,200,swap_distal,370.0,320.0,17,pre_swap,GCAMP18,4,5
18,5,GCAMP18_5_18,False,250,200,swap_distal,370.0,320.0,18,pre_swap,GCAMP18,4,4
19,5,GCAMP18_5_19,False,250,200,swap_distal,370.0,320.0,19,pre_swap,GCAMP18,51,5
20,5,GCAMP18_5_20,False,250,200,swap_distal,370.0,320.0,20,pre_swap,GCAMP18,41,2
21,5,GCAMP18_5_21,False,250,200,swap_distal,370.0,320.0,21,pre_swap,GCAMP18,4,4
22,5,GCAMP18_5_22,False,250,200,swap_distal,370.0,320.0,22,pre_swap,GCAMP18,21,2
23,5,GCAMP18_5_23,False,250,200,swap_distal,370.0,320.0,23,pre_swap,GCAMP18,4,4
24,5,GCAMP18_5_24,False,250,200,swap_distal,370.0,320.0,24,pre_swap,GCAMP18,82,5
25,5,GCAMP18_5_25,False,250,200,swap_distal,370.0,320.0,25,pre_swap,GCAMP18,6,4
26,5,GCAMP18_5_26,False,250,200,swap_distal,370.0,320.0,26,pre_swap,GCAMP18,-1,2
27,5,GCAMP18_5_27,False,250,200,swap_distal,370.0,320.0,27,pre_swap,GCAMP18,81,4
28,5,GCAMP18_5_28,False,250,200,swap_distal,370.0,320.0,28,pre_swap,GCAMP18,4,1
29,5,GCAMP18_5_29,False,250,200,swap_distal,370.0,320.0,29,pre_swap,GCAMP18,9,4
30,5,GCAMP18_5_30,False,370,320,swap_distal,250.0,200.0,30,post_swap,GCAMP18,28,6
31,5,GCAMP18_5_31,False,370,320,swap_distal,250.0,200.0,31,post_swap,GCAMP18,65,1
32,5,GCAMP18_5_32,False,370,320,swap_distal,250.0,200.0,32,post_swap,GCAMP18,99,2
33,5,GCAMP18_5_33,False,370,320,swap_distal,250.0,200.0,33,post_swap,GCAMP18,21,2
34,5,GCAMP18_5_34,False,370,320,swap_distal,250.0,200.0,34,post_swap,GCAMP18,1,2
35,5,GCAMP18_5_35,False,370,320,swap_distal,250.0,200.0,35,post_swap,GCAMP18,90,2
36,5,GCAMP18_5_36,False,370,320,swap_distal,250.0,200.0,36,post_swap,GCAMP18,90,0
37,5,GCAMP18_5_37,True,370,320,swap_distal,250.0,200.0,37,post_swap,GCAMP18,29,0
38,5,GCAMP18_5_38,True,370,320,swap_distal,250.0,200.0,38,post_swap,GCAMP18,79,6
39,5,GCAMP18_5_39,False,370,320,swap_distal,250.0,200.0,39,post_swap,GCAMP18,95,0
40,5,GCAMP18_5_40,True,370,320,swap_distal,250.0,200.0,40,post_swap,GCAMP18,15,6
41,5,GCAMP18_5_41,False,370,320,swap_distal,250.0,200.0,41,post_swap,GCAMP18,95,2
42,5,GCAMP18_5_42,False,370,320,swap_distal,250.0,200.0,42,post_swap,GCAMP18,7,2
43,5,GCAMP18_5_43,False,370,320,swap_distal,250.0,200.0,43,post_swap,GCAMP18,30,2
44,5,GCAMP18_5_44,False,370,320,swap_distal,250.0,200.0,44,post_swap,GCAMP18,90,2
45,5,GCAMP18_5_45,False,370,320,swap_distal,250.0,200.0,45,post_swap,GCAMP18,36,1
46,5,GCAMP18_5_46,False,370,320,swap_distal,250.0,200.0,46,post_swap,GCAMP18,54,2
47,5,GCAMP18_5_47,False,370,320,swap_distal,250.0,200.0,47,post_swap,GCAMP18,36,1
48,5,GCAMP18_5_48,False,370,320,swap_distal,250.0,200.0,48,post_swap,GCAMP18,91,2
49,5,GCAMP18_5_49,False,370,320,swap_distal,250.0,200.0,49,post_swap,GCAMP18,36,1
50,5,GCAMP18_5_50,False,370,320,swap_distal,250.0,200.0,50,post_swap,GCAMP18,98,2
51,5,GCAMP18_5_51,True,370,320,swap_distal,250.0,200.0,51,post_swap,GCAMP18,78,6
52,5,GCAMP18_5_52,True,370,320,swap_distal,250.0,200.0,52,post_swap,GCAMP18,-1,0
53,5,GCAMP18_5_53,False,370,320,swap_distal,250.0,200.0,53,post_swap,GCAMP18,64,1
54,5,GCAMP18_5_54,False,370,320,swap_distal,250.0,200.0,54,post_swap,GCAMP18,25,2
55,5,GCAMP18_5_55,False,370,320,swap_distal,250.0,200.0,55,post_swap,GCAMP18,88,2
56,5,GCAMP18_5_56,False,370,320,swap_distal,250.0,200.0,56,post_swap,GCAMP18,2,2
57,5,GCAMP18_5_57,False,370,320,swap_distal,250.0,200.0,57,post_swap,GCAMP18,36,1
58,5,GCAMP18_5_58,True,370,320,swap_distal,250.0,200.0,58,post_swap,GCAMP18,79,6
59,5,GCAMP18_5_59,False,370,320,swap_distal,250.0,200.0,59,post_swap,GCAMP18,78,6
60,5,GCAMP18_5_60,False,370,320,swap_distal,250.0,200.0,60,post_swap,GCAMP18,36,1
61,5,GCAMP18_5_61,False,370,320,swap_distal,250.0,200.0,61,post_swap,GCAMP18,99,2
62,5,GCAMP18_5_62,False,370,320,swap_distal,250.0,200.0,62,post_swap,GCAMP18,25,2
63,5,GCAMP18_5_63,False,370,320,swap_distal,250.0,200.0,63,post_swap,GCAMP18,90,2
64,5,GCAMP18_5_64,False,370,320,swap_distal,250.0,200.0,64,post_swap,GCAMP18,7,2
65,5,GCAMP18_5_65,False,370,320,swap_distal,250.0,200.0,65,post_swap,GCAMP18,36,1
66,5,GCAMP18_5_66,False,370,320,swap_distal,250.0,200.0,66,post_swap,GCAMP18,99,2
67,5,GCAMP18_5_67,False,370,320,swap_distal,250.0,200.0,67,post_swap,GCAMP18,57,0
68,5,GCAMP18_5_68,False,370,320,swap_distal,250.0,200.0,68,post_swap,GCAMP18,38,2
69,5,GCAMP18_5_69,False,370,320,swap_distal,250.0,200.0,69,post_swap,GCAMP18,24,2
70,5,GCAMP18_5_70,True,370,320,swap_distal,250.0,200.0,70,post_swap,GCAMP18,57,0
71,5,GCAMP18_5_71,False,370,320,swap_distal,250.0,200.0,71,post_swap,GCAMP18,78,6
72,5,GCAMP18_5_72,False,370,320,swap_distal,250.0,200.0,72,post_swap,GCAMP18,37,0
73,5,GCAMP18_5_73,False,370,320,swap_distal,250.0,200.0,73,post_swap,GCAMP18,74,0
74,5,GCAMP18_5_74,False,370,320,swap_distal,250.0,200.0,74,post_swap,GCAMP18,89,2
75,5,GCAMP18_5_75,False,370,320,swap_distal,250.0,200.0,75,post_swap,GCAMP18,5,2
76,5,GCAMP18_5_76,False,370,320,swap_distal,250.0,200.0,76,post_swap,GCAMP18,7,2
77,5,GCAMP18_5_77,False,370,320,swap_distal,250.0,200.0,77,post_swap,GCAMP18,25,2
78,5,GCAMP18_5_78,False,370,320,swap_distal,250.0,200.0,78,post_swap,GCAMP18,2,2
79,5,GCAMP18_5_79,False,370,320,swap_distal,250.0,200.0,79,post_swap,GCAMP18,74,2
0,7,GCAMP18_7_0,False,370,320,swap_proximal,130.0,80.0,0,pre_swap,GCAMP18,67,1
1,7,GCAMP18_7_1,False,370,320,swap_proximal,130.0,80.0,1,pre_swap,GCAMP18,25,2
2,7,GCAMP18_7_2,False,370,320,swap_proximal,130.0,80.0,2,pre_swap,GCAMP18,92,2
3,7,GCAMP18_7_3,False,370,320,swap_proximal,130.0,80.0,3,pre_swap,GCAMP18,2,2
4,7,GCAMP18_7_4,False,370,320,swap_proximal,130.0,80.0,4,pre_swap,GCAMP18,90,2
5,7,GCAMP18_7_5,False,370,320,swap_proximal,130.0,80.0,5,pre_swap,GCAMP18,93,2
6,7,GCAMP18_7_6,False,370,320,swap_proximal,130.0,80.0,6,pre_swap,GCAMP18,38,2
7,7,GCAMP18_7_7,False,370,320,swap_proximal,130.0,80.0,7,pre_swap,GCAMP18,38,2
8,7,GCAMP18_7_8,True,370,320,swap_proximal,130.0,80.0,8,pre_swap,GCAMP18,57,0
9,7,GCAMP18_7_9,False,370,320,swap_proximal,130.0,80.0,9,pre_swap,GCAMP18,99,2
10,7,GCAMP18_7_10,False,370,320,swap_proximal,130.0,80.0,10,pre_swap,GCAMP18,74,3
11,7,GCAMP18_7_11,True,370,320,swap_proximal,130.0,80.0,11,pre_swap,GCAMP18,3,0
12,7,GCAMP18_7_12,False,370,320,swap_proximal,130.0,80.0,12,pre_swap,GCAMP18,98,2
13,7,GCAMP18_7_13,False,370,320,swap_proximal,130.0,80.0,13,pre_swap,GCAMP18,7,2
14,7,GCAMP18_7_14,True,370,320,swap_proximal,130.0,80.0,14,pre_swap,GCAMP18,57,0
15,7,GCAMP18_7_15,False,370,320,swap_proximal,130.0,80.0,15,pre_swap,GCAMP18,38,2
16,7,GCAMP18_7_16,False,370,320,swap_proximal,130.0,80.0,16,pre_swap,GCAMP18,-1,2
17,7,GCAMP18_7_17,False,370,320,swap_proximal,130.0,80.0,17,pre_swap,GCAMP18,73,2
18,7,GCAMP18_7_18,False,370,320,swap_proximal,130.0,80.0,18,pre_swap,GCAMP18,-1,2
19,7,GCAMP18_7_19,False,370,320,swap_proximal,130.0,80.0,19,pre_swap,GCAMP18,93,2
20,7,GCAMP18_7_20,False,370,320,swap_proximal,130.0,80.0,20,pre_swap,GCAMP18,-1,2
21,7,GCAMP18_7_21,False,370,320,swap_proximal,130.0,80.0,21,pre_swap,GCAMP18,3,0
22,7,GCAMP18_7_22,False,370,320,swap_proximal,130.0,80.0,22,pre_swap,GCAMP18,67,10
23,7,GCAMP18_7_23,False,370,320,swap_proximal,130.0,80.0,23,pre_swap,GCAMP18,12,0
24,7,GCAMP18_7_24,False,370,320,swap_proximal,130.0,80.0,24,pre_swap,GCAMP18,57,0
25,7,GCAMP18_7_25,False,370,320,swap_proximal,130.0,80.0,25,pre_swap,GCAMP18,-1,2
26,7,GCAMP18_7_26,True,370,320,swap_proximal,130.0,80.0,26,pre_swap,GCAMP18,57,0
27,7,GCAMP18_7_27,False,370,320,swap_proximal,130.0,80.0,27,pre_swap,GCAMP18,98,2
28,7,GCAMP18_7_28,True,370,320,swap_proximal,130.0,80.0,28,pre_swap,GCAMP18,3,0
29,7,GCAMP18_7_29,False,370,320,swap_proximal,130.0,80.0,29,pre_swap,GCAMP18,19,2
30,7,GCAMP18_7_30,False,130,80,swap_proximal,370.0,320.0,30,post_swap,GCAMP18,79,6
31,7,GCAMP18_7_31,False,130,80,swap_proximal,370.0,320.0,31,post_swap,GCAMP18,3,6
32,7,GCAMP18_7_32,False,130,80,swap_proximal,370.0,320.0,32,post_swap,GCAMP18,79,6
33,7,GCAMP18_7_33,False,130,80,swap_proximal,370.0,320.0,33,post_swap,GCAMP18,3,6
34,7,GCAMP18_7_34,False,130,80,swap_proximal,370.0,320.0,34,post_swap,GCAMP18,48,8
35,7,GCAMP18_7_35,False,130,80,swap_proximal,370.0,320.0,35,post_swap,GCAMP18,72,8
36,7,GCAMP18_7_36,False,130,80,swap_proximal,370.0,320.0,36,post_swap,GCAMP18,72,7
37,7,GCAMP18_7_37,False,130,80,swap_proximal,370.0,320.0,37,post_swap,GCAMP18,72,7
38,7,GCAMP18_7_38,False,130,80,swap_proximal,370.0,320.0,38,post_swap,GCAMP18,48,8
39,7,GCAMP18_7_39,False,130,80,swap_proximal,370.0,320.0,39,post_swap,GCAMP18,72,7
40,7,GCAMP18_7_40,True,130,80,swap_proximal,370.0,320.0,40,post_swap,GCAMP18,86,10
41,7,GCAMP18_7_41,False,130,80,swap_proximal,370.0,320.0,41,post_swap,GCAMP18,72,7
42,7,GCAMP18_7_42,False,130,80,swap_proximal,370.0,320.0,42,post_swap,GCAMP18,72,7
43,7,GCAMP18_7_43,False,130,80,swap_proximal,370.0,320.0,43,post_swap,GCAMP18,48,8
44,7,GCAMP18_7_44,False,130,80,swap_proximal,370.0,320.0,44,post_swap,GCAMP18,48,8
45,7,GCAMP18_7_45,False,130,80,swap_proximal,370.0,320.0,45,post_swap,GCAMP18,72,7
46,7,GCAMP18_7_46,False,130,80,swap_proximal,370.0,320.0,46,post_swap,GCAMP18,3,6
47,7,GCAMP18_7_47,False,130,80,swap_proximal,370.0,320.0,47,post_swap,GCAMP18,72,7
48,7,GCAMP18_7_48,False,130,80,swap_proximal,370.0,320.0,48,post_swap,GCAMP18,72,7
49,7,GCAMP18_7_49,False,130,80,swap_proximal,370.0,320.0,49,post_swap,GCAMP18,72,7
50,7,GCAMP18_7_50,False,130,80,swap_proximal,370.0,320.0,50,post_swap,GCAMP18,72,8
51,7,GCAMP18_7_51,True,130,80,swap_proximal,370.0,320.0,51,post_swap,GCAMP18,86,10
52,7,GCAMP18_7_52,False,130,80,swap_proximal,370.0,320.0,52,post_swap,GCAMP18,72,7
53,7,GCAMP18_7_53,False,130,80,swap_proximal,370.0,320.0,53,post_swap,GCAMP18,34,3
54,7,GCAMP18_7_54,False,130,80,swap_proximal,370.0,320.0,54,post_swap,GCAMP18,40,3
55,7,GCAMP18_7_55,False,130,80,swap_proximal,370.0,320.0,55,post_swap,GCAMP18,-1,8
56,7,GCAMP18_7_56,False,130,80,swap_proximal,370.0,320.0,56,post_swap,GCAMP18,72,7
57,7,GCAMP18_7_57,False,130,80,swap_proximal,370.0,320.0,57,post_swap,GCAMP18,48,8
58,7,GCAMP18_7_58,False,130,80,swap_proximal,370.0,320.0,58,post_swap,GCAMP18,48,8
59,7,GCAMP18_7_59,False,130,80,swap_proximal,370.0,320.0,59,post_swap,GCAMP18,39,3
60,7,GCAMP18_7_60,False,130,80,swap_proximal,370.0,320.0,60,post_swap,GCAMP18,-1,3
61,7,GCAMP18_7_61,False,130,80,swap_proximal,370.0,320.0,61,post_swap,GCAMP18,27,3
62,7,GCAMP18_7_62,False,130,80,swap_proximal,370.0,320.0,62,post_swap,GCAMP18,40,3
63,7,GCAMP18_7_63,False,130,80,swap_proximal,370.0,320.0,63,post_swap,GCAMP18,39,3
64,7,GCAMP18_7_64,False,130,80,swap_proximal,370.0,320.0,64,post_swap,GCAMP18,40,7
65,7,GCAMP18_7_65,False,130,80,swap_proximal,370.0,320.0,65,post_swap,GCAMP18,27,3
66,7,GCAMP18_7_66,False,130,80,swap_proximal,370.0,320.0,66,post_swap,GCAMP18,40,3
67,7,GCAMP18_7_67,False,130,80,swap_proximal,370.0,320.0,67,post_swap,GCAMP18,39,7
68,7,GCAMP18_7_68,False,130,80,swap_proximal,370.0,320.0,68,post_swap,GCAMP18,39,3
69,7,GCAMP18_7_69,False,130,80,swap_proximal,370.0,320.0,69,post_swap,GCAMP18,39,5
70,7,GCAMP18_7_70,False,130,80,swap_proximal,370.0,320.0,70,post_swap,GCAMP18,35,7
71,7,GCAMP18_7_71,False,130,80,swap_proximal,370.0,320.0,71,post_swap,GCAMP18,27,3
72,7,GCAMP18_7_72,False,130,80,swap_proximal,370.0,320.0,72,post_swap,GCAMP18,48,8
73,7,GCAMP18_7_73,True,130,80,swap_proximal,370.0,320.0,73,post_swap,GCAMP18,67,10
74,7,GCAMP18_7_74,False,130,80,swap_proximal,370.0,320.0,74,post_swap,GCAMP18,39,3
75,7,GCAMP18_7_75,False,130,80,swap_proximal,370.0,320.0,75,post_swap,GCAMP18,39,3
76,7,GCAMP18_7_76,True,130,80,swap_proximal,370.0,320.0,76,post_swap,GCAMP18,52,1
77,7,GCAMP18_7_77,False,130,80,swap_proximal,370.0,320.0,77,post_swap,GCAMP18,77,3
78,7,GCAMP18_7_78,False,130,80,swap_proximal,370.0,320.0,78,post_swap,GCAMP18,35,3
79,7,GCAMP18_7_79,False,130,80,swap_proximal,370.0,320.0,79,post_swap,GCAMP18,72,7
0,8,GCAMP18_8_0,False,130,80,swap_distal,370.0,320.0,0,pre_swap,GCAMP18,48,8
1,8,GCAMP18_8_1,False,130,80,swap_distal,370.0,320.0,1,pre_swap,GCAMP18,34,3
2,8,GCAMP18_8_2,True,130,80,swap_distal,370.0,320.0,2,pre_swap,GCAMP18,53,1
3,8,GCAMP18_8_3,False,130,80,swap_distal,370.0,320.0,3,pre_swap,GCAMP18,27,3
4,8,GCAMP18_8_4,False,130,80,swap_distal,370.0,320.0,4,pre_swap,GCAMP18,35,3
5,8,GCAMP18_8_5,False,130,80,swap_distal,370.0,320.0,5,pre_swap,GCAMP18,27,3
6,8,GCAMP18_8_6,False,130,80,swap_distal,370.0,320.0,6,pre_swap,GCAMP18,40,3
7,8,GCAMP18_8_7,False,130,80,swap_distal,370.0,320.0,7,pre_swap,GCAMP18,46,3
8,8,GCAMP18_8_8,True,130,80,swap_distal,370.0,320.0,8,pre_swap,GCAMP18,31,5
9,8,GCAMP18_8_9,False,130,80,swap_distal,370.0,320.0,9,pre_swap,GCAMP18,27,3
10,8,GCAMP18_8_10,False,130,80,swap_distal,370.0,320.0,10,pre_swap,GCAMP18,77,3
11,8,GCAMP18_8_11,False,130,80,swap_distal,370.0,320.0,11,pre_swap,GCAMP18,27,3
12,8,GCAMP18_8_12,False,130,80,swap_distal,370.0,320.0,12,pre_swap,GCAMP18,35,3
13,8,GCAMP18_8_13,True,130,80,swap_distal,370.0,320.0,13,pre_swap,GCAMP18,31,5
14,8,GCAMP18_8_14,False,130,80,swap_distal,370.0,320.0,14,pre_swap,GCAMP18,72,7
15,8,GCAMP18_8_15,False,130,80,swap_distal,370.0,320.0,15,pre_swap,GCAMP18,39,3
16,8,GCAMP18_8_16,False,130,80,swap_distal,370.0,320.0,16,pre_swap,GCAMP18,39,3
17,8,GCAMP18_8_17,False,130,80,swap_distal,370.0,320.0,17,pre_swap,GCAMP18,27,3
18,8,GCAMP18_8_18,False,130,80,swap_distal,370.0,320.0,18,pre_swap,GCAMP18,27,3
19,8,GCAMP18_8_19,False,130,80,swap_distal,370.0,320.0,19,pre_swap,GCAMP18,40,3
20,8,GCAMP18_8_20,True,130,80,swap_distal,370.0,320.0,20,pre_swap,GCAMP18,31,5
21,8,GCAMP18_8_21,False,130,80,swap_distal,370.0,320.0,21,pre_swap,GCAMP18,39,3
22,8,GCAMP18_8_22,False,130,80,swap_distal,370.0,320.0,22,pre_swap,GCAMP18,39,3
23,8,GCAMP18_8_23,False,130,80,swap_distal,370.0,320.0,23,pre_swap,GCAMP18,27,3
24,8,GCAMP18_8_24,True,130,80,swap_distal,370.0,320.0,24,pre_swap,GCAMP18,31,5
25,8,GCAMP18_8_25,True,130,80,swap_distal,370.0,320.0,25,pre_swap,GCAMP18,31,5
26,8,GCAMP18_8_26,False,130,80,swap_distal,370.0,320.0,26,pre_swap,GCAMP18,77,3
27,8,GCAMP18_8_27,False,130,80,swap_distal,370.0,320.0,27,pre_swap,GCAMP18,16,3
28,8,GCAMP18_8_28,False,130,80,swap_distal,370.0,320.0,28,pre_swap,GCAMP18,48,8
29,8,GCAMP18_8_29,False,130,80,swap_distal,370.0,320.0,29,pre_swap,GCAMP18,27,7
30,8,GCAMP18_8_30,False,370,320,swap_distal,130.0,80.0,30,post_swap,GCAMP18,85,10
31,8,GCAMP18_8_31,False,370,320,swap_distal,130.0,80.0,31,post_swap,GCAMP18,67,1
32,8,GCAMP18_8_32,False,370,320,swap_distal,130.0,80.0,32,post_swap,GCAMP18,65,1
33,8,GCAMP18_8_33,False,370,320,swap_distal,130.0,80.0,33,post_swap,GCAMP18,67,1
34,8,GCAMP18_8_34,False,370,320,swap_distal,130.0,80.0,34,post_swap,GCAMP18,67,1
35,8,GCAMP18_8_35,False,370,320,swap_distal,130.0,80.0,35,post_swap,GCAMP18,65,1
36,8,GCAMP18_8_36,False,370,320,swap_distal,130.0,80.0,36,post_swap,GCAMP18,64,1
37,8,GCAMP18_8_37,False,370,320,swap_distal,130.0,80.0,37,post_swap,GCAMP18,64,1
38,8,GCAMP18_8_38,False,370,320,swap_distal,130.0,80.0,38,post_swap,GCAMP18,36,1
39,8,GCAMP18_8_39,False,370,320,swap_distal,130.0,80.0,39,post_swap,GCAMP18,64,1
40,8,GCAMP18_8_40,True,370,320,swap_distal,130.0,80.0,40,post_swap,GCAMP18,79,6
41,8,GCAMP18_8_41,False,370,320,swap_distal,130.0,80.0,41,post_swap,GCAMP18,67,1
42,8,GCAMP18_8_42,False,370,320,swap_distal,130.0,80.0,42,post_swap,GCAMP18,64,1
43,8,GCAMP18_8_43,False,370,320,swap_distal,130.0,80.0,43,post_swap,GCAMP18,36,1
44,8,GCAMP18_8_44,False,370,320,swap_distal,130.0,80.0,44,post_swap,GCAMP18,94,2
45,8,GCAMP18_8_45,False,370,320,swap_distal,130.0,80.0,45,post_swap,GCAMP18,1,2
46,8,GCAMP18_8_46,False,370,320,swap_distal,130.0,80.0,46,post_swap,GCAMP18,25,2
47,8,GCAMP18_8_47,False,370,320,swap_distal,130.0,80.0,47,post_swap,GCAMP18,-1,2
48,8,GCAMP18_8_48,False,370,320,swap_distal,130.0,80.0,48,post_swap,GCAMP18,21,2
49,8,GCAMP18_8_49,False,370,320,swap_distal,130.0,80.0,49,post_swap,GCAMP18,36,1
50,8,GCAMP18_8_50,False,370,320,swap_distal,130.0,80.0,50,post_swap,GCAMP18,99,2
51,8,GCAMP18_8_51,False,370,320,swap_distal,130.0,80.0,51,post_swap,GCAMP18,11,3
52,8,GCAMP18_8_52,False,370,320,swap_distal,130.0,80.0,52,post_swap,GCAMP18,65,1
53,8,GCAMP18_8_53,False,370,320,swap_distal,130.0,80.0,53,post_swap,GCAMP18,2,2
54,8,GCAMP18_8_54,False,370,320,swap_distal,130.0,80.0,54,post_swap,GCAMP18,97,2
55,8,GCAMP18_8_55,False,370,320,swap_distal,130.0,80.0,55,post_swap,GCAMP18,19,1
56,8,GCAMP18_8_56,False,370,320,swap_distal,130.0,80.0,56,post_swap,GCAMP18,-1,2
57,8,GCAMP18_8_57,False,370,320,swap_distal,130.0,80.0,57,post_swap,GCAMP18,19,1
58,8,GCAMP18_8_58,False,370,320,swap_distal,130.0,80.0,58,post_swap,GCAMP18,91,2
59,8,GCAMP18_8_59,True,370,320,swap_distal,130.0,80.0,59,post_swap,GCAMP18,3,0
60,8,GCAMP18_8_60,False,370,320,swap_distal,130.0,80.0,60,post_swap,GCAMP18,65,1
61,8,GCAMP18_8_61,False,370,320,swap_distal,130.0,80.0,61,post_swap,GCAMP18,24,2
62,8,GCAMP18_8_62,False,370,320,swap_distal,130.0,80.0,62,post_swap,GCAMP18,24,2
63,8,GCAMP18_8_63,False,370,320,swap_distal,130.0,80.0,63,post_swap,GCAMP18,91,2
64,8,GCAMP18_8_64,False,370,320,swap_distal,130.0,80.0,64,post_swap,GCAMP18,88,2
65,8,GCAMP18_8_65,False,370,320,swap_distal,130.0,80.0,65,post_swap,GCAMP18,74,3
66,8,GCAMP18_8_66,False,370,320,swap_distal,130.0,80.0,66,post_swap,GCAMP18,7,2
67,8,GCAMP18_8_67,True,370,320,swap_distal,130.0,80.0,67,post_swap,GCAMP18,3,0
68,8,GCAMP18_8_68,False,370,320,swap_distal,130.0,80.0,68,post_swap,GCAMP18,97,2
69,8,GCAMP18_8_69,False,370,320,swap_distal,130.0,80.0,69,post_swap,GCAMP18,19,2
70,8,GCAMP18_8_70,False,370,320,swap_distal,130.0,80.0,70,post_swap,GCAMP18,25,2
71,8,GCAMP18_8_71,False,370,320,swap_distal,130.0,80.0,71,post_swap,GCAMP18,87,2
72,8,GCAMP18_8_72,False,370,320,swap_distal,130.0,80.0,72,post_swap,GCAMP18,88,2
73,8,GCAMP18_8_73,False,370,320,swap_distal,130.0,80.0,73,post_swap,GCAMP18,87,2
74,8,GCAMP18_8_74,False,370,320,swap_distal,130.0,80.0,74,post_swap,GCAMP18,74,3
75,8,GCAMP18_8_75,False,370,320,swap_distal,130.0,80.0,75,post_swap,GCAMP18,21,2
76,8,GCAMP18_8_76,True,370,320,swap_distal,130.0,80.0,76,post_swap,GCAMP18,57,0
77,8,GCAMP18_8_77,False,370,320,swap_distal,130.0,80.0,77,post_swap,GCAMP18,65,1
78,8,GCAMP18_8_78,False,370,320,swap_distal,130.0,80.0,78,post_swap,GCAMP18,73,2
79,8,GCAMP18_8_79,False,370,320,swap_distal,130.0,80.0,79,post_swap,GCAMP18,25,2
0,10,GCAMP18_10_0,False,370,320,swap_proximal,250.0,200.0,0,pre_swap,GCAMP18,36,1
1,10,GCAMP18_10_1,False,370,320,swap_proximal,250.0,200.0,1,pre_swap,GCAMP18,19,2
2,10,GCAMP18_10_2,True,370,320,swap_proximal,250.0,200.0,2,pre_swap,GCAMP18,57,0
3,10,GCAMP18_10_3,False,370,320,swap_proximal,250.0,200.0,3,pre_swap,GCAMP18,25,2
4,10,GCAMP18_10_4,False,370,320,swap_proximal,250.0,200.0,4,pre_swap,GCAMP18,11,3
5,10,GCAMP18_10_5,False,370,320,swap_proximal,250.0,200.0,5,pre_swap,GCAMP18,38,2
6,10,GCAMP18_10_6,False,370,320,swap_proximal,250.0,200.0,6,pre_swap,GCAMP18,30,2
7,10,GCAMP18_10_7,False,370,320,swap_proximal,250.0,200.0,7,pre_swap,GCAMP18,5,2
8,10,GCAMP18_10_8,False,370,320,swap_proximal,250.0,200.0,8,pre_swap,GCAMP18,2,2
9,10,GCAMP18_10_9,True,370,320,swap_proximal,250.0,200.0,9,pre_swap,GCAMP18,50,0
10,10,GCAMP18_10_10,False,370,320,swap_proximal,250.0,200.0,10,pre_swap,GCAMP18,-1,2
11,10,GCAMP18_10_11,False,370,320,swap_proximal,250.0,200.0,11,pre_swap,GCAMP18,30,2
12,10,GCAMP18_10_12,False,370,320,swap_proximal,250.0,200.0,12,pre_swap,GCAMP18,54,2
13,10,GCAMP18_10_13,False,370,320,swap_proximal,250.0,200.0,13,pre_swap,GCAMP18,49,2
14,10,GCAMP18_10_14,True,370,320,swap_proximal,250.0,200.0,14,pre_swap,GCAMP18,50,0
15,10,GCAMP18_10_15,False,370,320,swap_proximal,250.0,200.0,15,pre_swap,GCAMP18,90,2
16,10,GCAMP18_10_16,False,370,320,swap_proximal,250.0,200.0,16,pre_swap,GCAMP18,55,2
17,10,GCAMP18_10_17,True,370,320,swap_proximal,250.0,200.0,17,pre_swap,GCAMP18,50,0
18,10,GCAMP18_10_18,False,370,320,swap_proximal,250.0,200.0,18,pre_swap,GCAMP18,36,1
19,10,GCAMP18_10_19,False,370,320,swap_proximal,250.0,200.0,19,pre_swap,GCAMP18,54,3
20,10,GCAMP18_10_20,False,370,320,swap_proximal,250.0,200.0,20,pre_swap,GCAMP18,30,2
21,10,GCAMP18_10_21,False,370,320,swap_proximal,250.0,200.0,21,pre_swap,GCAMP18,55,3
22,10,GCAMP18_10_22,False,370,320,swap_proximal,250.0,200.0,22,pre_swap,GCAMP18,42,2
23,10,GCAMP18_10_23,False,370,320,swap_proximal,250.0,200.0,23,pre_swap,GCAMP18,2,2
24,10,GCAMP18_10_24,False,370,320,swap_proximal,250.0,200.0,24,pre_swap,GCAMP18,87,2
25,10,GCAMP18_10_25,False,370,320,swap_proximal,250.0,200.0,25,pre_swap,GCAMP18,-1,0
26,10,GCAMP18_10_26,False,370,320,swap_proximal,250.0,200.0,26,pre_swap,GCAMP18,25,2
27,10,GCAMP18_10_27,False,370,320,swap_proximal,250.0,200.0,27,pre_swap,GCAMP18,54,3
28,10,GCAMP18_10_28,False,370,320,swap_proximal,250.0,200.0,28,pre_swap,GCAMP18,92,3
29,10,GCAMP18_10_29,True,370,320,swap_proximal,250.0,200.0,29,pre_swap,GCAMP18,50,0
30,10,GCAMP18_10_30,False,250,200,swap_proximal,370.0,320.0,30,post_swap,GCAMP18,3,0
31,10,GCAMP18_10_31,False,250,200,swap_proximal,370.0,320.0,31,post_swap,GCAMP18,82,9
32,10,GCAMP18_10_32,False,250,200,swap_proximal,370.0,320.0,32,post_swap,GCAMP18,79,9
33,10,GCAMP18_10_33,True,250,200,swap_proximal,370.0,320.0,33,post_swap,GCAMP18,78,6
34,10,GCAMP18_10_34,False,250,200,swap_proximal,370.0,320.0,34,post_swap,GCAMP18,51,5
35,10,GCAMP18_10_35,False,250,200,swap_proximal,370.0,320.0,35,post_swap,GCAMP18,4,4
36,10,GCAMP18_10_36,False,250,200,swap_proximal,370.0,320.0,36,post_swap,GCAMP18,9,4
37,10,GCAMP18_10_37,True,250,200,swap_proximal,370.0,320.0,37,post_swap,GCAMP18,28,6
38,10,GCAMP18_10_38,False,250,200,swap_proximal,370.0,320.0,38,post_swap,GCAMP18,9,4
39,10,GCAMP18_10_39,True,250,200,swap_proximal,370.0,320.0,39,post_swap,GCAMP18,41,6
40,10,GCAMP18_10_40,False,250,200,swap_proximal,370.0,320.0,40,post_swap,GCAMP18,17,5
41,10,GCAMP18_10_41,False,250,200,swap_proximal,370.0,320.0,41,post_swap,GCAMP18,9,4
42,10,GCAMP18_10_42,False,250,200,swap_proximal,370.0,320.0,42,post_swap,GCAMP18,33,2
43,10,GCAMP18_10_43,False,250,200,swap_proximal,370.0,320.0,43,post_swap,GCAMP18,4,5
44,10,GCAMP18_10_44,True,250,200,swap_proximal,370.0,320.0,44,post_swap,GCAMP18,21,6
45,10,GCAMP18_10_45,False,250,200,swap_proximal,370.0,320.0,45,post_swap,GCAMP18,52,5
46,10,GCAMP18_10_46,False,250,200,swap_proximal,370.0,320.0,46,post_swap,GCAMP18,9,4
47,10,GCAMP18_10_47,False,250,200,swap_proximal,370.0,320.0,47,post_swap,GCAMP18,9,4
48,10,GCAMP18_10_48,False,250,200,swap_proximal,370.0,320.0,48,post_swap,GCAMP18,81,4
49,10,GCAMP18_10_49,False,250,200,swap_proximal,370.0,320.0,49,post_swap,GCAMP18,4,4
50,10,GCAMP18_10_50,False,250,200,swap_proximal,370.0,320.0,50,post_swap,GCAMP18,6,4
51,10,GCAMP18_10_51,True,250,200,swap_proximal,370.0,320.0,51,post_swap,GCAMP18,9,2
52,10,GCAMP18_10_52,False,250,200,swap_proximal,370.0,320.0,52,post_swap,GCAMP18,17,5
53,10,GCAMP18_10_53,True,250,200,swap_proximal,370.0,320.0,53,post_swap,GCAMP18,90,2
54,10,GCAMP18_10_54,False,250,200,swap_proximal,370.0,320.0,54,post_swap,GCAMP18,4,4
55,10,GCAMP18_10_55,False,250,200,swap_proximal,370.0,320.0,55,post_swap,GCAMP18,81,4
56,10,GCAMP18_10_56,False,250,200,swap_proximal,370.0,320.0,56,post_swap,GCAMP18,61,4
57,10,GCAMP18_10_57,True,250,200,swap_proximal,370.0,320.0,57,post_swap,GCAMP18,90,2
58,10,GCAMP18_10_58,False,250,200,swap_proximal,370.0,320.0,58,post_swap,GCAMP18,51,5
59,10,GCAMP18_10_59,False,250,200,swap_proximal,370.0,320.0,59,post_swap,GCAMP18,-1,4
60,10,GCAMP18_10_60,True,250,200,swap_proximal,370.0,320.0,60,post_swap,GCAMP18,66,2
61,10,GCAMP18_10_61,False,250,200,swap_proximal,370.0,320.0,61,post_swap,GCAMP18,4,4
62,10,GCAMP18_10_62,False,250,200,swap_proximal,370.0,320.0,62,post_swap,GCAMP18,33,4
63,10,GCAMP18_10_63,False,250,200,swap_proximal,370.0,320.0,63,post_swap,GCAMP18,6,4
64,10,GCAMP18_10_64,False,250,200,swap_proximal,370.0,320.0,64,post_swap,GCAMP18,33,4
65,10,GCAMP18_10_65,False,250,200,swap_proximal,370.0,320.0,65,post_swap,GCAMP18,6,4
66,10,GCAMP18_10_66,False,250,200,swap_proximal,370.0,320.0,66,post_swap,GCAMP18,81,2
67,10,GCAMP18_10_67,False,250,200,swap_proximal,370.0,320.0,67,post_swap,GCAMP18,33,0
68,10,GCAMP18_10_68,False,250,200,swap_proximal,370.0,320.0,68,post_swap,GCAMP18,83,5
69,10,GCAMP18_10_69,True,250,200,swap_proximal,370.0,320.0,69,post_swap,GCAMP18,1,1
70,10,GCAMP18_10_70,False,250,200,swap_proximal,370.0,320.0,70,post_swap,GCAMP18,14,4
71,10,GCAMP18_10_71,True,250,200,swap_proximal,370.0,320.0,71,post_swap,GCAMP18,9,4
72,10,GCAMP18_10_72,False,250,200,swap_proximal,370.0,320.0,72,post_swap,GCAMP18,4,4
73,10,GCAMP18_10_73,False,250,200,swap_proximal,370.0,320.0,73,post_swap,GCAMP18,63,4
74,10,GCAMP18_10_74,False,250,200,swap_proximal,370.0,320.0,74,post_swap,GCAMP18,58,4
75,10,GCAMP18_10_75,False,250,200,swap_proximal,370.0,320.0,75,post_swap,GCAMP18,81,4
76,10,GCAMP18_10_76,False,250,200,swap_proximal,370.0,320.0,76,post_swap,GCAMP18,81,4
77,10,GCAMP18_10_77,False,250,200,swap_proximal,370.0,320.0,77,post_swap,GCAMP18,81,4
78,10,GCAMP18_10_78,False,250,200,swap_proximal,370.0,320.0,78,post_swap,GCAMP18,13,4
79,10,GCAMP18_10_79,False,250,200,swap_proximal,370.0,320.0,79,post_swap,GCAMP18,33,2
0,12,GCAMP18_12_0,False,250,200,swap_proximal,130.0,80.0,0,pre_swap,GCAMP18,9,4
1,12,GCAMP18_12_1,False,250,200,swap_proximal,130.0,80.0,1,pre_swap,GCAMP18,14,4
2,12,GCAMP18_12_2,False,250,200,swap_proximal,130.0,80.0,2,pre_swap,GCAMP18,6,4
3,12,GCAMP18_12_3,True,250,200,swap_proximal,130.0,80.0,3,pre_swap,GCAMP18,29,0
4,12,GCAMP18_12_4,False,250,200,swap_proximal,130.0,80.0,4,pre_swap,GCAMP18,61,4
5,12,GCAMP18_12_5,True,250,200,swap_proximal,130.0,80.0,5,pre_swap,GCAMP18,25,0
6,12,GCAMP18_12_6,False,250,200,swap_proximal,130.0,80.0,6,pre_swap,GCAMP18,12,2
7,12,GCAMP18_12_7,False,250,200,swap_proximal,130.0,80.0,7,pre_swap,GCAMP18,12,2
8,12,GCAMP18_12_8,True,250,200,swap_proximal,130.0,80.0,8,pre_swap,GCAMP18,90,0
9,12,GCAMP18_12_9,False,250,200,swap_proximal,130.0,80.0,9,pre_swap,GCAMP18,23,4
10,12,GCAMP18_12_10,False,250,200,swap_proximal,130.0,80.0,10,pre_swap,GCAMP18,58,4
11,12,GCAMP18_12_11,False,250,200,swap_proximal,130.0,80.0,11,pre_swap,GCAMP18,61,4
12,12,GCAMP18_12_12,False,250,200,swap_proximal,130.0,80.0,12,pre_swap,GCAMP18,-1,4
13,12,GCAMP18_12_13,True,250,200,swap_proximal,130.0,80.0,13,pre_swap,GCAMP18,81,4
14,12,GCAMP18_12_14,False,250,200,swap_proximal,130.0,80.0,14,pre_swap,GCAMP18,58,4
15,12,GCAMP18_12_15,False,250,200,swap_proximal,130.0,80.0,15,pre_swap,GCAMP18,81,4
16,12,GCAMP18_12_16,False,250,200,swap_proximal,130.0,80.0,16,pre_swap,GCAMP18,81,4
17,12,GCAMP18_12_17,False,250,200,swap_proximal,130.0,80.0,17,pre_swap,GCAMP18,58,4
18,12,GCAMP18_12_18,False,250,200,swap_proximal,130.0,80.0,18,pre_swap,GCAMP18,61,4
19,12,GCAMP18_12_19,False,250,200,swap_proximal,130.0,80.0,19,pre_swap,GCAMP18,33,4
20,12,GCAMP18_12_20,False,250,200,swap_proximal,130.0,80.0,20,pre_swap,GCAMP18,62,4
21,12,GCAMP18_12_21,False,250,200,swap_proximal,130.0,80.0,21,pre_swap,GCAMP18,33,4
22,12,GCAMP18_12_22,False,250,200,swap_proximal,130.0,80.0,22,pre_swap,GCAMP18,58,4
23,12,GCAMP18_12_23,False,250,200,swap_proximal,130.0,80.0,23,pre_swap,GCAMP18,61,4
24,12,GCAMP18_12_24,False,250,200,swap_proximal,130.0,80.0,24,pre_swap,GCAMP18,81,4
25,12,GCAMP18_12_25,False,250,200,swap_proximal,130.0,80.0,25,pre_swap,GCAMP18,58,4
26,12,GCAMP18_12_26,False,250,200,swap_proximal,130.0,80.0,26,pre_swap,GCAMP18,61,4
27,12,GCAMP18_12_27,True,250,200,swap_proximal,130.0,80.0,27,pre_swap,GCAMP18,81,2
28,12,GCAMP18_12_28,False,250,200,swap_proximal,130.0,80.0,28,pre_swap,GCAMP18,58,4
29,12,GCAMP18_12_29,False,250,200,swap_proximal,130.0,80.0,29,pre_swap,GCAMP18,61,4
30,12,GCAMP18_12_30,True,130,80,swap_proximal,250.0,200.0,30,post_swap,GCAMP18,81,2
31,12,GCAMP18_12_31,False,130,80,swap_proximal,250.0,200.0,31,post_swap,GCAMP18,4,1
32,12,GCAMP18_12_32,False,130,80,swap_proximal,250.0,200.0,32,post_swap,GCAMP18,79,9
33,12,GCAMP18_12_33,False,130,80,swap_proximal,250.0,200.0,33,post_swap,GCAMP18,77,3
34,12,GCAMP18_12_34,True,130,80,swap_proximal,250.0,200.0,34,post_swap,GCAMP18,67,1
35,12,GCAMP18_12_35,False,130,80,swap_proximal,250.0,200.0,35,post_swap,GCAMP18,77,7
36,12,GCAMP18_12_36,False,130,80,swap_proximal,250.0,200.0,36,post_swap,GCAMP18,46,3
37,12,GCAMP18_12_37,True,130,80,swap_proximal,250.0,200.0,37,post_swap,GCAMP18,53,1
38,12,GCAMP18_12_38,False,130,80,swap_proximal,250.0,200.0,38,post_swap,GCAMP18,39,3
39,12,GCAMP18_12_39,False,130,80,swap_proximal,250.0,200.0,39,post_swap,GCAMP18,20,3
40,12,GCAMP18_12_40,False,130,80,swap_proximal,250.0,200.0,40,post_swap,GCAMP18,39,3
41,12,GCAMP18_12_41,False,130,80,swap_proximal,250.0,200.0,41,post_swap,GCAMP18,27,3
42,12,GCAMP18_12_42,False,130,80,swap_proximal,250.0,200.0,42,post_swap,GCAMP18,40,7
43,12,GCAMP18_12_43,False,130,80,swap_proximal,250.0,200.0,43,post_swap,GCAMP18,16,3
44,12,GCAMP18_12_44,False,130,80,swap_proximal,250.0,200.0,44,post_swap,GCAMP18,39,3
45,12,GCAMP18_12_45,False,130,80,swap_proximal,250.0,200.0,45,post_swap,GCAMP18,35,3
46,12,GCAMP18_12_46,False,130,80,swap_proximal,250.0,200.0,46,post_swap,GCAMP18,76,3
47,12,GCAMP18_12_47,False,130,80,swap_proximal,250.0,200.0,47,post_swap,GCAMP18,27,3
48,12,GCAMP18_12_48,False,130,80,swap_proximal,250.0,200.0,48,post_swap,GCAMP18,44,3
49,12,GCAMP18_12_49,False,130,80,swap_proximal,250.0,200.0,49,post_swap,GCAMP18,46,3
50,12,GCAMP18_12_50,False,130,80,swap_proximal,250.0,200.0,50,post_swap,GCAMP18,77,3
51,12,GCAMP18_12_51,False,130,80,swap_proximal,250.0,200.0,51,post_swap,GCAMP18,27,3
52,12,GCAMP18_12_52,False,130,80,swap_proximal,250.0,200.0,52,post_swap,GCAMP18,70,3
53,12,GCAMP18_12_53,False,130,80,swap_proximal,250.0,200.0,53,post_swap,GCAMP18,-1,3
54,12,GCAMP18_12_54,False,130,80,swap_proximal,250.0,200.0,54,post_swap,GCAMP18,20,3
55,12,GCAMP18_12_55,True,130,80,swap_proximal,250.0,200.0,55,post_swap,GCAMP18,31,5
56,12,GCAMP18_12_56,False,130,80,swap_proximal,250.0,200.0,56,post_swap,GCAMP18,43,3
57,12,GCAMP18_12_57,True,130,80,swap_proximal,250.0,200.0,57,post_swap,GCAMP18,31,5
58,12,GCAMP18_12_58,False,130,80,swap_proximal,250.0,200.0,58,post_swap,GCAMP18,46,3
59,12,GCAMP18_12_59,False,130,80,swap_proximal,250.0,200.0,59,post_swap,GCAMP18,-1,5
60,12,GCAMP18_12_60,False,130,80,swap_proximal,250.0,200.0,60,post_swap,GCAMP18,77,3
61,12,GCAMP18_12_61,False,130,80,swap_proximal,250.0,200.0,61,post_swap,GCAMP18,16,7
62,12,GCAMP18_12_62,False,130,80,swap_proximal,250.0,200.0,62,post_swap,GCAMP18,46,3
63,12,GCAMP18_12_63,True,130,80,swap_proximal,250.0,200.0,63,post_swap,GCAMP18,26,5
64,12,GCAMP18_12_64,False,130,80,swap_proximal,250.0,200.0,64,post_swap,GCAMP18,27,3
65,12,GCAMP18_12_65,False,130,80,swap_proximal,250.0,200.0,65,post_swap,GCAMP18,44,3
66,12,GCAMP18_12_66,False,130,80,swap_proximal,250.0,200.0,66,post_swap,GCAMP18,77,3
67,12,GCAMP18_12_67,False,130,80,swap_proximal,250.0,200.0,67,post_swap,GCAMP18,59,3
68,12,GCAMP18_12_68,False,130,80,swap_proximal,250.0,200.0,68,post_swap,GCAMP18,69,3
69,12,GCAMP18_12_69,False,130,80,swap_proximal,250.0,200.0,69,post_swap,GCAMP18,70,3
70,12,GCAMP18_12_70,False,130,80,swap_proximal,250.0,200.0,70,post_swap,GCAMP18,76,3
71,12,GCAMP18_12_71,False,130,80,swap_proximal,250.0,200.0,71,post_swap,GCAMP18,16,3
72,12,GCAMP18_12_72,False,130,80,swap_proximal,250.0,200.0,72,post_swap,GCAMP18,20,3
73,12,GCAMP18_12_73,False,130,80,swap_proximal,250.0,200.0,73,post_swap,GCAMP18,16,3
74,12,GCAMP18_12_74,True,130,80,swap_proximal,250.0,200.0,74,post_swap,GCAMP18,46,3
75,12,GCAMP18_12_75,True,130,80,swap_proximal,250.0,200.0,75,post_swap,GCAMP18,82,1
76,12,GCAMP18_12_76,False,130,80,swap_proximal,250.0,200.0,76,post_swap,GCAMP18,68,3
77,12,GCAMP18_12_77,False,130,80,swap_proximal,250.0,200.0,77,post_swap,GCAMP18,27,3
78,12,GCAMP18_12_78,False,130,80,swap_proximal,250.0,200.0,78,post_swap,GCAMP18,68,3
79,12,GCAMP18_12_79,False,130,80,swap_proximal,250.0,200.0,79,post_swap,GCAMP18,77,3
0,14,GCAMP18_14_0,True,130,80,swap_distal,370.0,320.0,0,pre_swap,GCAMP18,36,6
1,14,GCAMP18_14_1,False,130,80,swap_distal,370.0,320.0,1,pre_swap,GCAMP18,0,5
2,14,GCAMP18_14_2,False,130,80,swap_distal,370.0,320.0,2,pre_swap,GCAMP18,27,3
3,14,GCAMP18_14_3,False,130,80,swap_distal,370.0,320.0,3,pre_swap,GCAMP18,27,3
4,14,GCAMP18_14_4,False,130,80,swap_distal,370.0,320.0,4,pre_swap,GCAMP18,77,3
5,14,GCAMP18_14_5,False,130,80,swap_distal,370.0,320.0,5,pre_swap,GCAMP18,40,7
6,14,GCAMP18_14_6,False,130,80,swap_distal,370.0,320.0,6,pre_swap,GCAMP18,26,5
7,14,GCAMP18_14_7,False,130,80,swap_distal,370.0,320.0,7,pre_swap,GCAMP18,39,7
8,14,GCAMP18_14_8,False,130,80,swap_distal,370.0,320.0,8,pre_swap,GCAMP18,35,5
9,14,GCAMP18_14_9,False,130,80,swap_distal,370.0,320.0,9,pre_swap,GCAMP18,77,3
10,14,GCAMP18_14_10,False,130,80,swap_distal,370.0,320.0,10,pre_swap,GCAMP18,77,3
11,14,GCAMP18_14_11,False,130,80,swap_distal,370.0,320.0,11,pre_swap,GCAMP18,77,3
12,14,GCAMP18_14_12,False,130,80,swap_distal,370.0,320.0,12,pre_swap,GCAMP18,76,3
13,14,GCAMP18_14_13,False,130,80,swap_distal,370.0,320.0,13,pre_swap,GCAMP18,26,5
14,14,GCAMP18_14_14,True,130,80,swap_distal,370.0,320.0,14,pre_swap,GCAMP18,26,5
15,14,GCAMP18_14_15,False,130,80,swap_distal,370.0,320.0,15,pre_swap,GCAMP18,59,3
16,14,GCAMP18_14_16,True,130,80,swap_distal,370.0,320.0,16,pre_swap,GCAMP18,31,5
17,14,GCAMP18_14_17,False,130,80,swap_distal,370.0,320.0,17,pre_swap,GCAMP18,77,3
18,14,GCAMP18_14_18,False,130,80,swap_distal,370.0,320.0,18,pre_swap,GCAMP18,77,3
19,14,GCAMP18_14_19,False,130,80,swap_distal,370.0,320.0,19,pre_swap,GCAMP18,27,3
20,14,GCAMP18_14_20,False,130,80,swap_distal,370.0,320.0,20,pre_swap,GCAMP18,35,3
21,14,GCAMP18_14_21,False,130,80,swap_distal,370.0,320.0,21,pre_swap,GCAMP18,27,3
22,14,GCAMP18_14_22,False,130,80,swap_distal,370.0,320.0,22,pre_swap,GCAMP18,27,3
23,14,GCAMP18_14_23,False,130,80,swap_distal,370.0,320.0,23,pre_swap,GCAMP18,77,3
24,14,GCAMP18_14_24,False,130,80,swap_distal,370.0,320.0,24,pre_swap,GCAMP18,59,3
25,14,GCAMP18_14_25,False,130,80,swap_distal,370.0,320.0,25,pre_swap,GCAMP18,39,3
26,14,GCAMP18_14_26,False,130,80,swap_distal,370.0,320.0,26,pre_swap,GCAMP18,68,3
27,14,GCAMP18_14_27,False,130,80,swap_distal,370.0,320.0,27,pre_swap,GCAMP18,68,3
28,14,GCAMP18_14_28,False,130,80,swap_distal,370.0,320.0,28,pre_swap,GCAMP18,77,3
29,14,GCAMP18_14_29,True,130,80,swap_distal,370.0,320.0,29,pre_swap,GCAMP18,46,5
30,14,GCAMP18_14_30,False,370,320,swap_distal,130.0,80.0,30,post_swap,GCAMP18,72,9
31,14,GCAMP18_14_31,False,370,320,swap_distal,130.0,80.0,31,post_swap,GCAMP18,31,9
32,14,GCAMP18_14_32,False,370,320,swap_distal,130.0,80.0,32,post_swap,GCAMP18,67,10
33,14,GCAMP18_14_33,False,370,320,swap_distal,130.0,80.0,33,post_swap,GCAMP18,67,10
34,14,GCAMP18_14_34,False,370,320,swap_distal,130.0,80.0,34,post_swap,GCAMP18,67,10
35,14,GCAMP18_14_35,False,370,320,swap_distal,130.0,80.0,35,post_swap,GCAMP18,67,1
36,14,GCAMP18_14_36,False,370,320,swap_distal,130.0,80.0,36,post_swap,GCAMP18,65,6
37,14,GCAMP18_14_37,False,370,320,swap_distal,130.0,80.0,37,post_swap,GCAMP18,65,1
38,14,GCAMP18_14_38,False,370,320,swap_distal,130.0,80.0,38,post_swap,GCAMP18,64,1
39,14,GCAMP18_14_39,False,370,320,swap_distal,130.0,80.0,39,post_swap,GCAMP18,67,1
40,14,GCAMP18_14_40,False,370,320,swap_distal,130.0,80.0,40,post_swap,GCAMP18,64,1
41,14,GCAMP18_14_41,False,370,320,swap_distal,130.0,80.0,41,post_swap,GCAMP18,64,1
42,14,GCAMP18_14_42,False,370,320,swap_distal,130.0,80.0,42,post_swap,GCAMP18,36,1
43,14,GCAMP18_14_43,False,370,320,swap_distal,130.0,80.0,43,post_swap,GCAMP18,36,1
44,14,GCAMP18_14_44,False,370,320,swap_distal,130.0,80.0,44,post_swap,GCAMP18,99,2
45,14,GCAMP18_14_45,False,370,320,swap_distal,130.0,80.0,45,post_swap,GCAMP18,41,1
46,14,GCAMP18_14_46,False,370,320,swap_distal,130.0,80.0,46,post_swap,GCAMP18,99,2
47,14,GCAMP18_14_47,False,370,320,swap_distal,130.0,80.0,47,post_swap,GCAMP18,-1,0
48,14,GCAMP18_14_48,False,370,320,swap_distal,130.0,80.0,48,post_swap,GCAMP18,65,1
49,14,GCAMP18_14_49,False,370,320,swap_distal,130.0,80.0,49,post_swap,GCAMP18,25,2
50,14,GCAMP18_14_50,False,370,320,swap_distal,130.0,80.0,50,post_swap,GCAMP18,25,2
51,14,GCAMP18_14_51,False,370,320,swap_distal,130.0,80.0,51,post_swap,GCAMP18,25,2
52,14,GCAMP18_14_52,False,370,320,swap_distal,130.0,80.0,52,post_swap,GCAMP18,25,2
53,14,GCAMP18_14_53,False,370,320,swap_distal,130.0,80.0,53,post_swap,GCAMP18,87,2
54,14,GCAMP18_14_54,False,370,320,swap_distal,130.0,80.0,54,post_swap,GCAMP18,91,2
55,14,GCAMP18_14_55,False,370,320,swap_distal,130.0,80.0,55,post_swap,GCAMP18,7,2
56,14,GCAMP18_14_56,False,370,320,swap_distal,130.0,80.0,56,post_swap,GCAMP18,91,2
57,14,GCAMP18_14_57,False,370,320,swap_distal,130.0,80.0,57,post_swap,GCAMP18,74,3
58,14,GCAMP18_14_58,False,370,320,swap_distal,130.0,80.0,58,post_swap,GCAMP18,88,2
59,14,GCAMP18_14_59,False,370,320,swap_distal,130.0,80.0,59,post_swap,GCAMP18,65,1
60,14,GCAMP18_14_60,False,370,320,swap_distal,130.0,80.0,60,post_swap,GCAMP18,91,2
61,14,GCAMP18_14_61,False,370,320,swap_distal,130.0,80.0,61,post_swap,GCAMP18,89,3
62,14,GCAMP18_14_62,False,370,320,swap_distal,130.0,80.0,62,post_swap,GCAMP18,36,1
63,14,GCAMP18_14_63,False,370,320,swap_distal,130.0,80.0,63,post_swap,GCAMP18,1,6
64,14,GCAMP18_14_64,True,370,320,swap_distal,130.0,80.0,64,post_swap,GCAMP18,79,6
65,14,GCAMP18_14_65,False,370,320,swap_distal,130.0,80.0,65,post_swap,GCAMP18,65,1
66,14,GCAMP18_14_66,False,370,320,swap_distal,130.0,80.0,66,post_swap,GCAMP18,92,3
67,14,GCAMP18_14_67,True,370,320,swap_distal,130.0,80.0,67,post_swap,GCAMP18,57,0
68,14,GCAMP18_14_68,False,370,320,swap_distal,130.0,80.0,68,post_swap,GCAMP18,36,1
69,14,GCAMP18_14_69,False,370,320,swap_distal,130.0,80.0,69,post_swap,GCAMP18,74,3
70,14,GCAMP18_14_70,False,370,320,swap_distal,130.0,80.0,70,post_swap,GCAMP18,1,1
71,14,GCAMP18_14_71,False,370,320,swap_distal,130.0,80.0,71,post_swap,GCAMP18,25,2
72,14,GCAMP18_14_72,False,370,320,swap_distal,130.0,80.0,72,post_swap,GCAMP18,7,2
73,14,GCAMP18_14_73,False,370,320,swap_distal,130.0,80.0,73,post_swap,GCAMP18,-1,1
74,14,GCAMP18_14_74,False,370,320,swap_distal,130.0,80.0,74,post_swap,GCAMP18,24,2
75,14,GCAMP18_14_75,False,370,320,swap_distal,130.0,80.0,75,post_swap,GCAMP18,42,2
76,14,GCAMP18_14_76,False,370,320,swap_distal,130.0,80.0,76,post_swap,GCAMP18,45,2
77,14,GCAMP18_14_77,False,370,320,swap_distal,130.0,80.0,77,post_swap,GCAMP18,7,0
78,14,GCAMP18_14_78,False,370,320,swap_distal,130.0,80.0,78,post_swap,GCAMP18,38,2
79,14,GCAMP18_14_79,False,370,320,swap_distal,130.0,80.0,79,post_swap,GCAMP18,19,2
0,3,GCAMP19_3_0,False,370,320,swap_proximal,250.0,200.0,0,pre_swap,GCAMP19,67,10
1,3,GCAMP19_3_1,False,370,320,swap_proximal,250.0,200.0,1,pre_swap,GCAMP19,50,0
2,3,GCAMP19_3_2,True,370,320,swap_proximal,250.0,200.0,2,pre_swap,GCAMP19,57,0
3,3,GCAMP19_3_3,False,370,320,swap_proximal,250.0,200.0,3,pre_swap,GCAMP19,42,2
4,3,GCAMP19_3_4,True,370,320,swap_proximal,250.0,200.0,4,pre_swap,GCAMP19,50,0
5,3,GCAMP19_3_5,False,370,320,swap_proximal,250.0,200.0,5,pre_swap,GCAMP19,2,2
6,3,GCAMP19_3_6,False,370,320,swap_proximal,250.0,200.0,6,pre_swap,GCAMP19,11,3
7,3,GCAMP19_3_7,False,370,320,swap_proximal,250.0,200.0,7,pre_swap,GCAMP19,55,3
8,3,GCAMP19_3_8,True,370,320,swap_proximal,250.0,200.0,8,pre_swap,GCAMP19,50,0
9,3,GCAMP19_3_9,False,370,320,swap_proximal,250.0,200.0,9,pre_swap,GCAMP19,36,6
10,3,GCAMP19_3_10,False,370,320,swap_proximal,250.0,200.0,10,pre_swap,GCAMP19,42,2
11,3,GCAMP19_3_11,False,370,320,swap_proximal,250.0,200.0,11,pre_swap,GCAMP19,2,2
12,3,GCAMP19_3_12,False,370,320,swap_proximal,250.0,200.0,12,pre_swap,GCAMP19,99,6
13,3,GCAMP19_3_13,False,370,320,swap_proximal,250.0,200.0,13,pre_swap,GCAMP19,55,2
14,3,GCAMP19_3_14,False,370,320,swap_proximal,250.0,200.0,14,pre_swap,GCAMP19,55,3
15,3,GCAMP19_3_15,True,370,320,swap_proximal,250.0,200.0,15,pre_swap,GCAMP19,3,0
16,3,GCAMP19_3_16,False,370,320,swap_proximal,250.0,200.0,16,pre_swap,GCAMP19,67,10
17,3,GCAMP19_3_17,False,370,320,swap_proximal,250.0,200.0,17,pre_swap,GCAMP19,54,3
18,3,GCAMP19_3_18,False,370,320,swap_proximal,250.0,200.0,18,pre_swap,GCAMP19,55,2
19,3,GCAMP19_3_19,False,370,320,swap_proximal,250.0,200.0,19,pre_swap,GCAMP19,54,3
20,3,GCAMP19_3_20,False,370,320,swap_proximal,250.0,200.0,20,pre_swap,GCAMP19,49,2
21,3,GCAMP19_3_21,True,370,320,swap_proximal,250.0,200.0,21,pre_swap,GCAMP19,56,0
22,3,GCAMP19_3_22,False,370,320,swap_proximal,250.0,200.0,22,pre_swap,GCAMP19,90,2
23,3,GCAMP19_3_23,False,370,320,swap_proximal,250.0,200.0,23,pre_swap,GCAMP19,92,3
24,3,GCAMP19_3_24,False,370,320,swap_proximal,250.0,200.0,24,pre_swap,GCAMP19,54,3
25,3,GCAMP19_3_25,False,370,320,swap_proximal,250.0,200.0,25,pre_swap,GCAMP19,56,0
26,3,GCAMP19_3_26,False,370,320,swap_proximal,250.0,200.0,26,pre_swap,GCAMP19,2,2
27,3,GCAMP19_3_27,False,370,320,swap_proximal,250.0,200.0,27,pre_swap,GCAMP19,55,2
28,3,GCAMP19_3_28,False,370,320,swap_proximal,250.0,200.0,28,pre_swap,GCAMP19,30,2
29,3,GCAMP19_3_29,False,370,320,swap_proximal,250.0,200.0,29,pre_swap,GCAMP19,54,2
30,3,GCAMP19_3_30,False,250,200,swap_proximal,370.0,320.0,30,post_swap,GCAMP19,3,0
31,3,GCAMP19_3_31,False,250,200,swap_proximal,370.0,320.0,31,post_swap,GCAMP19,60,6
32,3,GCAMP19_3_32,False,250,200,swap_proximal,370.0,320.0,32,post_swap,GCAMP19,36,6
33,3,GCAMP19_3_33,False,250,200,swap_proximal,370.0,320.0,33,post_swap,GCAMP19,60,6
34,3,GCAMP19_3_34,False,250,200,swap_proximal,370.0,320.0,34,post_swap,GCAMP19,79,6
35,3,GCAMP19_3_35,False,250,200,swap_proximal,370.0,320.0,35,post_swap,GCAMP19,79,6
36,3,GCAMP19_3_36,False,250,200,swap_proximal,370.0,320.0,36,post_swap,GCAMP19,36,6
37,3,GCAMP19_3_37,False,250,200,swap_proximal,370.0,320.0,37,post_swap,GCAMP19,78,6
38,3,GCAMP19_3_38,False,250,200,swap_proximal,370.0,320.0,38,post_swap,GCAMP19,85,10
39,3,GCAMP19_3_39,False,250,200,swap_proximal,370.0,320.0,39,post_swap,GCAMP19,36,6
40,3,GCAMP19_3_40,False,250,200,swap_proximal,370.0,320.0,40,post_swap,GCAMP19,85,10
41,3,GCAMP19_3_41,False,250,200,swap_proximal,370.0,320.0,41,post_swap,GCAMP19,78,6
42,3,GCAMP19_3_42,True,250,200,swap_proximal,370.0,320.0,42,post_swap,GCAMP19,78,10
43,3,GCAMP19_3_43,False,250,200,swap_proximal,370.0,320.0,43,post_swap,GCAMP19,85,10
44,3,GCAMP19_3_44,False,250,200,swap_proximal,370.0,320.0,44,post_swap,GCAMP19,79,6
45,3,GCAMP19_3_45,False,250,200,swap_proximal,370.0,320.0,45,post_swap,GCAMP19,79,6
46,3,GCAMP19_3_46,False,250,200,swap_proximal,370.0,320.0,46,post_swap,GCAMP19,83,9
47,3,GCAMP19_3_47,False,250,200,swap_proximal,370.0,320.0,47,post_swap,GCAMP19,79,6
48,3,GCAMP19_3_48,False,250,200,swap_proximal,370.0,320.0,48,post_swap,GCAMP19,83,9
49,3,GCAMP19_3_49,False,250,200,swap_proximal,370.0,320.0,49,post_swap,GCAMP19,61,4
50,3,GCAMP19_3_50,False,250,200,swap_proximal,370.0,320.0,50,post_swap,GCAMP19,58,4
51,3,GCAMP19_3_51,False,250,200,swap_proximal,370.0,320.0,51,post_swap,GCAMP19,51,5
52,3,GCAMP19_3_52,False,250,200,swap_proximal,370.0,320.0,52,post_swap,GCAMP19,33,0
53,3,GCAMP19_3_53,True,250,200,swap_proximal,370.0,320.0,53,post_swap,GCAMP19,41,1
54,3,GCAMP19_3_54,False,250,200,swap_proximal,370.0,320.0,54,post_swap,GCAMP19,52,5
55,3,GCAMP19_3_55,False,250,200,swap_proximal,370.0,320.0,55,post_swap,GCAMP19,58,4
56,3,GCAMP19_3_56,False,250,200,swap_proximal,370.0,320.0,56,post_swap,GCAMP19,81,4
57,3,GCAMP19_3_57,True,250,200,swap_proximal,370.0,320.0,57,post_swap,GCAMP19,-1,0
58,3,GCAMP19_3_58,False,250,200,swap_proximal,370.0,320.0,58,post_swap,GCAMP19,-1,0
59,3,GCAMP19_3_59,False,250,200,swap_proximal,370.0,320.0,59,post_swap,GCAMP19,66,2
60,3,GCAMP19_3_60,False,250,200,swap_proximal,370.0,320.0,60,post_swap,GCAMP19,9,4
61,3,GCAMP19_3_61,False,250,200,swap_proximal,370.0,320.0,61,post_swap,GCAMP19,17,5
62,3,GCAMP19_3_62,False,250,200,swap_proximal,370.0,320.0,62,post_swap,GCAMP19,58,4
63,3,GCAMP19_3_63,False,250,200,swap_proximal,370.0,320.0,63,post_swap,GCAMP19,17,5
64,3,GCAMP19_3_64,False,250,200,swap_proximal,370.0,320.0,64,post_swap,GCAMP19,18,4
65,3,GCAMP19_3_65,False,250,200,swap_proximal,370.0,320.0,65,post_swap,GCAMP19,18,4
66,3,GCAMP19_3_66,False,250,200,swap_proximal,370.0,320.0,66,post_swap,GCAMP19,81,4
67,3,GCAMP19_3_67,False,250,200,swap_proximal,370.0,320.0,67,post_swap,GCAMP19,6,4
68,3,GCAMP19_3_68,False,250,200,swap_proximal,370.0,320.0,68,post_swap,GCAMP19,62,4
69,3,GCAMP19_3_69,False,250,200,swap_proximal,370.0,320.0,69,post_swap,GCAMP19,4,4
70,3,GCAMP19_3_70,False,250,200,swap_proximal,370.0,320.0,70,post_swap,GCAMP19,33,2
71,3,GCAMP19_3_71,False,250,200,swap_proximal,370.0,320.0,71,post_swap,GCAMP19,4,5
72,3,GCAMP19_3_72,False,250,200,swap_proximal,370.0,320.0,72,post_swap,GCAMP19,9,4
73,3,GCAMP19_3_73,False,250,200,swap_proximal,370.0,320.0,73,post_swap,GCAMP19,4,9
74,3,GCAMP19_3_74,False,250,200,swap_proximal,370.0,320.0,74,post_swap,GCAMP19,85,9
75,3,GCAMP19_3_75,False,250,200,swap_proximal,370.0,320.0,75,post_swap,GCAMP19,85,9
76,3,GCAMP19_3_76,False,250,200,swap_proximal,370.0,320.0,76,post_swap,GCAMP19,65,6
77,3,GCAMP19_3_77,False,250,200,swap_proximal,370.0,320.0,77,post_swap,GCAMP19,82,5
78,3,GCAMP19_3_78,False,250,200,swap_proximal,370.0,320.0,78,post_swap,GCAMP19,4,5
79,3,GCAMP19_3_79,False,250,200,swap_proximal,370.0,320.0,79,post_swap,GCAMP19,79,6
0,5,GCAMP19_5_0,False,250,200,swap_proximal,130.0,80.0,0,pre_swap,GCAMP19,83,9
1,5,GCAMP19_5_1,False,250,200,swap_proximal,130.0,80.0,1,pre_swap,GCAMP19,4,4
2,5,GCAMP19_5_2,False,250,200,swap_proximal,130.0,80.0,2,pre_swap,GCAMP19,4,4
3,5,GCAMP19_5_3,True,250,200,swap_proximal,130.0,80.0,3,pre_swap,GCAMP19,25,2
4,5,GCAMP19_5_4,False,250,200,swap_proximal,130.0,80.0,4,pre_swap,GCAMP19,63,4
5,5,GCAMP19_5_5,True,250,200,swap_proximal,130.0,80.0,5,pre_swap,GCAMP19,-1,2
6,5,GCAMP19_5_6,False,250,200,swap_proximal,130.0,80.0,6,pre_swap,GCAMP19,18,4
7,5,GCAMP19_5_7,False,250,200,swap_proximal,130.0,80.0,7,pre_swap,GCAMP19,63,4
8,5,GCAMP19_5_8,False,250,200,swap_proximal,130.0,80.0,8,pre_swap,GCAMP19,6,4
9,5,GCAMP19_5_9,False,250,200,swap_proximal,130.0,80.0,9,pre_swap,GCAMP19,63,4
10,5,GCAMP19_5_10,False,250,200,swap_proximal,130.0,80.0,10,pre_swap,GCAMP19,9,4
11,5,GCAMP19_5_11,False,250,200,swap_proximal,130.0,80.0,11,pre_swap,GCAMP19,6,4
12,5,GCAMP19_5_12,True,250,200,swap_proximal,130.0,80.0,12,pre_swap,GCAMP19,4,4
13,5,GCAMP19_5_13,False,250,200,swap_proximal,130.0,80.0,13,pre_swap,GCAMP19,61,4
14,5,GCAMP19_5_14,False,250,200,swap_proximal,130.0,80.0,14,pre_swap,GCAMP19,32,2
15,5,GCAMP19_5_15,False,250,200,swap_proximal,130.0,80.0,15,pre_swap,GCAMP19,6,4
16,5,GCAMP19_5_16,False,250,200,swap_proximal,130.0,80.0,16,pre_swap,GCAMP19,58,4
17,5,GCAMP19_5_17,False,250,200,swap_proximal,130.0,80.0,17,pre_swap,GCAMP19,62,4
18,5,GCAMP19_5_18,False,250,200,swap_proximal,130.0,80.0,18,pre_swap,GCAMP19,62,4
19,5,GCAMP19_5_19,True,250,200,swap_proximal,130.0,80.0,19,pre_swap,GCAMP19,4,4
20,5,GCAMP19_5_20,False,250,200,swap_proximal,130.0,80.0,20,pre_swap,GCAMP19,9,4
21,5,GCAMP19_5_21,True,250,200,swap_proximal,130.0,80.0,21,pre_swap,GCAMP19,9,4
22,5,GCAMP19_5_22,False,250,200,swap_proximal,130.0,80.0,22,pre_swap,GCAMP19,61,4
23,5,GCAMP19_5_23,False,250,200,swap_proximal,130.0,80.0,23,pre_swap,GCAMP19,18,4
24,5,GCAMP19_5_24,True,250,200,swap_proximal,130.0,80.0,24,pre_swap,GCAMP19,1,2
25,5,GCAMP19_5_25,True,250,200,swap_proximal,130.0,80.0,25,pre_swap,GCAMP19,51,5
26,5,GCAMP19_5_26,False,250,200,swap_proximal,130.0,80.0,26,pre_swap,GCAMP19,33,4
27,5,GCAMP19_5_27,False,250,200,swap_proximal,130.0,80.0,27,pre_swap,GCAMP19,58,4
28,5,GCAMP19_5_28,False,250,200,swap_proximal,130.0,80.0,28,pre_swap,GCAMP19,-1,4
29,5,GCAMP19_5_29,False,250,200,swap_proximal,130.0,80.0,29,pre_swap,GCAMP19,63,4
30,5,GCAMP19_5_30,False,130,80,swap_proximal,250.0,200.0,30,post_swap,GCAMP19,4,4
31,5,GCAMP19_5_31,False,130,80,swap_proximal,250.0,200.0,31,post_swap,GCAMP19,9,9
32,5,GCAMP19_5_32,True,130,80,swap_proximal,250.0,200.0,32,post_swap,GCAMP19,52,5
33,5,GCAMP19_5_33,False,130,80,swap_proximal,250.0,200.0,33,post_swap,GCAMP19,48,8
34,5,GCAMP19_5_34,True,130,80,swap_proximal,250.0,200.0,34,post_swap,GCAMP19,83,9
35,5,GCAMP19_5_35,True,130,80,swap_proximal,250.0,200.0,35,post_swap,GCAMP19,52,5
36,5,GCAMP19_5_36,False,130,80,swap_proximal,250.0,200.0,36,post_swap,GCAMP19,72,1
37,5,GCAMP19_5_37,False,130,80,swap_proximal,250.0,200.0,37,post_swap,GCAMP19,16,3
38,5,GCAMP19_5_38,False,130,80,swap_proximal,250.0,200.0,38,post_swap,GCAMP19,72,7
39,5,GCAMP19_5_39,False,130,80,swap_proximal,250.0,200.0,39,post_swap,GCAMP19,86,10
40,5,GCAMP19_5_40,False,130,80,swap_proximal,250.0,200.0,40,post_swap,GCAMP19,48,8
41,5,GCAMP19_5_41,False,130,80,swap_proximal,250.0,200.0,41,post_swap,GCAMP19,40,7
42,5,GCAMP19_5_42,False,130,80,swap_proximal,250.0,200.0,42,post_swap,GCAMP19,48,8
43,5,GCAMP19_5_43,False,130,80,swap_proximal,250.0,200.0,43,post_swap,GCAMP19,40,7
44,5,GCAMP19_5_44,False,130,80,swap_proximal,250.0,200.0,44,post_swap,GCAMP19,48,8
45,5,GCAMP19_5_45,False,130,80,swap_proximal,250.0,200.0,45,post_swap,GCAMP19,40,7
46,5,GCAMP19_5_46,False,130,80,swap_proximal,250.0,200.0,46,post_swap,GCAMP19,48,8
47,5,GCAMP19_5_47,False,130,80,swap_proximal,250.0,200.0,47,post_swap,GCAMP19,40,7
48,5,GCAMP19_5_48,False,130,80,swap_proximal,250.0,200.0,48,post_swap,GCAMP19,47,8
49,5,GCAMP19_5_49,False,130,80,swap_proximal,250.0,200.0,49,post_swap,GCAMP19,2,1
50,5,GCAMP19_5_50,False,130,80,swap_proximal,250.0,200.0,50,post_swap,GCAMP19,40,7
51,5,GCAMP19_5_51,False,130,80,swap_proximal,250.0,200.0,51,post_swap,GCAMP19,39,3
52,5,GCAMP19_5_52,True,130,80,swap_proximal,250.0,200.0,52,post_swap,GCAMP19,53,9
53,5,GCAMP19_5_53,False,130,80,swap_proximal,250.0,200.0,53,post_swap,GCAMP19,40,7
54,5,GCAMP19_5_54,False,130,80,swap_proximal,250.0,200.0,54,post_swap,GCAMP19,27,3
55,5,GCAMP19_5_55,False,130,80,swap_proximal,250.0,200.0,55,post_swap,GCAMP19,40,9
56,5,GCAMP19_5_56,False,130,80,swap_proximal,250.0,200.0,56,post_swap,GCAMP19,40,3
57,5,GCAMP19_5_57,False,130,80,swap_proximal,250.0,200.0,57,post_swap,GCAMP19,-1,3
58,5,GCAMP19_5_58,False,130,80,swap_proximal,250.0,200.0,58,post_swap,GCAMP19,27,3
59,5,GCAMP19_5_59,False,130,80,swap_proximal,250.0,200.0,59,post_swap,GCAMP19,27,3
60,5,GCAMP19_5_60,False,130,80,swap_proximal,250.0,200.0,60,post_swap,GCAMP19,77,3
61,5,GCAMP19_5_61,False,130,80,swap_proximal,250.0,200.0,61,post_swap,GCAMP19,39,3
62,5,GCAMP19_5_62,False,130,80,swap_proximal,250.0,200.0,62,post_swap,GCAMP19,68,3
63,5,GCAMP19_5_63,False,130,80,swap_proximal,250.0,200.0,63,post_swap,GCAMP19,77,3
64,5,GCAMP19_5_64,False,130,80,swap_proximal,250.0,200.0,64,post_swap,GCAMP19,40,7
65,5,GCAMP19_5_65,False,130,80,swap_proximal,250.0,200.0,65,post_swap,GCAMP19,86,10
66,5,GCAMP19_5_66,False,130,80,swap_proximal,250.0,200.0,66,post_swap,GCAMP19,39,3
67,5,GCAMP19_5_67,False,130,80,swap_proximal,250.0,200.0,67,post_swap,GCAMP19,40,3
68,5,GCAMP19_5_68,False,130,80,swap_proximal,250.0,200.0,68,post_swap,GCAMP19,27,3
69,5,GCAMP19_5_69,False,130,80,swap_proximal,250.0,200.0,69,post_swap,GCAMP19,40,7
70,5,GCAMP19_5_70,False,130,80,swap_proximal,250.0,200.0,70,post_swap,GCAMP19,59,3
71,5,GCAMP19_5_71,False,130,80,swap_proximal,250.0,200.0,71,post_swap,GCAMP19,34,3
72,5,GCAMP19_5_72,False,130,80,swap_proximal,250.0,200.0,72,post_swap,GCAMP19,39,3
73,5,GCAMP19_5_73,False,130,80,swap_proximal,250.0,200.0,73,post_swap,GCAMP19,76,3
74,5,GCAMP19_5_74,False,130,80,swap_proximal,250.0,200.0,74,post_swap,GCAMP19,40,3
75,5,GCAMP19_5_75,False,130,80,swap_proximal,250.0,200.0,75,post_swap,GCAMP19,39,3
76,5,GCAMP19_5_76,False,130,80,swap_proximal,250.0,200.0,76,post_swap,GCAMP19,39,3
77,5,GCAMP19_5_77,False,130,80,swap_proximal,250.0,200.0,77,post_swap,GCAMP19,40,3
78,5,GCAMP19_5_78,False,130,80,swap_proximal,250.0,200.0,78,post_swap,GCAMP19,40,3
79,5,GCAMP19_5_79,False,130,80,swap_proximal,250.0,200.0,79,post_swap,GCAMP19,39,3
0,7,GCAMP19_7_0,False,130,80,swap_distal,370.0,320.0,0,pre_swap,GCAMP19,48,8
1,7,GCAMP19_7_1,False,130,80,swap_distal,370.0,320.0,1,pre_swap,GCAMP19,27,3
2,7,GCAMP19_7_2,False,130,80,swap_distal,370.0,320.0,2,pre_swap,GCAMP19,68,3
3,7,GCAMP19_7_3,True,130,80,swap_distal,370.0,320.0,3,pre_swap,GCAMP19,77,5
4,7,GCAMP19_7_4,True,130,80,swap_distal,370.0,320.0,4,pre_swap,GCAMP19,70,5
5,7,GCAMP19_7_5,False,130,80,swap_distal,370.0,320.0,5,pre_swap,GCAMP19,70,3
6,7,GCAMP19_7_6,False,130,80,swap_distal,370.0,320.0,6,pre_swap,GCAMP19,35,3
7,7,GCAMP19_7_7,True,130,80,swap_distal,370.0,320.0,7,pre_swap,GCAMP19,70,5
8,7,GCAMP19_7_8,False,130,80,swap_distal,370.0,320.0,8,pre_swap,GCAMP19,72,7
9,7,GCAMP19_7_9,False,130,80,swap_distal,370.0,320.0,9,pre_swap,GCAMP19,77,3
10,7,GCAMP19_7_10,False,130,80,swap_distal,370.0,320.0,10,pre_swap,GCAMP19,69,3
11,7,GCAMP19_7_11,False,130,80,swap_distal,370.0,320.0,11,pre_swap,GCAMP19,46,3
12,7,GCAMP19_7_12,False,130,80,swap_distal,370.0,320.0,12,pre_swap,GCAMP19,0,3
13,7,GCAMP19_7_13,False,130,80,swap_distal,370.0,320.0,13,pre_swap,GCAMP19,20,3
14,7,GCAMP19_7_14,False,130,80,swap_distal,370.0,320.0,14,pre_swap,GCAMP19,69,3
15,7,GCAMP19_7_15,False,130,80,swap_distal,370.0,320.0,15,pre_swap,GCAMP19,46,3
16,7,GCAMP19_7_16,False,130,80,swap_distal,370.0,320.0,16,pre_swap,GCAMP19,20,3
17,7,GCAMP19_7_17,False,130,80,swap_distal,370.0,320.0,17,pre_swap,GCAMP19,8,3
18,7,GCAMP19_7_18,True,130,80,swap_distal,370.0,320.0,18,pre_swap,GCAMP19,77,5
19,7,GCAMP19_7_19,False,130,80,swap_distal,370.0,320.0,19,pre_swap,GCAMP19,68,3
20,7,GCAMP19_7_20,False,130,80,swap_distal,370.0,320.0,20,pre_swap,GCAMP19,70,3
21,7,GCAMP19_7_21,False,130,80,swap_distal,370.0,320.0,21,pre_swap,GCAMP19,69,3
22,7,GCAMP19_7_22,True,130,80,swap_distal,370.0,320.0,22,pre_swap,GCAMP19,16,9
23,7,GCAMP19_7_23,False,130,80,swap_distal,370.0,320.0,23,pre_swap,GCAMP19,46,3
24,7,GCAMP19_7_24,False,130,80,swap_distal,370.0,320.0,24,pre_swap,GCAMP19,72,7
25,7,GCAMP19_7_25,True,130,80,swap_distal,370.0,320.0,25,pre_swap,GCAMP19,31,10
26,7,GCAMP19_7_26,False,130,80,swap_distal,370.0,320.0,26,pre_swap,GCAMP19,31,9
27,7,GCAMP19_7_27,True,130,80,swap_distal,370.0,320.0,27,pre_swap,GCAMP19,53,1
28,7,GCAMP19_7_28,False,130,80,swap_distal,370.0,320.0,28,pre_swap,GCAMP19,46,3
29,7,GCAMP19_7_29,False,130,80,swap_distal,370.0,320.0,29,pre_swap,GCAMP19,68,3
30,7,GCAMP19_7_30,False,370,320,swap_distal,130.0,80.0,30,post_swap,GCAMP19,31,9
31,7,GCAMP19_7_31,False,370,320,swap_distal,130.0,80.0,31,post_swap,GCAMP19,67,1
32,7,GCAMP19_7_32,False,370,320,swap_distal,130.0,80.0,32,post_swap,GCAMP19,65,1
33,7,GCAMP19_7_33,False,370,320,swap_distal,130.0,80.0,33,post_swap,GCAMP19,67,10
34,7,GCAMP19_7_34,False,370,320,swap_distal,130.0,80.0,34,post_swap,GCAMP19,64,1
35,7,GCAMP19_7_35,False,370,320,swap_distal,130.0,80.0,35,post_swap,GCAMP19,65,1
36,7,GCAMP19_7_36,False,370,320,swap_distal,130.0,80.0,36,post_swap,GCAMP19,65,1
37,7,GCAMP19_7_37,False,370,320,swap_distal,130.0,80.0,37,post_swap,GCAMP19,78,10
38,7,GCAMP19_7_38,False,370,320,swap_distal,130.0,80.0,38,post_swap,GCAMP19,36,1
39,7,GCAMP19_7_39,False,370,320,swap_distal,130.0,80.0,39,post_swap,GCAMP19,36,1
40,7,GCAMP19_7_40,True,370,320,swap_distal,130.0,80.0,40,post_swap,GCAMP19,60,6
41,7,GCAMP19_7_41,False,370,320,swap_distal,130.0,80.0,41,post_swap,GCAMP19,67,10
42,7,GCAMP19_7_42,False,370,320,swap_distal,130.0,80.0,42,post_swap,GCAMP19,65,6
43,7,GCAMP19_7_43,False,370,320,swap_distal,130.0,80.0,43,post_swap,GCAMP19,65,1
44,7,GCAMP19_7_44,False,370,320,swap_distal,130.0,80.0,44,post_swap,GCAMP19,64,1
45,7,GCAMP19_7_45,False,370,320,swap_distal,130.0,80.0,45,post_swap,GCAMP19,67,10
46,7,GCAMP19_7_46,False,370,320,swap_distal,130.0,80.0,46,post_swap,GCAMP19,36,1
47,7,GCAMP19_7_47,True,370,320,swap_distal,130.0,80.0,47,post_swap,GCAMP19,78,6
48,7,GCAMP19_7_48,True,370,320,swap_distal,130.0,80.0,48,post_swap,GCAMP19,86,10
49,7,GCAMP19_7_49,True,370,320,swap_distal,130.0,80.0,49,post_swap,GCAMP19,86,10
50,7,GCAMP19_7_50,False,370,320,swap_distal,130.0,80.0,50,post_swap,GCAMP19,67,1
51,7,GCAMP19_7_51,False,370,320,swap_distal,130.0,80.0,51,post_swap,GCAMP19,65,1
52,7,GCAMP19_7_52,False,370,320,swap_distal,130.0,80.0,52,post_swap,GCAMP19,-1,2
53,7,GCAMP19_7_53,False,370,320,swap_distal,130.0,80.0,53,post_swap,GCAMP19,65,1
54,7,GCAMP19_7_54,False,370,320,swap_distal,130.0,80.0,54,post_swap,GCAMP19,36,1
55,7,GCAMP19_7_55,True,370,320,swap_distal,130.0,80.0,55,post_swap,GCAMP19,78,6
56,7,GCAMP19_7_56,False,370,320,swap_distal,130.0,80.0,56,post_swap,GCAMP19,67,1
57,7,GCAMP19_7_57,False,370,320,swap_distal,130.0,80.0,57,post_swap,GCAMP19,25,2
58,7,GCAMP19_7_58,False,370,320,swap_distal,130.0,80.0,58,post_swap,GCAMP19,25,2
59,7,GCAMP19_7_59,True,370,320,swap_distal,130.0,80.0,59,post_swap,GCAMP19,15,6
60,7,GCAMP19_7_60,False,370,320,swap_distal,130.0,80.0,60,post_swap,GCAMP19,64,1
61,7,GCAMP19_7_61,False,370,320,swap_distal,130.0,80.0,61,post_swap,GCAMP19,12,3
62,7,GCAMP19_7_62,False,370,320,swap_distal,130.0,80.0,62,post_swap,GCAMP19,2,2
63,7,GCAMP19_7_63,False,370,320,swap_distal,130.0,80.0,63,post_swap,GCAMP19,65,1
64,7,GCAMP19_7_64,False,370,320,swap_distal,130.0,80.0,64,post_swap,GCAMP19,50,0
65,7,GCAMP19_7_65,False,370,320,swap_distal,130.0,80.0,65,post_swap,GCAMP19,64,1
66,7,GCAMP19_7_66,False,370,320,swap_distal,130.0,80.0,66,post_swap,GCAMP19,64,1
67,7,GCAMP19_7_67,False,370,320,swap_distal,130.0,80.0,67,post_swap,GCAMP19,36,1
68,7,GCAMP19_7_68,True,370,320,swap_distal,130.0,80.0,68,post_swap,GCAMP19,86,10
69,7,GCAMP19_7_69,False,370,320,swap_distal,130.0,80.0,69,post_swap,GCAMP19,67,10
70,7,GCAMP19_7_70,True,370,320,swap_distal,130.0,80.0,70,post_swap,GCAMP19,78,6
71,7,GCAMP19_7_71,False,370,320,swap_distal,130.0,80.0,71,post_swap,GCAMP19,64,10
72,7,GCAMP19_7_72,False,370,320,swap_distal,130.0,80.0,72,post_swap,GCAMP19,36,1
73,7,GCAMP19_7_73,False,370,320,swap_distal,130.0,80.0,73,post_swap,GCAMP19,11,3
74,7,GCAMP19_7_74,True,370,320,swap_distal,130.0,80.0,74,post_swap,GCAMP19,78,6
75,7,GCAMP19_7_75,False,370,320,swap_distal,130.0,80.0,75,post_swap,GCAMP19,67,10
76,7,GCAMP19_7_76,True,370,320,swap_distal,130.0,80.0,76,post_swap,GCAMP19,78,6
77,7,GCAMP19_7_77,True,370,320,swap_distal,130.0,80.0,77,post_swap,GCAMP19,86,10
78,7,GCAMP19_7_78,False,370,320,swap_distal,130.0,80.0,78,post_swap,GCAMP19,67,10
79,7,GCAMP19_7_79,True,370,320,swap_distal,130.0,80.0,79,post_swap,GCAMP19,86,10
0,8,GCAMP19_8_0,True,370,320,swap_proximal,130.0,80.0,0,pre_swap,GCAMP19,86,10
1,8,GCAMP19_8_1,True,370,320,swap_proximal,130.0,80.0,1,pre_swap,GCAMP19,86,10
2,8,GCAMP19_8_2,False,370,320,swap_proximal,130.0,80.0,2,pre_swap,GCAMP19,65,1
3,8,GCAMP19_8_3,False,370,320,swap_proximal,130.0,80.0,3,pre_swap,GCAMP19,99,2
4,8,GCAMP19_8_4,False,370,320,swap_proximal,130.0,80.0,4,pre_swap,GCAMP19,95,2
5,8,GCAMP19_8_5,False,370,320,swap_proximal,130.0,80.0,5,pre_swap,GCAMP19,36,1
6,8,GCAMP19_8_6,False,370,320,swap_proximal,130.0,80.0,6,pre_swap,GCAMP19,41,1
7,8,GCAMP19_8_7,False,370,320,swap_proximal,130.0,80.0,7,pre_swap,GCAMP19,24,2
8,8,GCAMP19_8_8,False,370,320,swap_proximal,130.0,80.0,8,pre_swap,GCAMP19,49,2
9,8,GCAMP19_8_9,False,370,320,swap_proximal,130.0,80.0,9,pre_swap,GCAMP19,88,3
10,8,GCAMP19_8_10,False,370,320,swap_proximal,130.0,80.0,10,pre_swap,GCAMP19,87,2
11,8,GCAMP19_8_11,False,370,320,swap_proximal,130.0,80.0,11,pre_swap,GCAMP19,88,2
12,8,GCAMP19_8_12,False,370,320,swap_proximal,130.0,80.0,12,pre_swap,GCAMP19,88,2
13,8,GCAMP19_8_13,False,370,320,swap_proximal,130.0,80.0,13,pre_swap,GCAMP19,45,2
14,8,GCAMP19_8_14,False,370,320,swap_proximal,130.0,80.0,14,pre_swap,GCAMP19,74,3
15,8,GCAMP19_8_15,False,370,320,swap_proximal,130.0,80.0,15,pre_swap,GCAMP19,49,2
16,8,GCAMP19_8_16,True,370,320,swap_proximal,130.0,80.0,16,pre_swap,GCAMP19,57,0
17,8,GCAMP19_8_17,False,370,320,swap_proximal,130.0,80.0,17,pre_swap,GCAMP19,65,1
18,8,GCAMP19_8_18,False,370,320,swap_proximal,130.0,80.0,18,pre_swap,GCAMP19,-1,0
19,8,GCAMP19_8_19,False,370,320,swap_proximal,130.0,80.0,19,pre_swap,GCAMP19,30,2
20,8,GCAMP19_8_20,False,370,320,swap_proximal,130.0,80.0,20,pre_swap,GCAMP19,88,2
21,8,GCAMP19_8_21,False,370,320,swap_proximal,130.0,80.0,21,pre_swap,GCAMP19,30,2
22,8,GCAMP19_8_22,False,370,320,swap_proximal,130.0,80.0,22,pre_swap,GCAMP19,74,3
23,8,GCAMP19_8_23,True,370,320,swap_proximal,130.0,80.0,23,pre_swap,GCAMP19,56,0
24,8,GCAMP19_8_24,False,370,320,swap_proximal,130.0,80.0,24,pre_swap,GCAMP19,36,1
25,8,GCAMP19_8_25,False,370,320,swap_proximal,130.0,80.0,25,pre_swap,GCAMP19,73,2
26,8,GCAMP19_8_26,False,370,320,swap_proximal,130.0,80.0,26,pre_swap,GCAMP19,-1,3
27,8,GCAMP19_8_27,False,370,320,swap_proximal,130.0,80.0,27,pre_swap,GCAMP19,-1,2
28,8,GCAMP19_8_28,True,370,320,swap_proximal,130.0,80.0,28,pre_swap,GCAMP19,-1,0
29,8,GCAMP19_8_29,False,370,320,swap_proximal,130.0,80.0,29,pre_swap,GCAMP19,65,1
30,8,GCAMP19_8_30,False,130,80,swap_proximal,370.0,320.0,30,post_swap,GCAMP19,86,10
31,8,GCAMP19_8_31,False,130,80,swap_proximal,370.0,320.0,31,post_swap,GCAMP19,86,10
32,8,GCAMP19_8_32,False,130,80,swap_proximal,370.0,320.0,32,post_swap,GCAMP19,48,8
33,8,GCAMP19_8_33,False,130,80,swap_proximal,370.0,320.0,33,post_swap,GCAMP19,48,8
34,8,GCAMP19_8_34,False,130,80,swap_proximal,370.0,320.0,34,post_swap,GCAMP19,48,8
35,8,GCAMP19_8_35,False,130,80,swap_proximal,370.0,320.0,35,post_swap,GCAMP19,86,10
36,8,GCAMP19_8_36,True,130,80,swap_proximal,370.0,320.0,36,post_swap,GCAMP19,86,10
37,8,GCAMP19_8_37,False,130,80,swap_proximal,370.0,320.0,37,post_swap,GCAMP19,48,8
38,8,GCAMP19_8_38,False,130,80,swap_proximal,370.0,320.0,38,post_swap,GCAMP19,47,8
39,8,GCAMP19_8_39,False,130,80,swap_proximal,370.0,320.0,39,post_swap,GCAMP19,72,7
40,8,GCAMP19_8_40,False,130,80,swap_proximal,370.0,320.0,40,post_swap,GCAMP19,48,8
41,8,GCAMP19_8_41,False,130,80,swap_proximal,370.0,320.0,41,post_swap,GCAMP19,72,7
42,8,GCAMP19_8_42,False,130,80,swap_proximal,370.0,320.0,42,post_swap,GCAMP19,48,8
43,8,GCAMP19_8_43,False,130,80,swap_proximal,370.0,320.0,43,post_swap,GCAMP19,86,10
44,8,GCAMP19_8_44,False,130,80,swap_proximal,370.0,320.0,44,post_swap,GCAMP19,40,7
45,8,GCAMP19_8_45,True,130,80,swap_proximal,370.0,320.0,45,post_swap,GCAMP19,86,10
46,8,GCAMP19_8_46,False,130,80,swap_proximal,370.0,320.0,46,post_swap,GCAMP19,40,7
47,8,GCAMP19_8_47,False,130,80,swap_proximal,370.0,320.0,47,post_swap,GCAMP19,27,5
48,8,GCAMP19_8_48,False,130,80,swap_proximal,370.0,320.0,48,post_swap,GCAMP19,40,9
49,8,GCAMP19_8_49,False,130,80,swap_proximal,370.0,320.0,49,post_swap,GCAMP19,72,7
50,8,GCAMP19_8_50,False,130,80,swap_proximal,370.0,320.0,50,post_swap,GCAMP19,27,3
51,8,GCAMP19_8_51,False,130,80,swap_proximal,370.0,320.0,51,post_swap,GCAMP19,72,7
52,8,GCAMP19_8_52,False,130,80,swap_proximal,370.0,320.0,52,post_swap,GCAMP19,77,3
53,8,GCAMP19_8_53,False,130,80,swap_proximal,370.0,320.0,53,post_swap,GCAMP19,40,7
54,8,GCAMP19_8_54,False,130,80,swap_proximal,370.0,320.0,54,post_swap,GCAMP19,34,3
55,8,GCAMP19_8_55,False,130,80,swap_proximal,370.0,320.0,55,post_swap,GCAMP19,27,3
56,8,GCAMP19_8_56,False,130,80,swap_proximal,370.0,320.0,56,post_swap,GCAMP19,44,3
57,8,GCAMP19_8_57,False,130,80,swap_proximal,370.0,320.0,57,post_swap,GCAMP19,16,3
58,8,GCAMP19_8_58,False,130,80,swap_proximal,370.0,320.0,58,post_swap,GCAMP19,77,3
59,8,GCAMP19_8_59,False,130,80,swap_proximal,370.0,320.0,59,post_swap,GCAMP19,46,3
60,8,GCAMP19_8_60,False,130,80,swap_proximal,370.0,320.0,60,post_swap,GCAMP19,46,3
61,8,GCAMP19_8_61,False,130,80,swap_proximal,370.0,320.0,61,post_swap,GCAMP19,27,7
62,8,GCAMP19_8_62,False,130,80,swap_proximal,370.0,320.0,62,post_swap,GCAMP19,48,8
63,8,GCAMP19_8_63,False,130,80,swap_proximal,370.0,320.0,63,post_swap,GCAMP19,48,8
64,8,GCAMP19_8_64,False,130,80,swap_proximal,370.0,320.0,64,post_swap,GCAMP19,39,3
65,8,GCAMP19_8_65,True,130,80,swap_proximal,370.0,320.0,65,post_swap,GCAMP19,39,5
66,8,GCAMP19_8_66,False,130,80,swap_proximal,370.0,320.0,66,post_swap,GCAMP19,39,3
67,8,GCAMP19_8_67,False,130,80,swap_proximal,370.0,320.0,67,post_swap,GCAMP19,47,1
68,8,GCAMP19_8_68,False,130,80,swap_proximal,370.0,320.0,68,post_swap,GCAMP19,69,3
69,8,GCAMP19_8_69,False,130,80,swap_proximal,370.0,320.0,69,post_swap,GCAMP19,39,3
70,8,GCAMP19_8_70,False,130,80,swap_proximal,370.0,320.0,70,post_swap,GCAMP19,16,3
71,8,GCAMP19_8_71,False,130,80,swap_proximal,370.0,320.0,71,post_swap,GCAMP19,27,3
72,8,GCAMP19_8_72,True,130,80,swap_proximal,370.0,320.0,72,post_swap,GCAMP19,83,9
73,8,GCAMP19_8_73,False,130,80,swap_proximal,370.0,320.0,73,post_swap,GCAMP19,31,5
74,8,GCAMP19_8_74,True,130,80,swap_proximal,370.0,320.0,74,post_swap,GCAMP19,83,5
75,8,GCAMP19_8_75,False,130,80,swap_proximal,370.0,320.0,75,post_swap,GCAMP19,40,3
76,8,GCAMP19_8_76,False,130,80,swap_proximal,370.0,320.0,76,post_swap,GCAMP19,36,1
77,8,GCAMP19_8_77,True,130,80,swap_proximal,370.0,320.0,77,post_swap,GCAMP19,86,10
78,8,GCAMP19_8_78,False,130,80,swap_proximal,370.0,320.0,78,post_swap,GCAMP19,40,7
79,8,GCAMP19_8_79,False,130,80,swap_proximal,370.0,320.0,79,post_swap,GCAMP19,48,8
0,10,GCAMP19_10_0,False,130,80,swap_distal,250.0,200.0,0,pre_swap,GCAMP19,48,8
1,10,GCAMP19_10_1,False,130,80,swap_distal,250.0,200.0,1,pre_swap,GCAMP19,40,3
2,10,GCAMP19_10_2,False,130,80,swap_distal,250.0,200.0,2,pre_swap,GCAMP19,16,3
3,10,GCAMP19_10_3,False,130,80,swap_distal,250.0,200.0,3,pre_swap,GCAMP19,77,3
4,10,GCAMP19_10_4,False,130,80,swap_distal,250.0,200.0,4,pre_swap,GCAMP19,8,3
5,10,GCAMP19_10_5,False,130,80,swap_distal,250.0,200.0,5,pre_swap,GCAMP19,77,3
6,10,GCAMP19_10_6,False,130,80,swap_distal,250.0,200.0,6,pre_swap,GCAMP19,77,3
7,10,GCAMP19_10_7,False,130,80,swap_distal,250.0,200.0,7,pre_swap,GCAMP19,69,3
8,10,GCAMP19_10_8,False,130,80,swap_distal,250.0,200.0,8,pre_swap,GCAMP19,77,3
9,10,GCAMP19_10_9,False,130,80,swap_distal,250.0,200.0,9,pre_swap,GCAMP19,44,3
10,10,GCAMP19_10_10,True,130,80,swap_distal,250.0,200.0,10,pre_swap,GCAMP19,70,5
11,10,GCAMP19_10_11,False,130,80,swap_distal,250.0,200.0,11,pre_swap,GCAMP19,59,3
12,10,GCAMP19_10_12,False,130,80,swap_distal,250.0,200.0,12,pre_swap,GCAMP19,69,3
13,10,GCAMP19_10_13,False,130,80,swap_distal,250.0,200.0,13,pre_swap,GCAMP19,59,3
14,10,GCAMP19_10_14,False,130,80,swap_distal,250.0,200.0,14,pre_swap,GCAMP19,77,3
15,10,GCAMP19_10_15,False,130,80,swap_distal,250.0,200.0,15,pre_swap,GCAMP19,68,3
16,10,GCAMP19_10_16,False,130,80,swap_distal,250.0,200.0,16,pre_swap,GCAMP19,69,3
17,10,GCAMP19_10_17,False,130,80,swap_distal,250.0,200.0,17,pre_swap,GCAMP19,68,3
18,10,GCAMP19_10_18,False,130,80,swap_distal,250.0,200.0,18,pre_swap,GCAMP19,27,3
19,10,GCAMP19_10_19,False,130,80,swap_distal,250.0,200.0,19,pre_swap,GCAMP19,46,3
20,10,GCAMP19_10_20,True,130,80,swap_distal,250.0,200.0,20,pre_swap,GCAMP19,26,5
21,10,GCAMP19_10_21,False,130,80,swap_distal,250.0,200.0,21,pre_swap,GCAMP19,46,3
22,10,GCAMP19_10_22,False,130,80,swap_distal,250.0,200.0,22,pre_swap,GCAMP19,77,3
23,10,GCAMP19_10_23,False,130,80,swap_distal,250.0,200.0,23,pre_swap,GCAMP19,46,3
24,10,GCAMP19_10_24,False,130,80,swap_distal,250.0,200.0,24,pre_swap,GCAMP19,77,3
25,10,GCAMP19_10_25,False,130,80,swap_distal,250.0,200.0,25,pre_swap,GCAMP19,69,3
26,10,GCAMP19_10_26,False,130,80,swap_distal,250.0,200.0,26,pre_swap,GCAMP19,35,3
27,10,GCAMP19_10_27,False,130,80,swap_distal,250.0,200.0,27,pre_swap,GCAMP19,77,3
28,10,GCAMP19_10_28,False,130,80,swap_distal,250.0,200.0,28,pre_swap,GCAMP19,68,3
29,10,GCAMP19_10_29,False,130,80,swap_distal,250.0,200.0,29,pre_swap,GCAMP19,8,3
30,10,GCAMP19_10_30,False,250,200,swap_distal,130.0,80.0,30,post_swap,GCAMP19,53,1
31,10,GCAMP19_10_31,True,250,200,swap_distal,130.0,80.0,31,post_swap,GCAMP19,65,10
32,10,GCAMP19_10_32,False,250,200,swap_distal,130.0,80.0,32,post_swap,GCAMP19,46,1
33,10,GCAMP19_10_33,False,250,200,swap_distal,130.0,80.0,33,post_swap,GCAMP19,52,1
34,10,GCAMP19_10_34,True,250,200,swap_distal,130.0,80.0,34,post_swap,GCAMP19,78,10
35,10,GCAMP19_10_35,False,250,200,swap_distal,130.0,80.0,35,post_swap,GCAMP19,86,10
36,10,GCAMP19_10_36,False,250,200,swap_distal,130.0,80.0,36,post_swap,GCAMP19,86,10
37,10,GCAMP19_10_37,True,250,200,swap_distal,130.0,80.0,37,post_swap,GCAMP19,86,10
38,10,GCAMP19_10_38,False,250,200,swap_distal,130.0,80.0,38,post_swap,GCAMP19,86,10
39,10,GCAMP19_10_39,False,250,200,swap_distal,130.0,80.0,39,post_swap,GCAMP19,86,10
40,10,GCAMP19_10_40,False,250,200,swap_distal,130.0,80.0,40,post_swap,GCAMP19,86,10
41,10,GCAMP19_10_41,False,250,200,swap_distal,130.0,80.0,41,post_swap,GCAMP19,78,10
42,10,GCAMP19_10_42,False,250,200,swap_distal,130.0,80.0,42,post_swap,GCAMP19,78,10
43,10,GCAMP19_10_43,False,250,200,swap_distal,130.0,80.0,43,post_swap,GCAMP19,85,10
44,10,GCAMP19_10_44,True,250,200,swap_distal,130.0,80.0,44,post_swap,GCAMP19,78,10
45,10,GCAMP19_10_45,False,250,200,swap_distal,130.0,80.0,45,post_swap,GCAMP19,86,10
46,10,GCAMP19_10_46,False,250,200,swap_distal,130.0,80.0,46,post_swap,GCAMP19,78,6
47,10,GCAMP19_10_47,True,250,200,swap_distal,130.0,80.0,47,post_swap,GCAMP19,86,10
48,10,GCAMP19_10_48,False,250,200,swap_distal,130.0,80.0,48,post_swap,GCAMP19,86,10
49,10,GCAMP19_10_49,True,250,200,swap_distal,130.0,80.0,49,post_swap,GCAMP19,78,10
50,10,GCAMP19_10_50,False,250,200,swap_distal,130.0,80.0,50,post_swap,GCAMP19,86,10
51,10,GCAMP19_10_51,False,250,200,swap_distal,130.0,80.0,51,post_swap,GCAMP19,67,1
52,10,GCAMP19_10_52,False,250,200,swap_distal,130.0,80.0,52,post_swap,GCAMP19,52,5
53,10,GCAMP19_10_53,False,250,200,swap_distal,130.0,80.0,53,post_swap,GCAMP19,52,5
54,10,GCAMP19_10_54,False,250,200,swap_distal,130.0,80.0,54,post_swap,GCAMP19,51,5
55,10,GCAMP19_10_55,False,250,200,swap_distal,130.0,80.0,55,post_swap,GCAMP19,51,9
56,10,GCAMP19_10_56,True,250,200,swap_distal,130.0,80.0,56,post_swap,GCAMP19,78,6
57,10,GCAMP19_10_57,False,250,200,swap_distal,130.0,80.0,57,post_swap,GCAMP19,83,9
58,10,GCAMP19_10_58,False,250,200,swap_distal,130.0,80.0,58,post_swap,GCAMP19,17,1
59,10,GCAMP19_10_59,False,250,200,swap_distal,130.0,80.0,59,post_swap,GCAMP19,17,5
60,10,GCAMP19_10_60,False,250,200,swap_distal,130.0,80.0,60,post_swap,GCAMP19,52,5
61,10,GCAMP19_10_61,True,250,200,swap_distal,130.0,80.0,61,post_swap,GCAMP19,78,6
62,10,GCAMP19_10_62,False,250,200,swap_distal,130.0,80.0,62,post_swap,GCAMP19,83,9
63,10,GCAMP19_10_63,False,250,200,swap_distal,130.0,80.0,63,post_swap,GCAMP19,4,5
64,10,GCAMP19_10_64,False,250,200,swap_distal,130.0,80.0,64,post_swap,GCAMP19,17,5
65,10,GCAMP19_10_65,False,250,200,swap_distal,130.0,80.0,65,post_swap,GCAMP19,4,5
66,10,GCAMP19_10_66,False,250,200,swap_distal,130.0,80.0,66,post_swap,GCAMP19,4,5
67,10,GCAMP19_10_67,False,250,200,swap_distal,130.0,80.0,67,post_swap,GCAMP19,79,6
68,10,GCAMP19_10_68,False,250,200,swap_distal,130.0,80.0,68,post_swap,GCAMP19,23,2
69,10,GCAMP19_10_69,True,250,200,swap_distal,130.0,80.0,69,post_swap,GCAMP19,60,6
70,10,GCAMP19_10_70,False,250,200,swap_distal,130.0,80.0,70,post_swap,GCAMP19,52,5
71,10,GCAMP19_10_71,False,250,200,swap_distal,130.0,80.0,71,post_swap,GCAMP19,6,4
72,10,GCAMP19_10_72,False,250,200,swap_distal,130.0,80.0,72,post_swap,GCAMP19,14,2
73,10,GCAMP19_10_73,False,250,200,swap_distal,130.0,80.0,73,post_swap,GCAMP19,9,4
74,10,GCAMP19_10_74,False,250,200,swap_distal,130.0,80.0,74,post_swap,GCAMP19,81,4
75,10,GCAMP19_10_75,False,250,200,swap_distal,130.0,80.0,75,post_swap,GCAMP19,6,4
76,10,GCAMP19_10_76,False,250,200,swap_distal,130.0,80.0,76,post_swap,GCAMP19,58,4
77,10,GCAMP19_10_77,False,250,200,swap_distal,130.0,80.0,77,post_swap,GCAMP19,62,4
78,10,GCAMP19_10_78,False,250,200,swap_distal,130.0,80.0,78,post_swap,GCAMP19,33,4
79,10,GCAMP19_10_79,False,250,200,swap_distal,130.0,80.0,79,post_swap,GCAMP19,81,4
0,12,GCAMP19_12_0,True,250,200,swap_distal,370.0,320.0,0,pre_swap,GCAMP19,86,10
1,12,GCAMP19_12_1,True,250,200,swap_distal,370.0,320.0,1,pre_swap,GCAMP19,86,10
2,12,GCAMP19_12_2,False,250,200,swap_distal,370.0,320.0,2,pre_swap,GCAMP19,52,5
3,12,GCAMP19_12_3,False,250,200,swap_distal,370.0,320.0,3,pre_swap,GCAMP19,58,4
4,12,GCAMP19_12_4,False,250,200,swap_distal,370.0,320.0,4,pre_swap,GCAMP19,58,4
5,12,GCAMP19_12_5,False,250,200,swap_distal,370.0,320.0,5,pre_swap,GCAMP19,81,4
6,12,GCAMP19_12_6,False,250,200,swap_distal,370.0,320.0,6,pre_swap,GCAMP19,58,4
7,12,GCAMP19_12_7,False,250,200,swap_distal,370.0,320.0,7,pre_swap,GCAMP19,61,4
8,12,GCAMP19_12_8,False,250,200,swap_distal,370.0,320.0,8,pre_swap,GCAMP19,61,4
9,12,GCAMP19_12_9,False,250,200,swap_distal,370.0,320.0,9,pre_swap,GCAMP19,58,4
10,12,GCAMP19_12_10,False,250,200,swap_distal,370.0,320.0,10,pre_swap,GCAMP19,81,4
11,12,GCAMP19_12_11,False,250,200,swap_distal,370.0,320.0,11,pre_swap,GCAMP19,61,4
12,12,GCAMP19_12_12,False,250,200,swap_distal,370.0,320.0,12,pre_swap,GCAMP19,58,4
13,12,GCAMP19_12_13,False,250,200,swap_distal,370.0,320.0,13,pre_swap,GCAMP19,33,4
14,12,GCAMP19_12_14,False,250,200,swap_distal,370.0,320.0,14,pre_swap,GCAMP19,58,4
15,12,GCAMP19_12_15,False,250,200,swap_distal,370.0,320.0,15,pre_swap,GCAMP19,32,2
16,12,GCAMP19_12_16,False,250,200,swap_distal,370.0,320.0,16,pre_swap,GCAMP19,6,4
17,12,GCAMP19_12_17,False,250,200,swap_distal,370.0,320.0,17,pre_swap,GCAMP19,80,4
18,12,GCAMP19_12_18,True,250,200,swap_distal,370.0,320.0,18,pre_swap,GCAMP19,-1,0
19,12,GCAMP19_12_19,False,250,200,swap_distal,370.0,320.0,19,pre_swap,GCAMP19,81,4
20,12,GCAMP19_12_20,False,250,200,swap_distal,370.0,320.0,20,pre_swap,GCAMP19,81,4
21,12,GCAMP19_12_21,False,250,200,swap_distal,370.0,320.0,21,pre_swap,GCAMP19,66,2
22,12,GCAMP19_12_22,False,250,200,swap_distal,370.0,320.0,22,pre_swap,GCAMP19,58,4
23,12,GCAMP19_12_23,True,250,200,swap_distal,370.0,320.0,23,pre_swap,GCAMP19,96,0
24,12,GCAMP19_12_24,False,250,200,swap_distal,370.0,320.0,24,pre_swap,GCAMP19,-1,2
25,12,GCAMP19_12_25,False,250,200,swap_distal,370.0,320.0,25,pre_swap,GCAMP19,33,4
26,12,GCAMP19_12_26,False,250,200,swap_distal,370.0,320.0,26,pre_swap,GCAMP19,58,4
27,12,GCAMP19_12_27,False,250,200,swap_distal,370.0,320.0,27,pre_swap,GCAMP19,81,4
28,12,GCAMP19_12_28,True,250,200,swap_distal,370.0,320.0,28,pre_swap,GCAMP19,97,0
29,12,GCAMP19_12_29,False,250,200,swap_distal,370.0,320.0,29,pre_swap,GCAMP19,6,4
30,12,GCAMP19_12_30,False,370,320,swap_distal,250.0,200.0,30,post_swap,GCAMP19,96,2
31,12,GCAMP19_12_31,True,370,320,swap_distal,250.0,200.0,31,post_swap,GCAMP19,10,0
32,12,GCAMP19_12_32,False,370,320,swap_distal,250.0,200.0,32,post_swap,GCAMP19,95,2
33,12,GCAMP19_12_33,False,370,320,swap_distal,250.0,200.0,33,post_swap,GCAMP19,-1,2
34,12,GCAMP19_12_34,False,370,320,swap_distal,250.0,200.0,34,post_swap,GCAMP19,91,2
35,12,GCAMP19_12_35,False,370,320,swap_distal,250.0,200.0,35,post_swap,GCAMP19,25,2
36,12,GCAMP19_12_36,False,370,320,swap_distal,250.0,200.0,36,post_swap,GCAMP19,25,2
37,12,GCAMP19_12_37,False,370,320,swap_distal,250.0,200.0,37,post_swap,GCAMP19,7,2
38,12,GCAMP19_12_38,False,370,320,swap_distal,250.0,200.0,38,post_swap,GCAMP19,25,2
39,12,GCAMP19_12_39,True,370,320,swap_distal,250.0,200.0,39,post_swap,GCAMP19,3,0
40,12,GCAMP19_12_40,False,370,320,swap_distal,250.0,200.0,40,post_swap,GCAMP19,36,6
41,12,GCAMP19_12_41,True,370,320,swap_distal,250.0,200.0,41,post_swap,GCAMP19,79,6
42,12,GCAMP19_12_42,False,370,320,swap_distal,250.0,200.0,42,post_swap,GCAMP19,67,10
43,12,GCAMP19_12_43,False,370,320,swap_distal,250.0,200.0,43,post_swap,GCAMP19,65,1
44,12,GCAMP19_12_44,False,370,320,swap_distal,250.0,200.0,44,post_swap,GCAMP19,67,1
45,12,GCAMP19_12_45,False,370,320,swap_distal,250.0,200.0,45,post_swap,GCAMP19,95,2
46,12,GCAMP19_12_46,True,370,320,swap_distal,250.0,200.0,46,post_swap,GCAMP19,78,6
47,12,GCAMP19_12_47,True,370,320,swap_distal,250.0,200.0,47,post_swap,GCAMP19,22,0
48,12,GCAMP19_12_48,False,370,320,swap_distal,250.0,200.0,48,post_swap,GCAMP19,74,3
49,12,GCAMP19_12_49,False,370,320,swap_distal,250.0,200.0,49,post_swap,GCAMP19,36,1
50,12,GCAMP19_12_50,False,370,320,swap_distal,250.0,200.0,50,post_swap,GCAMP19,49,2
51,12,GCAMP19_12_51,False,370,320,swap_distal,250.0,200.0,51,post_swap,GCAMP19,73,2
52,12,GCAMP19_12_52,False,370,320,swap_distal,250.0,200.0,52,post_swap,GCAMP19,87,2
53,12,GCAMP19_12_53,False,370,320,swap_distal,250.0,200.0,53,post_swap,GCAMP19,65,10
54,12,GCAMP19_12_54,False,370,320,swap_distal,250.0,200.0,54,post_swap,GCAMP19,86,10
55,12,GCAMP19_12_55,True,370,320,swap_distal,250.0,200.0,55,post_swap,GCAMP19,86,10
56,12,GCAMP19_12_56,False,370,320,swap_distal,250.0,200.0,56,post_swap,GCAMP19,67,10
57,12,GCAMP19_12_57,False,370,320,swap_distal,250.0,200.0,57,post_swap,GCAMP19,36,1
58,12,GCAMP19_12_58,False,370,320,swap_distal,250.0,200.0,58,post_swap,GCAMP19,64,1
59,12,GCAMP19_12_59,False,370,320,swap_distal,250.0,200.0,59,post_swap,GCAMP19,24,2
60,12,GCAMP19_12_60,False,370,320,swap_distal,250.0,200.0,60,post_swap,GCAMP19,67,1
61,12,GCAMP19_12_61,False,370,320,swap_distal,250.0,200.0,61,post_swap,GCAMP19,65,10
62,12,GCAMP19_12_62,False,370,320,swap_distal,250.0,200.0,62,post_swap,GCAMP19,65,1
63,12,GCAMP19_12_63,False,370,320,swap_distal,250.0,200.0,63,post_swap,GCAMP19,41,2
64,12,GCAMP19_12_64,False,370,320,swap_distal,250.0,200.0,64,post_swap,GCAMP19,25,2
65,12,GCAMP19_12_65,True,370,320,swap_distal,250.0,200.0,65,post_swap,GCAMP19,12,3
66,12,GCAMP19_12_66,True,370,320,swap_distal,250.0,200.0,66,post_swap,GCAMP19,78,6
67,12,GCAMP19_12_67,False,370,320,swap_distal,250.0,200.0,67,post_swap,GCAMP19,36,1
68,12,GCAMP19_12_68,False,370,320,swap_distal,250.0,200.0,68,post_swap,GCAMP19,99,2
69,12,GCAMP19_12_69,False,370,320,swap_distal,250.0,200.0,69,post_swap,GCAMP19,95,2
70,12,GCAMP19_12_70,False,370,320,swap_distal,250.0,200.0,70,post_swap,GCAMP19,7,2
71,12,GCAMP19_12_71,False,370,320,swap_distal,250.0,200.0,71,post_swap,GCAMP19,25,2
72,12,GCAMP19_12_72,False,370,320,swap_distal,250.0,200.0,72,post_swap,GCAMP19,12,3
73,12,GCAMP19_12_73,False,370,320,swap_distal,250.0,200.0,73,post_swap,GCAMP19,99,2
74,12,GCAMP19_12_74,False,370,320,swap_distal,250.0,200.0,74,post_swap,GCAMP19,12,3
75,12,GCAMP19_12_75,False,370,320,swap_distal,250.0,200.0,75,post_swap,GCAMP19,24,2
76,12,GCAMP19_12_76,True,370,320,swap_distal,250.0,200.0,76,post_swap,GCAMP19,57,0
77,12,GCAMP19_12_77,False,370,320,swap_distal,250.0,200.0,77,post_swap,GCAMP19,36,1
78,12,GCAMP19_12_78,False,370,320,swap_distal,250.0,200.0,78,post_swap,GCAMP19,7,2
79,12,GCAMP19_12_79,False,370,320,swap_distal,250.0,200.0,79,post_swap,GCAMP19,88,2
0,14,GCAMP19_14_0,False,370,320,swap_proximal,130.0,80.0,0,pre_swap,GCAMP19,67,1
1,14,GCAMP19_14_1,False,370,320,swap_proximal,130.0,80.0,1,pre_swap,GCAMP19,36,1
2,14,GCAMP19_14_2,False,370,320,swap_proximal,130.0,80.0,2,pre_swap,GCAMP19,95,2
3,14,GCAMP19_14_3,False,370,320,swap_proximal,130.0,80.0,3,pre_swap,GCAMP19,67,1
4,14,GCAMP19_14_4,False,370,320,swap_proximal,130.0,80.0,4,pre_swap,GCAMP19,36,1
5,14,GCAMP19_14_5,True,370,320,swap_proximal,130.0,80.0,5,pre_swap,GCAMP19,60,6
6,14,GCAMP19_14_6,False,370,320,swap_proximal,130.0,80.0,6,pre_swap,GCAMP19,1,2
7,14,GCAMP19_14_7,False,370,320,swap_proximal,130.0,80.0,7,pre_swap,GCAMP19,45,2
8,14,GCAMP19_14_8,False,370,320,swap_proximal,130.0,80.0,8,pre_swap,GCAMP19,45,2
9,14,GCAMP19_14_9,False,370,320,swap_proximal,130.0,80.0,9,pre_swap,GCAMP19,45,2
10,14,GCAMP19_14_10,False,370,320,swap_proximal,130.0,80.0,10,pre_swap,GCAMP19,42,2
11,14,GCAMP19_14_11,True,370,320,swap_proximal,130.0,80.0,11,pre_swap,GCAMP19,57,0
12,14,GCAMP19_14_12,False,370,320,swap_proximal,130.0,80.0,12,pre_swap,GCAMP19,50,0
13,14,GCAMP19_14_13,False,370,320,swap_proximal,130.0,80.0,13,pre_swap,GCAMP19,87,2
14,14,GCAMP19_14_14,False,370,320,swap_proximal,130.0,80.0,14,pre_swap,GCAMP19,87,2
15,14,GCAMP19_14_15,True,370,320,swap_proximal,130.0,80.0,15,pre_swap,GCAMP19,50,0
16,14,GCAMP19_14_16,True,370,320,swap_proximal,130.0,80.0,16,pre_swap,GCAMP19,57,0
17,14,GCAMP19_14_17,True,370,320,swap_proximal,130.0,80.0,17,pre_swap,GCAMP19,79,6
18,14,GCAMP19_14_18,False,370,320,swap_proximal,130.0,80.0,18,pre_swap,GCAMP19,99,1
19,14,GCAMP19_14_19,False,370,320,swap_proximal,130.0,80.0,19,pre_swap,GCAMP19,1,2
20,14,GCAMP19_14_20,False,370,320,swap_proximal,130.0,80.0,20,pre_swap,GCAMP19,21,2
21,14,GCAMP19_14_21,False,370,320,swap_proximal,130.0,80.0,21,pre_swap,GCAMP19,90,2
22,14,GCAMP19_14_22,False,370,320,swap_proximal,130.0,80.0,22,pre_swap,GCAMP19,7,2
23,14,GCAMP19_14_23,True,370,320,swap_proximal,130.0,80.0,23,pre_swap,GCAMP19,29,0
24,14,GCAMP19_14_24,False,370,320,swap_proximal,130.0,80.0,24,pre_swap,GCAMP19,67,10
25,14,GCAMP19_14_25,False,370,320,swap_proximal,130.0,80.0,25,pre_swap,GCAMP19,91,2
26,14,GCAMP19_14_26,False,370,320,swap_proximal,130.0,80.0,26,pre_swap,GCAMP19,93,2
27,14,GCAMP19_14_27,False,370,320,swap_proximal,130.0,80.0,27,pre_swap,GCAMP19,99,2
28,14,GCAMP19_14_28,False,370,320,swap_proximal,130.0,80.0,28,pre_swap,GCAMP19,38,2
29,14,GCAMP19_14_29,False,370,320,swap_proximal,130.0,80.0,29,pre_swap,GCAMP19,-1,2
30,14,GCAMP19_14_30,True,130,80,swap_proximal,370.0,320.0,30,post_swap,GCAMP19,3,0
31,14,GCAMP19_14_31,False,130,80,swap_proximal,370.0,320.0,31,post_swap,GCAMP19,60,6
32,14,GCAMP19_14_32,True,130,80,swap_proximal,370.0,320.0,32,post_swap,GCAMP19,60,6
33,14,GCAMP19_14_33,False,130,80,swap_proximal,370.0,320.0,33,post_swap,GCAMP19,86,10
34,14,GCAMP19_14_34,False,130,80,swap_proximal,370.0,320.0,34,post_swap,GCAMP19,85,10
35,14,GCAMP19_14_35,False,130,80,swap_proximal,370.0,320.0,35,post_swap,GCAMP19,72,8
36,14,GCAMP19_14_36,False,130,80,swap_proximal,370.0,320.0,36,post_swap,GCAMP19,48,8
37,14,GCAMP19_14_37,False,130,80,swap_proximal,370.0,320.0,37,post_swap,GCAMP19,72,7
38,14,GCAMP19_14_38,False,130,80,swap_proximal,370.0,320.0,38,post_swap,GCAMP19,86,10
39,14,GCAMP19_14_39,False,130,80,swap_proximal,370.0,320.0,39,post_swap,GCAMP19,53,10
40,14,GCAMP19_14_40,False,130,80,swap_proximal,370.0,320.0,40,post_swap,GCAMP19,72,7
41,14,GCAMP19_14_41,False,130,80,swap_proximal,370.0,320.0,41,post_swap,GCAMP19,48,8
42,14,GCAMP19_14_42,False,130,80,swap_proximal,370.0,320.0,42,post_swap,GCAMP19,72,7
43,14,GCAMP19_14_43,False,130,80,swap_proximal,370.0,320.0,43,post_swap,GCAMP19,40,7
44,14,GCAMP19_14_44,False,130,80,swap_proximal,370.0,320.0,44,post_swap,GCAMP19,72,7
45,14,GCAMP19_14_45,False,130,80,swap_proximal,370.0,320.0,45,post_swap,GCAMP19,48,8
46,14,GCAMP19_14_46,False,130,80,swap_proximal,370.0,320.0,46,post_swap,GCAMP19,72,7
47,14,GCAMP19_14_47,False,130,80,swap_proximal,370.0,320.0,47,post_swap,GCAMP19,72,7
48,14,GCAMP19_14_48,False,130,80,swap_proximal,370.0,320.0,48,post_swap,GCAMP19,40,7
49,14,GCAMP19_14_49,False,130,80,swap_proximal,370.0,320.0,49,post_swap,GCAMP19,47,8
50,14,GCAMP19_14_50,False,130,80,swap_proximal,370.0,320.0,50,post_swap,GCAMP19,72,7
51,14,GCAMP19_14_51,False,130,80,swap_proximal,370.0,320.0,51,post_swap,GCAMP19,48,8
52,14,GCAMP19_14_52,True,130,80,swap_proximal,370.0,320.0,52,post_swap,GCAMP19,86,10
53,14,GCAMP19_14_53,False,130,80,swap_proximal,370.0,320.0,53,post_swap,GCAMP19,72,7
54,14,GCAMP19_14_54,False,130,80,swap_proximal,370.0,320.0,54,post_swap,GCAMP19,48,8
55,14,GCAMP19_14_55,False,130,80,swap_proximal,370.0,320.0,55,post_swap,GCAMP19,40,7
56,14,GCAMP19_14_56,False,130,80,swap_proximal,370.0,320.0,56,post_swap,GCAMP19,40,7
57,14,GCAMP19_14_57,False,130,80,swap_proximal,370.0,320.0,57,post_swap,GCAMP19,72,7
58,14,GCAMP19_14_58,False,130,80,swap_proximal,370.0,320.0,58,post_swap,GCAMP19,40,7
59,14,GCAMP19_14_59,True,130,80,swap_proximal,370.0,320.0,59,post_swap,GCAMP19,86,10
60,14,GCAMP19_14_60,False,130,80,swap_proximal,370.0,320.0,60,post_swap,GCAMP19,78,10
61,14,GCAMP19_14_61,False,130,80,swap_proximal,370.0,320.0,61,post_swap,GCAMP19,-1,5
62,14,GCAMP19_14_62,False,130,80,swap_proximal,370.0,320.0,62,post_swap,GCAMP19,48,8
63,14,GCAMP19_14_63,False,130,80,swap_proximal,370.0,320.0,63,post_swap,GCAMP19,40,7
64,14,GCAMP19_14_64,False,130,80,swap_proximal,370.0,320.0,64,post_swap,GCAMP19,40,7
65,14,GCAMP19_14_65,True,130,80,swap_proximal,370.0,320.0,65,post_swap,GCAMP19,86,10
66,14,GCAMP19_14_66,False,130,80,swap_proximal,370.0,320.0,66,post_swap,GCAMP19,48,8
67,14,GCAMP19_14_67,False,130,80,swap_proximal,370.0,320.0,67,post_swap,GCAMP19,39,3
68,14,GCAMP19_14_68,True,130,80,swap_proximal,370.0,320.0,68,post_swap,GCAMP19,86,10
69,14,GCAMP19_14_69,False,130,80,swap_proximal,370.0,320.0,69,post_swap,GCAMP19,48,8
70,14,GCAMP19_14_70,False,130,80,swap_proximal,370.0,320.0,70,post_swap,GCAMP19,40,7
71,14,GCAMP19_14_71,True,130,80,swap_proximal,370.0,320.0,71,post_swap,GCAMP19,86,10
72,14,GCAMP19_14_72,False,130,80,swap_proximal,370.0,320.0,72,post_swap,GCAMP19,27,3
73,14,GCAMP19_14_73,False,130,80,swap_proximal,370.0,320.0,73,post_swap,GCAMP19,46,3
74,14,GCAMP19_14_74,False,130,80,swap_proximal,370.0,320.0,74,post_swap,GCAMP19,72,10
75,14,GCAMP19_14_75,False,130,80,swap_proximal,370.0,320.0,75,post_swap,GCAMP19,40,7
76,14,GCAMP19_14_76,True,130,80,swap_proximal,370.0,320.0,76,post_swap,GCAMP19,67,1
77,14,GCAMP19_14_77,True,130,80,swap_proximal,370.0,320.0,77,post_swap,GCAMP19,67,10
78,14,GCAMP19_14_78,False,130,80,swap_proximal,370.0,320.0,78,post_swap,GCAMP19,40,3
79,14,GCAMP19_14_79,False,130,80,swap_proximal,370.0,320.0,79,post_swap,GCAMP19,39,3
0,3,GCAMP3_3_0,False,370,320,swap_proximal,130.0,80.0,0,pre_swap,GCAMP3,67,1
1,3,GCAMP3_3_1,False,370,320,swap_proximal,130.0,80.0,1,pre_swap,GCAMP3,57,0
2,3,GCAMP3_3_2,False,370,320,swap_proximal,130.0,80.0,2,pre_swap,GCAMP3,84,1
3,3,GCAMP3_3_3,False,370,320,swap_proximal,130.0,80.0,3,pre_swap,GCAMP3,50,0
4,3,GCAMP3_3_4,False,370,320,swap_proximal,130.0,80.0,4,pre_swap,GCAMP3,54,2
5,3,GCAMP3_3_5,False,370,320,swap_proximal,130.0,80.0,5,pre_swap,GCAMP3,88,2
6,3,GCAMP3_3_6,False,370,320,swap_proximal,130.0,80.0,6,pre_swap,GCAMP3,89,2
7,3,GCAMP3_3_7,False,370,320,swap_proximal,130.0,80.0,7,pre_swap,GCAMP3,87,2
8,3,GCAMP3_3_8,False,370,320,swap_proximal,130.0,80.0,8,pre_swap,GCAMP3,87,2
9,3,GCAMP3_3_9,False,370,320,swap_proximal,130.0,80.0,9,pre_swap,GCAMP3,50,2
10,3,GCAMP3_3_10,False,370,320,swap_proximal,130.0,80.0,10,pre_swap,GCAMP3,50,0
11,3,GCAMP3_3_11,False,370,320,swap_proximal,130.0,80.0,11,pre_swap,GCAMP3,50,2
12,3,GCAMP3_3_12,False,370,320,swap_proximal,130.0,80.0,12,pre_swap,GCAMP3,50,2
13,3,GCAMP3_3_13,True,370,320,swap_proximal,130.0,80.0,13,pre_swap,GCAMP3,50,0
14,3,GCAMP3_3_14,False,370,320,swap_proximal,130.0,80.0,14,pre_swap,GCAMP3,-1,3
15,3,GCAMP3_3_15,False,370,320,swap_proximal,130.0,80.0,15,pre_swap,GCAMP3,73,2
16,3,GCAMP3_3_16,False,370,320,swap_proximal,130.0,80.0,16,pre_swap,GCAMP3,50,0
17,3,GCAMP3_3_17,False,370,320,swap_proximal,130.0,80.0,17,pre_swap,GCAMP3,-1,2
18,3,GCAMP3_3_18,False,370,320,swap_proximal,130.0,80.0,18,pre_swap,GCAMP3,89,3
19,3,GCAMP3_3_19,False,370,320,swap_proximal,130.0,80.0,19,pre_swap,GCAMP3,-1,0
20,3,GCAMP3_3_20,False,370,320,swap_proximal,130.0,80.0,20,pre_swap,GCAMP3,73,2
21,3,GCAMP3_3_21,False,370,320,swap_proximal,130.0,80.0,21,pre_swap,GCAMP3,88,2
22,3,GCAMP3_3_22,False,370,320,swap_proximal,130.0,80.0,22,pre_swap,GCAMP3,-1,0
23,3,GCAMP3_3_23,False,370,320,swap_proximal,130.0,80.0,23,pre_swap,GCAMP3,89,3
24,3,GCAMP3_3_24,False,370,320,swap_proximal,130.0,80.0,24,pre_swap,GCAMP3,87,2
25,3,GCAMP3_3_25,False,370,320,swap_proximal,130.0,80.0,25,pre_swap,GCAMP3,73,2
26,3,GCAMP3_3_26,False,370,320,swap_proximal,130.0,80.0,26,pre_swap,GCAMP3,88,2
27,3,GCAMP3_3_27,False,370,320,swap_proximal,130.0,80.0,27,pre_swap,GCAMP3,50,2
28,3,GCAMP3_3_28,True,370,320,swap_proximal,130.0,80.0,28,pre_swap,GCAMP3,89,2
29,3,GCAMP3_3_29,False,370,320,swap_proximal,130.0,80.0,29,pre_swap,GCAMP3,57,0
30,3,GCAMP3_3_30,False,130,80,swap_proximal,370.0,320.0,30,post_swap,GCAMP3,86,10
31,3,GCAMP3_3_31,False,130,80,swap_proximal,370.0,320.0,31,post_swap,GCAMP3,-1,10
32,3,GCAMP3_3_32,False,130,80,swap_proximal,370.0,320.0,32,post_swap,GCAMP3,57,6
33,3,GCAMP3_3_33,False,130,80,swap_proximal,370.0,320.0,33,post_swap,GCAMP3,86,10
34,3,GCAMP3_3_34,True,130,80,swap_proximal,370.0,320.0,34,post_swap,GCAMP3,86,10
35,3,GCAMP3_3_35,True,130,80,swap_proximal,370.0,320.0,35,post_swap,GCAMP3,86,10
36,3,GCAMP3_3_36,False,130,80,swap_proximal,370.0,320.0,36,post_swap,GCAMP3,72,10
37,3,GCAMP3_3_37,True,130,80,swap_proximal,370.0,320.0,37,post_swap,GCAMP3,86,10
38,3,GCAMP3_3_38,False,130,80,swap_proximal,370.0,320.0,38,post_swap,GCAMP3,86,10
39,3,GCAMP3_3_39,False,130,80,swap_proximal,370.0,320.0,39,post_swap,GCAMP3,48,8
40,3,GCAMP3_3_40,False,130,80,swap_proximal,370.0,320.0,40,post_swap,GCAMP3,86,10
41,3,GCAMP3_3_41,False,130,80,swap_proximal,370.0,320.0,41,post_swap,GCAMP3,86,10
42,3,GCAMP3_3_42,False,130,80,swap_proximal,370.0,320.0,42,post_swap,GCAMP3,85,10
43,3,GCAMP3_3_43,False,130,80,swap_proximal,370.0,320.0,43,post_swap,GCAMP3,86,10
44,3,GCAMP3_3_44,False,130,80,swap_proximal,370.0,320.0,44,post_swap,GCAMP3,86,10
45,3,GCAMP3_3_45,False,130,80,swap_proximal,370.0,320.0,45,post_swap,GCAMP3,85,10
46,3,GCAMP3_3_46,False,130,80,swap_proximal,370.0,320.0,46,post_swap,GCAMP3,86,10
47,3,GCAMP3_3_47,False,130,80,swap_proximal,370.0,320.0,47,post_swap,GCAMP3,72,10
48,3,GCAMP3_3_48,True,130,80,swap_proximal,370.0,320.0,48,post_swap,GCAMP3,86,10
49,3,GCAMP3_3_49,False,130,80,swap_proximal,370.0,320.0,49,post_swap,GCAMP3,86,10
50,3,GCAMP3_3_50,False,130,80,swap_proximal,370.0,320.0,50,post_swap,GCAMP3,85,10
51,3,GCAMP3_3_51,False,130,80,swap_proximal,370.0,320.0,51,post_swap,GCAMP3,86,10
52,3,GCAMP3_3_52,False,130,80,swap_proximal,370.0,320.0,52,post_swap,GCAMP3,86,10
53,3,GCAMP3_3_53,False,130,80,swap_proximal,370.0,320.0,53,post_swap,GCAMP3,48,10
54,3,GCAMP3_3_54,False,130,80,swap_proximal,370.0,320.0,54,post_swap,GCAMP3,48,8
55,3,GCAMP3_3_55,False,130,80,swap_proximal,370.0,320.0,55,post_swap,GCAMP3,86,10
56,3,GCAMP3_3_56,False,130,80,swap_proximal,370.0,320.0,56,post_swap,GCAMP3,86,10
57,3,GCAMP3_3_57,False,130,80,swap_proximal,370.0,320.0,57,post_swap,GCAMP3,48,8
58,3,GCAMP3_3_58,False,130,80,swap_proximal,370.0,320.0,58,post_swap,GCAMP3,85,10
59,3,GCAMP3_3_59,False,130,80,swap_proximal,370.0,320.0,59,post_swap,GCAMP3,86,10
60,3,GCAMP3_3_60,False,130,80,swap_proximal,370.0,320.0,60,post_swap,GCAMP3,48,8
61,3,GCAMP3_3_61,False,130,80,swap_proximal,370.0,320.0,61,post_swap,GCAMP3,48,8
62,3,GCAMP3_3_62,False,130,80,swap_proximal,370.0,320.0,62,post_swap,GCAMP3,85,10
63,3,GCAMP3_3_63,False,130,80,swap_proximal,370.0,320.0,63,post_swap,GCAMP3,72,7
64,3,GCAMP3_3_64,False,130,80,swap_proximal,370.0,320.0,64,post_swap,GCAMP3,86,10
65,3,GCAMP3_3_65,False,130,80,swap_proximal,370.0,320.0,65,post_swap,GCAMP3,48,8
66,3,GCAMP3_3_66,False,130,80,swap_proximal,370.0,320.0,66,post_swap,GCAMP3,85,10
67,3,GCAMP3_3_67,False,130,80,swap_proximal,370.0,320.0,67,post_swap,GCAMP3,85,10
68,3,GCAMP3_3_68,False,130,80,swap_proximal,370.0,320.0,68,post_swap,GCAMP3,48,10
69,3,GCAMP3_3_69,True,130,80,swap_proximal,370.0,320.0,69,post_swap,GCAMP3,86,10
70,3,GCAMP3_3_70,False,130,80,swap_proximal,370.0,320.0,70,post_swap,GCAMP3,48,8
71,3,GCAMP3_3_71,False,130,80,swap_proximal,370.0,320.0,71,post_swap,GCAMP3,85,10
72,3,GCAMP3_3_72,False,130,80,swap_proximal,370.0,320.0,72,post_swap,GCAMP3,72,8
73,3,GCAMP3_3_73,True,130,80,swap_proximal,370.0,320.0,73,post_swap,GCAMP3,86,10
74,3,GCAMP3_3_74,True,130,80,swap_proximal,370.0,320.0,74,post_swap,GCAMP3,67,10
75,3,GCAMP3_3_75,False,130,80,swap_proximal,370.0,320.0,75,post_swap,GCAMP3,48,8
76,3,GCAMP3_3_76,False,130,80,swap_proximal,370.0,320.0,76,post_swap,GCAMP3,48,10
77,3,GCAMP3_3_77,True,130,80,swap_proximal,370.0,320.0,77,post_swap,GCAMP3,67,10
78,3,GCAMP3_3_78,False,130,80,swap_proximal,370.0,320.0,78,post_swap,GCAMP3,48,8
79,3,GCAMP3_3_79,False,130,80,swap_proximal,370.0,320.0,79,post_swap,GCAMP3,86,10
0,5,GCAMP3_5_0,True,130,80,swap_distal,250.0,200.0,0,pre_swap,GCAMP3,67,1
1,5,GCAMP3_5_1,False,130,80,swap_distal,250.0,200.0,1,pre_swap,GCAMP3,46,3
2,5,GCAMP3_5_2,False,130,80,swap_distal,250.0,200.0,2,pre_swap,GCAMP3,43,3
3,5,GCAMP3_5_3,False,130,80,swap_distal,250.0,200.0,3,pre_swap,GCAMP3,72,7
4,5,GCAMP3_5_4,False,130,80,swap_distal,250.0,200.0,4,pre_swap,GCAMP3,76,3
5,5,GCAMP3_5_5,False,130,80,swap_distal,250.0,200.0,5,pre_swap,GCAMP3,8,3
6,5,GCAMP3_5_6,False,130,80,swap_distal,250.0,200.0,6,pre_swap,GCAMP3,31,5
7,5,GCAMP3_5_7,True,130,80,swap_distal,250.0,200.0,7,pre_swap,GCAMP3,59,3
8,5,GCAMP3_5_8,False,130,80,swap_distal,250.0,200.0,8,pre_swap,GCAMP3,8,3
9,5,GCAMP3_5_9,False,130,80,swap_distal,250.0,200.0,9,pre_swap,GCAMP3,8,3
10,5,GCAMP3_5_10,False,130,80,swap_distal,250.0,200.0,10,pre_swap,GCAMP3,35,3
11,5,GCAMP3_5_11,False,130,80,swap_distal,250.0,200.0,11,pre_swap,GCAMP3,35,3
12,5,GCAMP3_5_12,True,130,80,swap_distal,250.0,200.0,12,pre_swap,GCAMP3,77,3
13,5,GCAMP3_5_13,False,130,80,swap_distal,250.0,200.0,13,pre_swap,GCAMP3,77,3
14,5,GCAMP3_5_14,False,130,80,swap_distal,250.0,200.0,14,pre_swap,GCAMP3,31,5
15,5,GCAMP3_5_15,False,130,80,swap_distal,250.0,200.0,15,pre_swap,GCAMP3,31,5
16,5,GCAMP3_5_16,False,130,80,swap_distal,250.0,200.0,16,pre_swap,GCAMP3,77,3
17,5,GCAMP3_5_17,False,130,80,swap_distal,250.0,200.0,17,pre_swap,GCAMP3,77,3
18,5,GCAMP3_5_18,False,130,80,swap_distal,250.0,200.0,18,pre_swap,GCAMP3,70,3
19,5,GCAMP3_5_19,False,130,80,swap_distal,250.0,200.0,19,pre_swap,GCAMP3,8,3
20,5,GCAMP3_5_20,False,130,80,swap_distal,250.0,200.0,20,pre_swap,GCAMP3,35,3
21,5,GCAMP3_5_21,False,130,80,swap_distal,250.0,200.0,21,pre_swap,GCAMP3,31,5
22,5,GCAMP3_5_22,False,130,80,swap_distal,250.0,200.0,22,pre_swap,GCAMP3,31,5
23,5,GCAMP3_5_23,False,130,80,swap_distal,250.0,200.0,23,pre_swap,GCAMP3,31,5
24,5,GCAMP3_5_24,False,130,80,swap_distal,250.0,200.0,24,pre_swap,GCAMP3,8,3
25,5,GCAMP3_5_25,False,130,80,swap_distal,250.0,200.0,25,pre_swap,GCAMP3,77,3
26,5,GCAMP3_5_26,False,130,80,swap_distal,250.0,200.0,26,pre_swap,GCAMP3,77,3
27,5,GCAMP3_5_27,False,130,80,swap_distal,250.0,200.0,27,pre_swap,GCAMP3,35,3
28,5,GCAMP3_5_28,False,130,80,swap_distal,250.0,200.0,28,pre_swap,GCAMP3,8,3
29,5,GCAMP3_5_29,True,130,80,swap_distal,250.0,200.0,29,pre_swap,GCAMP3,77,3
30,5,GCAMP3_5_30,False,250,200,swap_distal,130.0,80.0,30,post_swap,GCAMP3,48,8
31,5,GCAMP3_5_31,False,250,200,swap_distal,130.0,80.0,31,post_swap,GCAMP3,53,10
32,5,GCAMP3_5_32,True,250,200,swap_distal,130.0,80.0,32,post_swap,GCAMP3,52,9
33,5,GCAMP3_5_33,False,250,200,swap_distal,130.0,80.0,33,post_swap,GCAMP3,78,6
34,5,GCAMP3_5_34,False,250,200,swap_distal,130.0,80.0,34,post_swap,GCAMP3,85,10
35,5,GCAMP3_5_35,False,250,200,swap_distal,130.0,80.0,35,post_swap,GCAMP3,78,10
36,5,GCAMP3_5_36,False,250,200,swap_distal,130.0,80.0,36,post_swap,GCAMP3,86,10
37,5,GCAMP3_5_37,False,250,200,swap_distal,130.0,80.0,37,post_swap,GCAMP3,86,10
38,5,GCAMP3_5_38,True,250,200,swap_distal,130.0,80.0,38,post_swap,GCAMP3,78,10
39,5,GCAMP3_5_39,False,250,200,swap_distal,130.0,80.0,39,post_swap,GCAMP3,86,10
40,5,GCAMP3_5_40,False,250,200,swap_distal,130.0,80.0,40,post_swap,GCAMP3,78,10
41,5,GCAMP3_5_41,False,250,200,swap_distal,130.0,80.0,41,post_swap,GCAMP3,85,10
42,5,GCAMP3_5_42,False,250,200,swap_distal,130.0,80.0,42,post_swap,GCAMP3,86,10
43,5,GCAMP3_5_43,False,250,200,swap_distal,130.0,80.0,43,post_swap,GCAMP3,86,10
44,5,GCAMP3_5_44,False,250,200,swap_distal,130.0,80.0,44,post_swap,GCAMP3,78,10
45,5,GCAMP3_5_45,False,250,200,swap_distal,130.0,80.0,45,post_swap,GCAMP3,78,6
46,5,GCAMP3_5_46,False,250,200,swap_distal,130.0,80.0,46,post_swap,GCAMP3,78,10
47,5,GCAMP3_5_47,False,250,200,swap_distal,130.0,80.0,47,post_swap,GCAMP3,51,6
48,5,GCAMP3_5_48,False,250,200,swap_distal,130.0,80.0,48,post_swap,GCAMP3,17,5
49,5,GCAMP3_5_49,False,250,200,swap_distal,130.0,80.0,49,post_swap,GCAMP3,4,5
50,5,GCAMP3_5_50,False,250,200,swap_distal,130.0,80.0,50,post_swap,GCAMP3,17,5
51,5,GCAMP3_5_51,False,250,200,swap_distal,130.0,80.0,51,post_swap,GCAMP3,17,5
52,5,GCAMP3_5_52,False,250,200,swap_distal,130.0,80.0,52,post_swap,GCAMP3,4,4
53,5,GCAMP3_5_53,False,250,200,swap_distal,130.0,80.0,53,post_swap,GCAMP3,17,5
54,5,GCAMP3_5_54,False,250,200,swap_distal,130.0,80.0,54,post_swap,GCAMP3,78,6
55,5,GCAMP3_5_55,False,250,200,swap_distal,130.0,80.0,55,post_swap,GCAMP3,4,4
56,5,GCAMP3_5_56,False,250,200,swap_distal,130.0,80.0,56,post_swap,GCAMP3,9,9
57,5,GCAMP3_5_57,False,250,200,swap_distal,130.0,80.0,57,post_swap,GCAMP3,4,6
58,5,GCAMP3_5_58,False,250,200,swap_distal,130.0,80.0,58,post_swap,GCAMP3,17,6
59,5,GCAMP3_5_59,False,250,200,swap_distal,130.0,80.0,59,post_swap,GCAMP3,83,10
60,5,GCAMP3_5_60,True,250,200,swap_distal,130.0,80.0,60,post_swap,GCAMP3,78,10
61,5,GCAMP3_5_61,False,250,200,swap_distal,130.0,80.0,61,post_swap,GCAMP3,51,5
62,5,GCAMP3_5_62,False,250,200,swap_distal,130.0,80.0,62,post_swap,GCAMP3,4,4
63,5,GCAMP3_5_63,True,250,200,swap_distal,130.0,80.0,63,post_swap,GCAMP3,78,6
64,5,GCAMP3_5_64,False,250,200,swap_distal,130.0,80.0,64,post_swap,GCAMP3,52,6
65,5,GCAMP3_5_65,False,250,200,swap_distal,130.0,80.0,65,post_swap,GCAMP3,4,5
66,5,GCAMP3_5_66,True,250,200,swap_distal,130.0,80.0,66,post_swap,GCAMP3,78,6
67,5,GCAMP3_5_67,False,250,200,swap_distal,130.0,80.0,67,post_swap,GCAMP3,52,5
68,5,GCAMP3_5_68,False,250,200,swap_distal,130.0,80.0,68,post_swap,GCAMP3,13,4
69,5,GCAMP3_5_69,True,250,200,swap_distal,130.0,80.0,69,post_swap,GCAMP3,78,6
70,5,GCAMP3_5_70,False,250,200,swap_distal,130.0,80.0,70,post_swap,GCAMP3,52,9
71,5,GCAMP3_5_71,False,250,200,swap_distal,130.0,80.0,71,post_swap,GCAMP3,4,5
72,5,GCAMP3_5_72,False,250,200,swap_distal,130.0,80.0,72,post_swap,GCAMP3,51,5
73,5,GCAMP3_5_73,False,250,200,swap_distal,130.0,80.0,73,post_swap,GCAMP3,13,4
74,5,GCAMP3_5_74,False,250,200,swap_distal,130.0,80.0,74,post_swap,GCAMP3,81,4
75,5,GCAMP3_5_75,False,250,200,swap_distal,130.0,80.0,75,post_swap,GCAMP3,4,4
76,5,GCAMP3_5_76,True,250,200,swap_distal,130.0,80.0,76,post_swap,GCAMP3,1,6
77,5,GCAMP3_5_77,False,250,200,swap_distal,130.0,80.0,77,post_swap,GCAMP3,81,4
78,5,GCAMP3_5_78,True,250,200,swap_distal,130.0,80.0,78,post_swap,GCAMP3,38,0
79,5,GCAMP3_5_79,False,250,200,swap_distal,130.0,80.0,79,post_swap,GCAMP3,32,2
0,7,GCAMP3_7_0,True,250,200,swap_distal,370.0,320.0,0,pre_swap,GCAMP3,79,6
1,7,GCAMP3_7_1,False,250,200,swap_distal,370.0,320.0,1,pre_swap,GCAMP3,6,4
2,7,GCAMP3_7_2,False,250,200,swap_distal,370.0,320.0,2,pre_swap,GCAMP3,58,4
3,7,GCAMP3_7_3,False,250,200,swap_distal,370.0,320.0,3,pre_swap,GCAMP3,58,4
4,7,GCAMP3_7_4,False,250,200,swap_distal,370.0,320.0,4,pre_swap,GCAMP3,58,4
5,7,GCAMP3_7_5,False,250,200,swap_distal,370.0,320.0,5,pre_swap,GCAMP3,62,4
6,7,GCAMP3_7_6,False,250,200,swap_distal,370.0,320.0,6,pre_swap,GCAMP3,58,4
7,7,GCAMP3_7_7,True,250,200,swap_distal,370.0,320.0,7,pre_swap,GCAMP3,81,4
8,7,GCAMP3_7_8,False,250,200,swap_distal,370.0,320.0,8,pre_swap,GCAMP3,58,4
9,7,GCAMP3_7_9,False,250,200,swap_distal,370.0,320.0,9,pre_swap,GCAMP3,63,4
10,7,GCAMP3_7_10,False,250,200,swap_distal,370.0,320.0,10,pre_swap,GCAMP3,80,4
11,7,GCAMP3_7_11,False,250,200,swap_distal,370.0,320.0,11,pre_swap,GCAMP3,58,4
12,7,GCAMP3_7_12,False,250,200,swap_distal,370.0,320.0,12,pre_swap,GCAMP3,4,4
13,7,GCAMP3_7_13,False,250,200,swap_distal,370.0,320.0,13,pre_swap,GCAMP3,66,0
14,7,GCAMP3_7_14,False,250,200,swap_distal,370.0,320.0,14,pre_swap,GCAMP3,81,4
15,7,GCAMP3_7_15,False,250,200,swap_distal,370.0,320.0,15,pre_swap,GCAMP3,58,4
16,7,GCAMP3_7_16,False,250,200,swap_distal,370.0,320.0,16,pre_swap,GCAMP3,58,4
17,7,GCAMP3_7_17,False,250,200,swap_distal,370.0,320.0,17,pre_swap,GCAMP3,58,4
18,7,GCAMP3_7_18,True,250,200,swap_distal,370.0,320.0,18,pre_swap,GCAMP3,29,0
19,7,GCAMP3_7_19,False,250,200,swap_distal,370.0,320.0,19,pre_swap,GCAMP3,58,4
20,7,GCAMP3_7_20,False,250,200,swap_distal,370.0,320.0,20,pre_swap,GCAMP3,33,4
21,7,GCAMP3_7_21,False,250,200,swap_distal,370.0,320.0,21,pre_swap,GCAMP3,58,4
22,7,GCAMP3_7_22,False,250,200,swap_distal,370.0,320.0,22,pre_swap,GCAMP3,58,4
23,7,GCAMP3_7_23,False,250,200,swap_distal,370.0,320.0,23,pre_swap,GCAMP3,62,4
24,7,GCAMP3_7_24,False,250,200,swap_distal,370.0,320.0,24,pre_swap,GCAMP3,13,4
25,7,GCAMP3_7_25,False,250,200,swap_distal,370.0,320.0,25,pre_swap,GCAMP3,58,4
26,7,GCAMP3_7_26,False,250,200,swap_distal,370.0,320.0,26,pre_swap,GCAMP3,58,4
27,7,GCAMP3_7_27,False,250,200,swap_distal,370.0,320.0,27,pre_swap,GCAMP3,58,4
28,7,GCAMP3_7_28,False,250,200,swap_distal,370.0,320.0,28,pre_swap,GCAMP3,62,4
29,7,GCAMP3_7_29,False,250,200,swap_distal,370.0,320.0,29,pre_swap,GCAMP3,61,4
30,7,GCAMP3_7_30,False,370,320,swap_distal,250.0,200.0,30,post_swap,GCAMP3,58,2
31,7,GCAMP3_7_31,False,370,320,swap_distal,250.0,200.0,31,post_swap,GCAMP3,95,2
32,7,GCAMP3_7_32,True,370,320,swap_distal,250.0,200.0,32,post_swap,GCAMP3,28,0
33,7,GCAMP3_7_33,False,370,320,swap_distal,250.0,200.0,33,post_swap,GCAMP3,94,2
34,7,GCAMP3_7_34,False,370,320,swap_distal,250.0,200.0,34,post_swap,GCAMP3,28,0
35,7,GCAMP3_7_35,False,370,320,swap_distal,250.0,200.0,35,post_swap,GCAMP3,28,0
36,7,GCAMP3_7_36,True,370,320,swap_distal,250.0,200.0,36,post_swap,GCAMP3,79,6
37,7,GCAMP3_7_37,False,370,320,swap_distal,250.0,200.0,37,post_swap,GCAMP3,21,2
38,7,GCAMP3_7_38,True,370,320,swap_distal,250.0,200.0,38,post_swap,GCAMP3,29,0
39,7,GCAMP3_7_39,False,370,320,swap_distal,250.0,200.0,39,post_swap,GCAMP3,19,2
40,7,GCAMP3_7_40,False,370,320,swap_distal,250.0,200.0,40,post_swap,GCAMP3,25,2
41,7,GCAMP3_7_41,False,370,320,swap_distal,250.0,200.0,41,post_swap,GCAMP3,25,2
42,7,GCAMP3_7_42,False,370,320,swap_distal,250.0,200.0,42,post_swap,GCAMP3,25,2
43,7,GCAMP3_7_43,False,370,320,swap_distal,250.0,200.0,43,post_swap,GCAMP3,2,0
44,7,GCAMP3_7_44,False,370,320,swap_distal,250.0,200.0,44,post_swap,GCAMP3,7,2
45,7,GCAMP3_7_45,False,370,320,swap_distal,250.0,200.0,45,post_swap,GCAMP3,7,2
46,7,GCAMP3_7_46,False,370,320,swap_distal,250.0,200.0,46,post_swap,GCAMP3,7,2
47,7,GCAMP3_7_47,False,370,320,swap_distal,250.0,200.0,47,post_swap,GCAMP3,25,2
48,7,GCAMP3_7_48,False,370,320,swap_distal,250.0,200.0,48,post_swap,GCAMP3,38,2
49,7,GCAMP3_7_49,False,370,320,swap_distal,250.0,200.0,49,post_swap,GCAMP3,2,2
50,7,GCAMP3_7_50,True,370,320,swap_distal,250.0,200.0,50,post_swap,GCAMP3,57,0
51,7,GCAMP3_7_51,False,370,320,swap_distal,250.0,200.0,51,post_swap,GCAMP3,7,2
52,7,GCAMP3_7_52,False,370,320,swap_distal,250.0,200.0,52,post_swap,GCAMP3,93,3
53,7,GCAMP3_7_53,False,370,320,swap_distal,250.0,200.0,53,post_swap,GCAMP3,2,2
54,7,GCAMP3_7_54,False,370,320,swap_distal,250.0,200.0,54,post_swap,GCAMP3,84,2
55,7,GCAMP3_7_55,False,370,320,swap_distal,250.0,200.0,55,post_swap,GCAMP3,25,2
56,7,GCAMP3_7_56,False,370,320,swap_distal,250.0,200.0,56,post_swap,GCAMP3,49,2
57,7,GCAMP3_7_57,False,370,320,swap_distal,250.0,200.0,57,post_swap,GCAMP3,37,2
58,7,GCAMP3_7_58,False,370,320,swap_distal,250.0,200.0,58,post_swap,GCAMP3,7,2
59,7,GCAMP3_7_59,False,370,320,swap_distal,250.0,200.0,59,post_swap,GCAMP3,2,2
60,7,GCAMP3_7_60,False,370,320,swap_distal,250.0,200.0,60,post_swap,GCAMP3,3,0
61,7,GCAMP3_7_61,False,370,320,swap_distal,250.0,200.0,61,post_swap,GCAMP3,84,2
62,7,GCAMP3_7_62,False,370,320,swap_distal,250.0,200.0,62,post_swap,GCAMP3,7,2
63,7,GCAMP3_7_63,False,370,320,swap_distal,250.0,200.0,63,post_swap,GCAMP3,-1,0
64,7,GCAMP3_7_64,False,370,320,swap_distal,250.0,200.0,64,post_swap,GCAMP3,25,2
65,7,GCAMP3_7_65,False,370,320,swap_distal,250.0,200.0,65,post_swap,GCAMP3,11,3
66,7,GCAMP3_7_66,True,370,320,swap_distal,250.0,200.0,66,post_swap,GCAMP3,50,0
67,7,GCAMP3_7_67,False,370,320,swap_distal,250.0,200.0,67,post_swap,GCAMP3,2,2
68,7,GCAMP3_7_68,False,370,320,swap_distal,250.0,200.0,68,post_swap,GCAMP3,38,0
69,7,GCAMP3_7_69,False,370,320,swap_distal,250.0,200.0,69,post_swap,GCAMP3,42,2
70,7,GCAMP3_7_70,False,370,320,swap_distal,250.0,200.0,70,post_swap,GCAMP3,55,3
71,7,GCAMP3_7_71,False,370,320,swap_distal,250.0,200.0,71,post_swap,GCAMP3,49,2
72,7,GCAMP3_7_72,False,370,320,swap_distal,250.0,200.0,72,post_swap,GCAMP3,49,2
73,7,GCAMP3_7_73,True,370,320,swap_distal,250.0,200.0,73,post_swap,GCAMP3,38,0
74,7,GCAMP3_7_74,False,370,320,swap_distal,250.0,200.0,74,post_swap,GCAMP3,49,2
75,7,GCAMP3_7_75,False,370,320,swap_distal,250.0,200.0,75,post_swap,GCAMP3,7,2
76,7,GCAMP3_7_76,False,370,320,swap_distal,250.0,200.0,76,post_swap,GCAMP3,84,2
77,7,GCAMP3_7_77,False,370,320,swap_distal,250.0,200.0,77,post_swap,GCAMP3,49,2
78,7,GCAMP3_7_78,False,370,320,swap_distal,250.0,200.0,78,post_swap,GCAMP3,55,3
79,7,GCAMP3_7_79,False,370,320,swap_distal,250.0,200.0,79,post_swap,GCAMP3,55,3
0,8,GCAMP3_8_0,False,370,320,swap_proximal,250.0,200.0,0,pre_swap,GCAMP3,65,1
1,8,GCAMP3_8_1,False,370,320,swap_proximal,250.0,200.0,1,pre_swap,GCAMP3,36,1
2,8,GCAMP3_8_2,False,370,320,swap_proximal,250.0,200.0,2,pre_swap,GCAMP3,90,2
3,8,GCAMP3_8_3,False,370,320,swap_proximal,250.0,200.0,3,pre_swap,GCAMP3,95,2
4,8,GCAMP3_8_4,False,370,320,swap_proximal,250.0,200.0,4,pre_swap,GCAMP3,19,2
5,8,GCAMP3_8_5,False,370,320,swap_proximal,250.0,200.0,5,pre_swap,GCAMP3,49,2
6,8,GCAMP3_8_6,False,370,320,swap_proximal,250.0,200.0,6,pre_swap,GCAMP3,64,1
7,8,GCAMP3_8_7,True,370,320,swap_proximal,250.0,200.0,7,pre_swap,GCAMP3,19,0
8,8,GCAMP3_8_8,False,370,320,swap_proximal,250.0,200.0,8,pre_swap,GCAMP3,24,2
9,8,GCAMP3_8_9,False,370,320,swap_proximal,250.0,200.0,9,pre_swap,GCAMP3,49,2
10,8,GCAMP3_8_10,False,370,320,swap_proximal,250.0,200.0,10,pre_swap,GCAMP3,55,2
11,8,GCAMP3_8_11,False,370,320,swap_proximal,250.0,200.0,11,pre_swap,GCAMP3,42,2
12,8,GCAMP3_8_12,False,370,320,swap_proximal,250.0,200.0,12,pre_swap,GCAMP3,54,3
13,8,GCAMP3_8_13,True,370,320,swap_proximal,250.0,200.0,13,pre_swap,GCAMP3,49,2
14,8,GCAMP3_8_14,False,370,320,swap_proximal,250.0,200.0,14,pre_swap,GCAMP3,55,3
15,8,GCAMP3_8_15,False,370,320,swap_proximal,250.0,200.0,15,pre_swap,GCAMP3,-1,2
16,8,GCAMP3_8_16,False,370,320,swap_proximal,250.0,200.0,16,pre_swap,GCAMP3,42,2
17,8,GCAMP3_8_17,False,370,320,swap_proximal,250.0,200.0,17,pre_swap,GCAMP3,88,2
18,8,GCAMP3_8_18,False,370,320,swap_proximal,250.0,200.0,18,pre_swap,GCAMP3,30,2
19,8,GCAMP3_8_19,True,370,320,swap_proximal,250.0,200.0,19,pre_swap,GCAMP3,49,2
20,8,GCAMP3_8_20,False,370,320,swap_proximal,250.0,200.0,20,pre_swap,GCAMP3,45,2
21,8,GCAMP3_8_21,False,370,320,swap_proximal,250.0,200.0,21,pre_swap,GCAMP3,25,2
22,8,GCAMP3_8_22,False,370,320,swap_proximal,250.0,200.0,22,pre_swap,GCAMP3,42,2
23,8,GCAMP3_8_23,False,370,320,swap_proximal,250.0,200.0,23,pre_swap,GCAMP3,42,2
24,8,GCAMP3_8_24,False,370,320,swap_proximal,250.0,200.0,24,pre_swap,GCAMP3,54,3
25,8,GCAMP3_8_25,False,370,320,swap_proximal,250.0,200.0,25,pre_swap,GCAMP3,42,2
26,8,GCAMP3_8_26,False,370,320,swap_proximal,250.0,200.0,26,pre_swap,GCAMP3,42,2
27,8,GCAMP3_8_27,False,370,320,swap_proximal,250.0,200.0,27,pre_swap,GCAMP3,42,3
28,8,GCAMP3_8_28,False,370,320,swap_proximal,250.0,200.0,28,pre_swap,GCAMP3,42,3
29,8,GCAMP3_8_29,True,370,320,swap_proximal,250.0,200.0,29,pre_swap,GCAMP3,56,0
30,8,GCAMP3_8_30,True,250,200,swap_proximal,370.0,320.0,30,post_swap,GCAMP3,79,6
31,8,GCAMP3_8_31,False,250,200,swap_proximal,370.0,320.0,31,post_swap,GCAMP3,6,6
32,8,GCAMP3_8_32,False,250,200,swap_proximal,370.0,320.0,32,post_swap,GCAMP3,-1,0
33,8,GCAMP3_8_33,True,250,200,swap_proximal,370.0,320.0,33,post_swap,GCAMP3,-1,0
34,8,GCAMP3_8_34,False,250,200,swap_proximal,370.0,320.0,34,post_swap,GCAMP3,12,0
35,8,GCAMP3_8_35,False,250,200,swap_proximal,370.0,320.0,35,post_swap,GCAMP3,12,0
36,8,GCAMP3_8_36,False,250,200,swap_proximal,370.0,320.0,36,post_swap,GCAMP3,79,6
37,8,GCAMP3_8_37,False,250,200,swap_proximal,370.0,320.0,37,post_swap,GCAMP3,-1,2
38,8,GCAMP3_8_38,False,250,200,swap_proximal,370.0,320.0,38,post_swap,GCAMP3,79,6
39,8,GCAMP3_8_39,False,250,200,swap_proximal,370.0,320.0,39,post_swap,GCAMP3,-1,0
40,8,GCAMP3_8_40,False,250,200,swap_proximal,370.0,320.0,40,post_swap,GCAMP3,33,6
41,8,GCAMP3_8_41,False,250,200,swap_proximal,370.0,320.0,41,post_swap,GCAMP3,80,4
42,8,GCAMP3_8_42,True,250,200,swap_proximal,370.0,320.0,42,post_swap,GCAMP3,28,6
43,8,GCAMP3_8_43,False,250,200,swap_proximal,370.0,320.0,43,post_swap,GCAMP3,33,0
44,8,GCAMP3_8_44,False,250,200,swap_proximal,370.0,320.0,44,post_swap,GCAMP3,58,4
45,8,GCAMP3_8_45,False,250,200,swap_proximal,370.0,320.0,45,post_swap,GCAMP3,6,4
46,8,GCAMP3_8_46,True,250,200,swap_proximal,370.0,320.0,46,post_swap,GCAMP3,14,4
47,8,GCAMP3_8_47,True,250,200,swap_proximal,370.0,320.0,47,post_swap,GCAMP3,81,0
48,8,GCAMP3_8_48,False,250,200,swap_proximal,370.0,320.0,48,post_swap,GCAMP3,81,4
49,8,GCAMP3_8_49,False,250,200,swap_proximal,370.0,320.0,49,post_swap,GCAMP3,-1,9
50,8,GCAMP3_8_50,False,250,200,swap_proximal,370.0,320.0,50,post_swap,GCAMP3,81,4
51,8,GCAMP3_8_51,False,250,200,swap_proximal,370.0,320.0,51,post_swap,GCAMP3,81,4
52,8,GCAMP3_8_52,False,250,200,swap_proximal,370.0,320.0,52,post_swap,GCAMP3,81,4
53,8,GCAMP3_8_53,False,250,200,swap_proximal,370.0,320.0,53,post_swap,GCAMP3,58,4
54,8,GCAMP3_8_54,False,250,200,swap_proximal,370.0,320.0,54,post_swap,GCAMP3,81,4
55,8,GCAMP3_8_55,False,250,200,swap_proximal,370.0,320.0,55,post_swap,GCAMP3,63,0
56,8,GCAMP3_8_56,False,250,200,swap_proximal,370.0,320.0,56,post_swap,GCAMP3,33,0
57,8,GCAMP3_8_57,True,250,200,swap_proximal,370.0,320.0,57,post_swap,GCAMP3,-1,0
58,8,GCAMP3_8_58,False,250,200,swap_proximal,370.0,320.0,58,post_swap,GCAMP3,58,4
59,8,GCAMP3_8_59,False,250,200,swap_proximal,370.0,320.0,59,post_swap,GCAMP3,63,4
60,8,GCAMP3_8_60,False,250,200,swap_proximal,370.0,320.0,60,post_swap,GCAMP3,81,4
61,8,GCAMP3_8_61,False,250,200,swap_proximal,370.0,320.0,61,post_swap,GCAMP3,81,4
62,8,GCAMP3_8_62,False,250,200,swap_proximal,370.0,320.0,62,post_swap,GCAMP3,58,4
63,8,GCAMP3_8_63,False,250,200,swap_proximal,370.0,320.0,63,post_swap,GCAMP3,63,0
64,8,GCAMP3_8_64,False,250,200,swap_proximal,370.0,320.0,64,post_swap,GCAMP3,-1,0
65,8,GCAMP3_8_65,True,250,200,swap_proximal,370.0,320.0,65,post_swap,GCAMP3,81,4
66,8,GCAMP3_8_66,False,250,200,swap_proximal,370.0,320.0,66,post_swap,GCAMP3,81,4
67,8,GCAMP3_8_67,False,250,200,swap_proximal,370.0,320.0,67,post_swap,GCAMP3,62,4
68,8,GCAMP3_8_68,False,250,200,swap_proximal,370.0,320.0,68,post_swap,GCAMP3,58,4
69,8,GCAMP3_8_69,False,250,200,swap_proximal,370.0,320.0,69,post_swap,GCAMP3,81,4
70,8,GCAMP3_8_70,False,250,200,swap_proximal,370.0,320.0,70,post_swap,GCAMP3,58,2
71,8,GCAMP3_8_71,True,250,200,swap_proximal,370.0,320.0,71,post_swap,GCAMP3,99,2
72,8,GCAMP3_8_72,False,250,200,swap_proximal,370.0,320.0,72,post_swap,GCAMP3,-1,0
73,8,GCAMP3_8_73,False,250,200,swap_proximal,370.0,320.0,73,post_swap,GCAMP3,81,4
74,8,GCAMP3_8_74,False,250,200,swap_proximal,370.0,320.0,74,post_swap,GCAMP3,81,4
75,8,GCAMP3_8_75,False,250,200,swap_proximal,370.0,320.0,75,post_swap,GCAMP3,63,4
76,8,GCAMP3_8_76,False,250,200,swap_proximal,370.0,320.0,76,post_swap,GCAMP3,80,4
77,8,GCAMP3_8_77,True,250,200,swap_proximal,370.0,320.0,77,post_swap,GCAMP3,81,4
78,8,GCAMP3_8_78,False,250,200,swap_proximal,370.0,320.0,78,post_swap,GCAMP3,81,4
79,8,GCAMP3_8_79,False,250,200,swap_proximal,370.0,320.0,79,post_swap,GCAMP3,81,4
0,10,GCAMP3_10_0,False,250,200,swap_proximal,130.0,80.0,0,pre_swap,GCAMP3,60,6
2,10,GCAMP3_10_2,False,250,200,swap_proximal,130.0,80.0,2,pre_swap,GCAMP3,4,6
3,10,GCAMP3_10_3,False,250,200,swap_proximal,130.0,80.0,3,pre_swap,GCAMP3,4,4
4,10,GCAMP3_10_4,False,250,200,swap_proximal,130.0,80.0,4,pre_swap,GCAMP3,66,2
5,10,GCAMP3_10_5,False,250,200,swap_proximal,130.0,80.0,5,pre_swap,GCAMP3,80,4
6,10,GCAMP3_10_6,False,250,200,swap_proximal,130.0,80.0,6,pre_swap,GCAMP3,58,4
7,10,GCAMP3_10_7,False,250,200,swap_proximal,130.0,80.0,7,pre_swap,GCAMP3,58,4
8,10,GCAMP3_10_8,False,250,200,swap_proximal,130.0,80.0,8,pre_swap,GCAMP3,66,2
9,10,GCAMP3_10_9,False,250,200,swap_proximal,130.0,80.0,9,pre_swap,GCAMP3,81,4
10,10,GCAMP3_10_10,False,250,200,swap_proximal,130.0,80.0,10,pre_swap,GCAMP3,81,4
11,10,GCAMP3_10_11,False,250,200,swap_proximal,130.0,80.0,11,pre_swap,GCAMP3,58,4
12,10,GCAMP3_10_12,False,250,200,swap_proximal,130.0,80.0,12,pre_swap,GCAMP3,81,4
13,10,GCAMP3_10_13,False,250,200,swap_proximal,130.0,80.0,13,pre_swap,GCAMP3,62,4
14,10,GCAMP3_10_14,False,250,200,swap_proximal,130.0,80.0,14,pre_swap,GCAMP3,58,4
15,10,GCAMP3_10_15,False,250,200,swap_proximal,130.0,80.0,15,pre_swap,GCAMP3,81,4
16,10,GCAMP3_10_16,False,250,200,swap_proximal,130.0,80.0,16,pre_swap,GCAMP3,58,4
17,10,GCAMP3_10_17,False,250,200,swap_proximal,130.0,80.0,17,pre_swap,GCAMP3,66,2
18,10,GCAMP3_10_18,True,250,200,swap_proximal,130.0,80.0,18,pre_swap,GCAMP3,28,0
19,10,GCAMP3_10_19,False,250,200,swap_proximal,130.0,80.0,19,pre_swap,GCAMP3,-1,0
20,10,GCAMP3_10_20,False,250,200,swap_proximal,130.0,80.0,20,pre_swap,GCAMP3,81,2
21,10,GCAMP3_10_21,False,250,200,swap_proximal,130.0,80.0,21,pre_swap,GCAMP3,-1,2
22,10,GCAMP3_10_22,False,250,200,swap_proximal,130.0,80.0,22,pre_swap,GCAMP3,58,4
23,10,GCAMP3_10_23,False,250,200,swap_proximal,130.0,80.0,23,pre_swap,GCAMP3,81,4
24,10,GCAMP3_10_24,False,250,200,swap_proximal,130.0,80.0,24,pre_swap,GCAMP3,58,4
25,10,GCAMP3_10_25,False,250,200,swap_proximal,130.0,80.0,25,pre_swap,GCAMP3,81,4
26,10,GCAMP3_10_26,True,250,200,swap_proximal,130.0,80.0,26,pre_swap,GCAMP3,-1,2
27,10,GCAMP3_10_27,False,250,200,swap_proximal,130.0,80.0,27,pre_swap,GCAMP3,63,4
28,10,GCAMP3_10_28,False,250,200,swap_proximal,130.0,80.0,28,pre_swap,GCAMP3,32,4
29,10,GCAMP3_10_29,False,250,200,swap_proximal,130.0,80.0,29,pre_swap,GCAMP3,58,2
30,10,GCAMP3_10_30,False,130,80,swap_proximal,250.0,200.0,30,post_swap,GCAMP3,60,6
31,10,GCAMP3_10_31,False,130,80,swap_proximal,250.0,200.0,31,post_swap,GCAMP3,57,6
32,10,GCAMP3_10_32,False,130,80,swap_proximal,250.0,200.0,32,post_swap,GCAMP3,60,6
33,10,GCAMP3_10_33,False,130,80,swap_proximal,250.0,200.0,33,post_swap,GCAMP3,31,5
34,10,GCAMP3_10_34,True,130,80,swap_proximal,250.0,200.0,34,post_swap,GCAMP3,60,6
35,10,GCAMP3_10_35,False,130,80,swap_proximal,250.0,200.0,35,post_swap,GCAMP3,9,4
36,10,GCAMP3_10_36,False,130,80,swap_proximal,250.0,200.0,36,post_swap,GCAMP3,57,6
37,10,GCAMP3_10_37,False,130,80,swap_proximal,250.0,200.0,37,post_swap,GCAMP3,26,9
38,10,GCAMP3_10_38,False,130,80,swap_proximal,250.0,200.0,38,post_swap,GCAMP3,26,5
39,10,GCAMP3_10_39,True,130,80,swap_proximal,250.0,200.0,39,post_swap,GCAMP3,64,6
40,10,GCAMP3_10_40,False,130,80,swap_proximal,250.0,200.0,40,post_swap,GCAMP3,72,7
41,10,GCAMP3_10_41,False,130,80,swap_proximal,250.0,200.0,41,post_swap,GCAMP3,12,5
42,10,GCAMP3_10_42,False,130,80,swap_proximal,250.0,200.0,42,post_swap,GCAMP3,47,1
43,10,GCAMP3_10_43,False,130,80,swap_proximal,250.0,200.0,43,post_swap,GCAMP3,0,3
44,10,GCAMP3_10_44,False,130,80,swap_proximal,250.0,200.0,44,post_swap,GCAMP3,77,3
45,10,GCAMP3_10_45,False,130,80,swap_proximal,250.0,200.0,45,post_swap,GCAMP3,70,7
46,10,GCAMP3_10_46,False,130,80,swap_proximal,250.0,200.0,46,post_swap,GCAMP3,44,3
47,10,GCAMP3_10_47,False,130,80,swap_proximal,250.0,200.0,47,post_swap,GCAMP3,44,3
48,10,GCAMP3_10_48,False,130,80,swap_proximal,250.0,200.0,48,post_swap,GCAMP3,77,3
49,10,GCAMP3_10_49,True,130,80,swap_proximal,250.0,200.0,49,post_swap,GCAMP3,67,1
50,10,GCAMP3_10_50,False,130,80,swap_proximal,250.0,200.0,50,post_swap,GCAMP3,77,3
51,10,GCAMP3_10_51,True,130,80,swap_proximal,250.0,200.0,51,post_swap,GCAMP3,31,5
52,10,GCAMP3_10_52,False,130,80,swap_proximal,250.0,200.0,52,post_swap,GCAMP3,16,3
53,10,GCAMP3_10_53,True,130,80,swap_proximal,250.0,200.0,53,post_swap,GCAMP3,53,1
54,10,GCAMP3_10_54,True,130,80,swap_proximal,250.0,200.0,54,post_swap,GCAMP3,51,5
55,10,GCAMP3_10_55,False,130,80,swap_proximal,250.0,200.0,55,post_swap,GCAMP3,16,3
56,10,GCAMP3_10_56,False,130,80,swap_proximal,250.0,200.0,56,post_swap,GCAMP3,77,3
57,10,GCAMP3_10_57,False,130,80,swap_proximal,250.0,200.0,57,post_swap,GCAMP3,0,5
58,10,GCAMP3_10_58,False,130,80,swap_proximal,250.0,200.0,58,post_swap,GCAMP3,77,3
59,10,GCAMP3_10_59,True,130,80,swap_proximal,250.0,200.0,59,post_swap,GCAMP3,52,1
60,10,GCAMP3_10_60,False,130,80,swap_proximal,250.0,200.0,60,post_swap,GCAMP3,77,3
61,10,GCAMP3_10_61,False,130,80,swap_proximal,250.0,200.0,61,post_swap,GCAMP3,68,3
62,10,GCAMP3_10_62,False,130,80,swap_proximal,250.0,200.0,62,post_swap,GCAMP3,16,3
63,10,GCAMP3_10_63,False,130,80,swap_proximal,250.0,200.0,63,post_swap,GCAMP3,0,5
64,10,GCAMP3_10_64,False,130,80,swap_proximal,250.0,200.0,64,post_swap,GCAMP3,16,3
65,10,GCAMP3_10_65,True,130,80,swap_proximal,250.0,200.0,65,post_swap,GCAMP3,4,1
66,10,GCAMP3_10_66,False,130,80,swap_proximal,250.0,200.0,66,post_swap,GCAMP3,77,3
67,10,GCAMP3_10_67,False,130,80,swap_proximal,250.0,200.0,67,post_swap,GCAMP3,0,1
68,10,GCAMP3_10_68,False,130,80,swap_proximal,250.0,200.0,68,post_swap,GCAMP3,72,7
69,10,GCAMP3_10_69,True,130,80,swap_proximal,250.0,200.0,69,post_swap,GCAMP3,67,10
70,10,GCAMP3_10_70,True,130,80,swap_proximal,250.0,200.0,70,post_swap,GCAMP3,53,10
71,10,GCAMP3_10_71,False,130,80,swap_proximal,250.0,200.0,71,post_swap,GCAMP3,77,3
72,10,GCAMP3_10_72,False,130,80,swap_proximal,250.0,200.0,72,post_swap,GCAMP3,72,10
73,10,GCAMP3_10_73,False,130,80,swap_proximal,250.0,200.0,73,post_swap,GCAMP3,70,3
74,10,GCAMP3_10_74,True,130,80,swap_proximal,250.0,200.0,74,post_swap,GCAMP3,31,5
75,10,GCAMP3_10_75,False,130,80,swap_proximal,250.0,200.0,75,post_swap,GCAMP3,16,9
76,10,GCAMP3_10_76,False,130,80,swap_proximal,250.0,200.0,76,post_swap,GCAMP3,77,3
77,10,GCAMP3_10_77,True,130,80,swap_proximal,250.0,200.0,77,post_swap,GCAMP3,31,5
78,10,GCAMP3_10_78,False,130,80,swap_proximal,250.0,200.0,78,post_swap,GCAMP3,77,1
79,10,GCAMP3_10_79,False,130,80,swap_proximal,250.0,200.0,79,post_swap,GCAMP3,69,3
80,10,GCAMP3_10_80,False,130,80,swap_proximal,250.0,200.0,80,post_swap,GCAMP3,72,3
81,10,GCAMP3_10_81,False,130,80,swap_proximal,250.0,200.0,81,post_swap,GCAMP3,77,3
82,10,GCAMP3_10_82,False,130,80,swap_proximal,250.0,200.0,82,post_swap,GCAMP3,68,3
83,10,GCAMP3_10_83,False,130,80,swap_proximal,250.0,200.0,83,post_swap,GCAMP3,77,3
84,10,GCAMP3_10_84,True,130,80,swap_proximal,250.0,200.0,84,post_swap,GCAMP3,31,5
85,10,GCAMP3_10_85,False,130,80,swap_proximal,250.0,200.0,85,post_swap,GCAMP3,52,5
86,10,GCAMP3_10_86,True,130,80,swap_proximal,250.0,200.0,86,post_swap,GCAMP3,31,5
87,10,GCAMP3_10_87,False,130,80,swap_proximal,250.0,200.0,87,post_swap,GCAMP3,5,2
88,10,GCAMP3_10_88,False,130,80,swap_proximal,250.0,200.0,88,post_swap,GCAMP3,0,5
89,10,GCAMP3_10_89,False,130,80,swap_proximal,250.0,200.0,89,post_swap,GCAMP3,26,5
0,12,GCAMP3_12_0,False,130,80,swap_distal,370.0,320.0,0,pre_swap,GCAMP3,47,1
1,12,GCAMP3_12_1,False,130,80,swap_distal,370.0,320.0,1,pre_swap,GCAMP3,77,3
2,12,GCAMP3_12_2,False,130,80,swap_distal,370.0,320.0,2,pre_swap,GCAMP3,77,3
3,12,GCAMP3_12_3,False,130,80,swap_distal,370.0,320.0,3,pre_swap,GCAMP3,8,3
4,12,GCAMP3_12_4,False,130,80,swap_distal,370.0,320.0,4,pre_swap,GCAMP3,44,3
5,12,GCAMP3_12_5,False,130,80,swap_distal,370.0,320.0,5,pre_swap,GCAMP3,77,3
6,12,GCAMP3_12_6,False,130,80,swap_distal,370.0,320.0,6,pre_swap,GCAMP3,77,3
7,12,GCAMP3_12_7,False,130,80,swap_distal,370.0,320.0,7,pre_swap,GCAMP3,44,3
8,12,GCAMP3_12_8,False,130,80,swap_distal,370.0,320.0,8,pre_swap,GCAMP3,44,3
9,12,GCAMP3_12_9,False,130,80,swap_distal,370.0,320.0,9,pre_swap,GCAMP3,77,3
10,12,GCAMP3_12_10,False,130,80,swap_distal,370.0,320.0,10,pre_swap,GCAMP3,77,3
11,12,GCAMP3_12_11,False,130,80,swap_distal,370.0,320.0,11,pre_swap,GCAMP3,35,5
12,12,GCAMP3_12_12,False,130,80,swap_distal,370.0,320.0,12,pre_swap,GCAMP3,8,3
13,12,GCAMP3_12_13,False,130,80,swap_distal,370.0,320.0,13,pre_swap,GCAMP3,44,3
14,12,GCAMP3_12_14,False,130,80,swap_distal,370.0,320.0,14,pre_swap,GCAMP3,68,3
15,12,GCAMP3_12_15,False,130,80,swap_distal,370.0,320.0,15,pre_swap,GCAMP3,77,3
16,12,GCAMP3_12_16,True,130,80,swap_distal,370.0,320.0,16,pre_swap,GCAMP3,51,5
17,12,GCAMP3_12_17,False,130,80,swap_distal,370.0,320.0,17,pre_swap,GCAMP3,77,3
18,12,GCAMP3_12_18,True,130,80,swap_distal,370.0,320.0,18,pre_swap,GCAMP3,52,5
19,12,GCAMP3_12_19,True,130,80,swap_distal,370.0,320.0,19,pre_swap,GCAMP3,52,5
20,12,GCAMP3_12_20,False,130,80,swap_distal,370.0,320.0,20,pre_swap,GCAMP3,77,3
21,12,GCAMP3_12_21,False,130,80,swap_distal,370.0,320.0,21,pre_swap,GCAMP3,35,3
22,12,GCAMP3_12_22,True,130,80,swap_distal,370.0,320.0,22,pre_swap,GCAMP3,52,5
23,12,GCAMP3_12_23,True,130,80,swap_distal,370.0,320.0,23,pre_swap,GCAMP3,52,5
24,12,GCAMP3_12_24,False,130,80,swap_distal,370.0,320.0,24,pre_swap,GCAMP3,0,3
25,12,GCAMP3_12_25,False,130,80,swap_distal,370.0,320.0,25,pre_swap,GCAMP3,8,3
26,12,GCAMP3_12_26,False,130,80,swap_distal,370.0,320.0,26,pre_swap,GCAMP3,0,3
27,12,GCAMP3_12_27,False,130,80,swap_distal,370.0,320.0,27,pre_swap,GCAMP3,77,3
28,12,GCAMP3_12_28,True,130,80,swap_distal,370.0,320.0,28,pre_swap,GCAMP3,26,5
29,12,GCAMP3_12_29,False,130,80,swap_distal,370.0,320.0,29,pre_swap,GCAMP3,77,3
30,12,GCAMP3_12_30,False,370,320,swap_distal,130.0,80.0,30,post_swap,GCAMP3,72,9
31,12,GCAMP3_12_31,False,370,320,swap_distal,130.0,80.0,31,post_swap,GCAMP3,72,9
32,12,GCAMP3_12_32,False,370,320,swap_distal,130.0,80.0,32,post_swap,GCAMP3,31,9
33,12,GCAMP3_12_33,False,370,320,swap_distal,130.0,80.0,33,post_swap,GCAMP3,31,9
34,12,GCAMP3_12_34,True,370,320,swap_distal,130.0,80.0,34,post_swap,GCAMP3,53,6
35,12,GCAMP3_12_35,False,370,320,swap_distal,130.0,80.0,35,post_swap,GCAMP3,78,6
36,12,GCAMP3_12_36,False,370,320,swap_distal,130.0,80.0,36,post_swap,GCAMP3,78,6
37,12,GCAMP3_12_37,True,370,320,swap_distal,130.0,80.0,37,post_swap,GCAMP3,78,6
38,12,GCAMP3_12_38,False,370,320,swap_distal,130.0,80.0,38,post_swap,GCAMP3,78,10
39,12,GCAMP3_12_39,False,370,320,swap_distal,130.0,80.0,39,post_swap,GCAMP3,67,10
40,12,GCAMP3_12_40,False,370,320,swap_distal,130.0,80.0,40,post_swap,GCAMP3,64,1
41,12,GCAMP3_12_41,False,370,320,swap_distal,130.0,80.0,41,post_swap,GCAMP3,65,6
42,12,GCAMP3_12_42,False,370,320,swap_distal,130.0,80.0,42,post_swap,GCAMP3,65,1
43,12,GCAMP3_12_43,False,370,320,swap_distal,130.0,80.0,43,post_swap,GCAMP3,65,1
44,12,GCAMP3_12_44,False,370,320,swap_distal,130.0,80.0,44,post_swap,GCAMP3,65,10
45,12,GCAMP3_12_45,True,370,320,swap_distal,130.0,80.0,45,post_swap,GCAMP3,78,6
46,12,GCAMP3_12_46,True,370,320,swap_distal,130.0,80.0,46,post_swap,GCAMP3,78,6
47,12,GCAMP3_12_47,False,370,320,swap_distal,130.0,80.0,47,post_swap,GCAMP3,65,6
48,12,GCAMP3_12_48,False,370,320,swap_distal,130.0,80.0,48,post_swap,GCAMP3,65,1
49,12,GCAMP3_12_49,False,370,320,swap_distal,130.0,80.0,49,post_swap,GCAMP3,64,1
50,12,GCAMP3_12_50,False,370,320,swap_distal,130.0,80.0,50,post_swap,GCAMP3,65,1
51,12,GCAMP3_12_51,False,370,320,swap_distal,130.0,80.0,51,post_swap,GCAMP3,64,1
52,12,GCAMP3_12_52,False,370,320,swap_distal,130.0,80.0,52,post_swap,GCAMP3,64,1
53,12,GCAMP3_12_53,True,370,320,swap_distal,130.0,80.0,53,post_swap,GCAMP3,79,6
54,12,GCAMP3_12_54,True,370,320,swap_distal,130.0,80.0,54,post_swap,GCAMP3,79,6
55,12,GCAMP3_12_55,False,370,320,swap_distal,130.0,80.0,55,post_swap,GCAMP3,36,1
56,12,GCAMP3_12_56,False,370,320,swap_distal,130.0,80.0,56,post_swap,GCAMP3,36,1
57,12,GCAMP3_12_57,False,370,320,swap_distal,130.0,80.0,57,post_swap,GCAMP3,41,2
58,12,GCAMP3_12_58,False,370,320,swap_distal,130.0,80.0,58,post_swap,GCAMP3,36,1
59,12,GCAMP3_12_59,False,370,320,swap_distal,130.0,80.0,59,post_swap,GCAMP3,-1,2
60,12,GCAMP3_12_60,False,370,320,swap_distal,130.0,80.0,60,post_swap,GCAMP3,21,2
61,12,GCAMP3_12_61,False,370,320,swap_distal,130.0,80.0,61,post_swap,GCAMP3,36,1
62,12,GCAMP3_12_62,False,370,320,swap_distal,130.0,80.0,62,post_swap,GCAMP3,94,2
63,12,GCAMP3_12_63,False,370,320,swap_distal,130.0,80.0,63,post_swap,GCAMP3,95,0
64,12,GCAMP3_12_64,False,370,320,swap_distal,130.0,80.0,64,post_swap,GCAMP3,36,10
65,12,GCAMP3_12_65,False,370,320,swap_distal,130.0,80.0,65,post_swap,GCAMP3,28,6
66,12,GCAMP3_12_66,False,370,320,swap_distal,130.0,80.0,66,post_swap,GCAMP3,99,2
67,12,GCAMP3_12_67,False,370,320,swap_distal,130.0,80.0,67,post_swap,GCAMP3,25,2
69,12,GCAMP3_12_69,False,370,320,swap_distal,130.0,80.0,69,post_swap,GCAMP3,90,2
70,12,GCAMP3_12_70,False,370,320,swap_distal,130.0,80.0,70,post_swap,GCAMP3,19,2
71,12,GCAMP3_12_71,True,370,320,swap_distal,130.0,80.0,71,post_swap,GCAMP3,3,0
72,12,GCAMP3_12_72,False,370,320,swap_distal,130.0,80.0,72,post_swap,GCAMP3,91,2
73,12,GCAMP3_12_73,False,370,320,swap_distal,130.0,80.0,73,post_swap,GCAMP3,24,2
74,12,GCAMP3_12_74,True,370,320,swap_distal,130.0,80.0,74,post_swap,GCAMP3,3,0
75,12,GCAMP3_12_75,False,370,320,swap_distal,130.0,80.0,75,post_swap,GCAMP3,2,2
76,12,GCAMP3_12_76,True,370,320,swap_distal,130.0,80.0,76,post_swap,GCAMP3,3,0
77,12,GCAMP3_12_77,False,370,320,swap_distal,130.0,80.0,77,post_swap,GCAMP3,2,2
78,12,GCAMP3_12_78,False,370,320,swap_distal,130.0,80.0,78,post_swap,GCAMP3,25,2
79,12,GCAMP3_12_79,False,370,320,swap_distal,130.0,80.0,79,post_swap,GCAMP3,38,2
0,14,GCAMP3_14_0,False,370,320,swap_proximal,250.0,200.0,0,pre_swap,GCAMP3,36,1
1,14,GCAMP3_14_1,False,370,320,swap_proximal,250.0,200.0,1,pre_swap,GCAMP3,94,2
2,14,GCAMP3_14_2,False,370,320,swap_proximal,250.0,200.0,2,pre_swap,GCAMP3,90,2
3,14,GCAMP3_14_3,False,370,320,swap_proximal,250.0,200.0,3,pre_swap,GCAMP3,25,2
4,14,GCAMP3_14_4,False,370,320,swap_proximal,250.0,200.0,4,pre_swap,GCAMP3,25,0
5,14,GCAMP3_14_5,False,370,320,swap_proximal,250.0,200.0,5,pre_swap,GCAMP3,87,2
6,14,GCAMP3_14_6,False,370,320,swap_proximal,250.0,200.0,6,pre_swap,GCAMP3,87,2
7,14,GCAMP3_14_7,True,370,320,swap_proximal,250.0,200.0,7,pre_swap,GCAMP3,57,0
8,14,GCAMP3_14_8,False,370,320,swap_proximal,250.0,200.0,8,pre_swap,GCAMP3,37,2
9,14,GCAMP3_14_9,False,370,320,swap_proximal,250.0,200.0,9,pre_swap,GCAMP3,11,3
10,14,GCAMP3_14_10,False,370,320,swap_proximal,250.0,200.0,10,pre_swap,GCAMP3,36,1
11,14,GCAMP3_14_11,False,370,320,swap_proximal,250.0,200.0,11,pre_swap,GCAMP3,11,2
12,14,GCAMP3_14_12,False,370,320,swap_proximal,250.0,200.0,12,pre_swap,GCAMP3,87,2
13,14,GCAMP3_14_13,False,370,320,swap_proximal,250.0,200.0,13,pre_swap,GCAMP3,87,2
14,14,GCAMP3_14_14,True,370,320,swap_proximal,250.0,200.0,14,pre_swap,GCAMP3,57,0
15,14,GCAMP3_14_15,False,370,320,swap_proximal,250.0,200.0,15,pre_swap,GCAMP3,25,2
16,14,GCAMP3_14_16,False,370,320,swap_proximal,250.0,200.0,16,pre_swap,GCAMP3,11,3
17,14,GCAMP3_14_17,False,370,320,swap_proximal,250.0,200.0,17,pre_swap,GCAMP3,99,0
18,14,GCAMP3_14_18,True,370,320,swap_proximal,250.0,200.0,18,pre_swap,GCAMP3,57,0
19,14,GCAMP3_14_19,False,370,320,swap_proximal,250.0,200.0,19,pre_swap,GCAMP3,92,3
20,14,GCAMP3_14_20,False,370,320,swap_proximal,250.0,200.0,20,pre_swap,GCAMP3,-1,2
21,14,GCAMP3_14_21,False,370,320,swap_proximal,250.0,200.0,21,pre_swap,GCAMP3,88,2
22,14,GCAMP3_14_22,False,370,320,swap_proximal,250.0,200.0,22,pre_swap,GCAMP3,87,2
23,14,GCAMP3_14_23,True,370,320,swap_proximal,250.0,200.0,23,pre_swap,GCAMP3,57,0
24,14,GCAMP3_14_24,True,370,320,swap_proximal,250.0,200.0,24,pre_swap,GCAMP3,3,0
25,14,GCAMP3_14_25,False,370,320,swap_proximal,250.0,200.0,25,pre_swap,GCAMP3,99,2
26,14,GCAMP3_14_26,False,370,320,swap_proximal,250.0,200.0,26,pre_swap,GCAMP3,87,2
27,14,GCAMP3_14_27,False,370,320,swap_proximal,250.0,200.0,27,pre_swap,GCAMP3,5,0
28,14,GCAMP3_14_28,True,370,320,swap_proximal,250.0,200.0,28,pre_swap,GCAMP3,3,0
29,14,GCAMP3_14_29,False,370,320,swap_proximal,250.0,200.0,29,pre_swap,GCAMP3,11,3
30,14,GCAMP3_14_30,False,250,200,swap_proximal,370.0,320.0,30,post_swap,GCAMP3,3,0
31,14,GCAMP3_14_31,False,250,200,swap_proximal,370.0,320.0,31,post_swap,GCAMP3,2,2
32,14,GCAMP3_14_32,False,250,200,swap_proximal,370.0,320.0,32,post_swap,GCAMP3,33,0
33,14,GCAMP3_14_33,False,250,200,swap_proximal,370.0,320.0,33,post_swap,GCAMP3,29,6
34,14,GCAMP3_14_34,False,250,200,swap_proximal,370.0,320.0,34,post_swap,GCAMP3,2,0
35,14,GCAMP3_14_35,False,250,200,swap_proximal,370.0,320.0,35,post_swap,GCAMP3,60,6
36,14,GCAMP3_14_36,False,250,200,swap_proximal,370.0,320.0,36,post_swap,GCAMP3,6,4
37,14,GCAMP3_14_37,False,250,200,swap_proximal,370.0,320.0,37,post_swap,GCAMP3,32,2
38,14,GCAMP3_14_38,False,250,200,swap_proximal,370.0,320.0,38,post_swap,GCAMP3,81,4
39,14,GCAMP3_14_39,False,250,200,swap_proximal,370.0,320.0,39,post_swap,GCAMP3,81,4
40,14,GCAMP3_14_40,False,250,200,swap_proximal,370.0,320.0,40,post_swap,GCAMP3,81,4
41,14,GCAMP3_14_41,False,250,200,swap_proximal,370.0,320.0,41,post_swap,GCAMP3,9,4
42,14,GCAMP3_14_42,False,250,200,swap_proximal,370.0,320.0,42,post_swap,GCAMP3,81,4
43,14,GCAMP3_14_43,True,250,200,swap_proximal,370.0,320.0,43,post_swap,GCAMP3,15,6
44,14,GCAMP3_14_44,False,250,200,swap_proximal,370.0,320.0,44,post_swap,GCAMP3,81,4
45,14,GCAMP3_14_45,False,250,200,swap_proximal,370.0,320.0,45,post_swap,GCAMP3,9,4
46,14,GCAMP3_14_46,True,250,200,swap_proximal,370.0,320.0,46,post_swap,GCAMP3,-1,0
47,14,GCAMP3_14_47,False,250,200,swap_proximal,370.0,320.0,47,post_swap,GCAMP3,81,4
48,14,GCAMP3_14_48,False,250,200,swap_proximal,370.0,320.0,48,post_swap,GCAMP3,12,2
49,14,GCAMP3_14_49,False,250,200,swap_proximal,370.0,320.0,49,post_swap,GCAMP3,13,4
50,14,GCAMP3_14_50,False,250,200,swap_proximal,370.0,320.0,50,post_swap,GCAMP3,33,4
51,14,GCAMP3_14_51,False,250,200,swap_proximal,370.0,320.0,51,post_swap,GCAMP3,81,4
52,14,GCAMP3_14_52,False,250,200,swap_proximal,370.0,320.0,52,post_swap,GCAMP3,81,0
53,14,GCAMP3_14_53,False,250,200,swap_proximal,370.0,320.0,53,post_swap,GCAMP3,81,4
54,14,GCAMP3_14_54,False,250,200,swap_proximal,370.0,320.0,54,post_swap,GCAMP3,81,4
55,14,GCAMP3_14_55,False,250,200,swap_proximal,370.0,320.0,55,post_swap,GCAMP3,9,4
56,14,GCAMP3_14_56,False,250,200,swap_proximal,370.0,320.0,56,post_swap,GCAMP3,81,4
57,14,GCAMP3_14_57,False,250,200,swap_proximal,370.0,320.0,57,post_swap,GCAMP3,33,0
58,14,GCAMP3_14_58,False,250,200,swap_proximal,370.0,320.0,58,post_swap,GCAMP3,13,4
59,14,GCAMP3_14_59,False,250,200,swap_proximal,370.0,320.0,59,post_swap,GCAMP3,12,2
60,14,GCAMP3_14_60,False,250,200,swap_proximal,370.0,320.0,60,post_swap,GCAMP3,13,4
61,14,GCAMP3_14_61,False,250,200,swap_proximal,370.0,320.0,61,post_swap,GCAMP3,12,2
62,14,GCAMP3_14_62,False,250,200,swap_proximal,370.0,320.0,62,post_swap,GCAMP3,9,4
63,14,GCAMP3_14_63,False,250,200,swap_proximal,370.0,320.0,63,post_swap,GCAMP3,9,4
64,14,GCAMP3_14_64,False,250,200,swap_proximal,370.0,320.0,64,post_swap,GCAMP3,81,4
65,14,GCAMP3_14_65,False,250,200,swap_proximal,370.0,320.0,65,post_swap,GCAMP3,81,4
66,14,GCAMP3_14_66,False,250,200,swap_proximal,370.0,320.0,66,post_swap,GCAMP3,13,4
67,14,GCAMP3_14_67,False,250,200,swap_proximal,370.0,320.0,67,post_swap,GCAMP3,80,4
68,14,GCAMP3_14_68,False,250,200,swap_proximal,370.0,320.0,68,post_swap,GCAMP3,81,4
69,14,GCAMP3_14_69,False,250,200,swap_proximal,370.0,320.0,69,post_swap,GCAMP3,81,4
70,14,GCAMP3_14_70,False,250,200,swap_proximal,370.0,320.0,70,post_swap,GCAMP3,33,4
71,14,GCAMP3_14_71,False,250,200,swap_proximal,370.0,320.0,71,post_swap,GCAMP3,6,4
72,14,GCAMP3_14_72,False,250,200,swap_proximal,370.0,320.0,72,post_swap,GCAMP3,81,4
73,14,GCAMP3_14_73,True,250,200,swap_proximal,370.0,320.0,73,post_swap,GCAMP3,1,6
74,14,GCAMP3_14_74,False,250,200,swap_proximal,370.0,320.0,74,post_swap,GCAMP3,33,0
75,14,GCAMP3_14_75,False,250,200,swap_proximal,370.0,320.0,75,post_swap,GCAMP3,33,4
76,14,GCAMP3_14_76,False,250,200,swap_proximal,370.0,320.0,76,post_swap,GCAMP3,6,4
77,14,GCAMP3_14_77,False,250,200,swap_proximal,370.0,320.0,77,post_swap,GCAMP3,81,4
78,14,GCAMP3_14_78,True,250,200,swap_proximal,370.0,320.0,78,post_swap,GCAMP3,79,6
79,14,GCAMP3_14_79,False,250,200,swap_proximal,370.0,320.0,79,post_swap,GCAMP3,81,4
80,14,GCAMP3_14_80,False,250,200,swap_proximal,370.0,320.0,80,post_swap,GCAMP3,80,4
81,14,GCAMP3_14_81,False,250,200,swap_proximal,370.0,320.0,81,post_swap,GCAMP3,6,4
82,14,GCAMP3_14_82,False,250,200,swap_proximal,370.0,320.0,82,post_swap,GCAMP3,81,0
83,14,GCAMP3_14_83,False,250,200,swap_proximal,370.0,320.0,83,post_swap,GCAMP3,12,2
84,14,GCAMP3_14_84,False,250,200,swap_proximal,370.0,320.0,84,post_swap,GCAMP3,81,4
85,14,GCAMP3_14_85,False,250,200,swap_proximal,370.0,320.0,85,post_swap,GCAMP3,33,4
86,14,GCAMP3_14_86,False,250,200,swap_proximal,370.0,320.0,86,post_swap,GCAMP3,4,5
87,14,GCAMP3_14_87,False,250,200,swap_proximal,370.0,320.0,87,post_swap,GCAMP3,6,4
88,14,GCAMP3_14_88,True,250,200,swap_proximal,370.0,320.0,88,post_swap,GCAMP3,-1,6
89,14,GCAMP3_14_89,False,250,200,swap_proximal,370.0,320.0,89,post_swap,GCAMP3,33,4
90,14,GCAMP3_14_90,False,250,200,swap_proximal,370.0,320.0,90,post_swap,GCAMP3,9,4
91,14,GCAMP3_14_91,True,250,200,swap_proximal,370.0,320.0,91,post_swap,GCAMP3,-1,0
92,14,GCAMP3_14_92,False,250,200,swap_proximal,370.0,320.0,92,post_swap,GCAMP3,13,4
93,14,GCAMP3_14_93,False,250,200,swap_proximal,370.0,320.0,93,post_swap,GCAMP3,81,4
94,14,GCAMP3_14_94,False,250,200,swap_proximal,370.0,320.0,94,post_swap,GCAMP3,81,4
95,14,GCAMP3_14_95,False,250,200,swap_proximal,370.0,320.0,95,post_swap,GCAMP3,6,4
96,14,GCAMP3_14_96,False,250,200,swap_proximal,370.0,320.0,96,post_swap,GCAMP3,9,4
97,14,GCAMP3_14_97,False,250,200,swap_proximal,370.0,320.0,97,post_swap,GCAMP3,33,2
98,14,GCAMP3_14_98,False,250,200,swap_proximal,370.0,320.0,98,post_swap,GCAMP3,58,4
99,14,GCAMP3_14_99,False,250,200,swap_proximal,370.0,320.0,99,post_swap,GCAMP3,13,4
0,3,GCAMP4_3_0,False,250,200,swap_proximal,130.0,80.0,0,pre_swap,GCAMP4,78,6
1,3,GCAMP4_3_1,False,250,200,swap_proximal,130.0,80.0,1,pre_swap,GCAMP4,14,4
2,3,GCAMP4_3_2,False,250,200,swap_proximal,130.0,80.0,2,pre_swap,GCAMP4,63,4
3,3,GCAMP4_3_3,False,250,200,swap_proximal,130.0,80.0,3,pre_swap,GCAMP4,58,4
4,3,GCAMP4_3_4,False,250,200,swap_proximal,130.0,80.0,4,pre_swap,GCAMP4,81,0
5,3,GCAMP4_3_5,False,250,200,swap_proximal,130.0,80.0,5,pre_swap,GCAMP4,81,4
6,3,GCAMP4_3_6,False,250,200,swap_proximal,130.0,80.0,6,pre_swap,GCAMP4,81,4
7,3,GCAMP4_3_7,False,250,200,swap_proximal,130.0,80.0,7,pre_swap,GCAMP4,81,4
8,3,GCAMP4_3_8,False,250,200,swap_proximal,130.0,80.0,8,pre_swap,GCAMP4,81,4
9,3,GCAMP4_3_9,False,250,200,swap_proximal,130.0,80.0,9,pre_swap,GCAMP4,18,4
10,3,GCAMP4_3_10,False,250,200,swap_proximal,130.0,80.0,10,pre_swap,GCAMP4,9,4
11,3,GCAMP4_3_11,False,250,200,swap_proximal,130.0,80.0,11,pre_swap,GCAMP4,81,4
12,3,GCAMP4_3_12,False,250,200,swap_proximal,130.0,80.0,12,pre_swap,GCAMP4,81,4
13,3,GCAMP4_3_13,False,250,200,swap_proximal,130.0,80.0,13,pre_swap,GCAMP4,6,4
14,3,GCAMP4_3_14,False,250,200,swap_proximal,130.0,80.0,14,pre_swap,GCAMP4,81,4
15,3,GCAMP4_3_15,False,250,200,swap_proximal,130.0,80.0,15,pre_swap,GCAMP4,6,4
16,3,GCAMP4_3_16,False,250,200,swap_proximal,130.0,80.0,16,pre_swap,GCAMP4,81,4
17,3,GCAMP4_3_17,False,250,200,swap_proximal,130.0,80.0,17,pre_swap,GCAMP4,81,4
18,3,GCAMP4_3_18,False,250,200,swap_proximal,130.0,80.0,18,pre_swap,GCAMP4,63,4
19,3,GCAMP4_3_19,True,250,200,swap_proximal,130.0,80.0,19,pre_swap,GCAMP4,28,0
20,3,GCAMP4_3_20,False,250,200,swap_proximal,130.0,80.0,20,pre_swap,GCAMP4,52,9
21,3,GCAMP4_3_21,False,250,200,swap_proximal,130.0,80.0,21,pre_swap,GCAMP4,81,4
22,3,GCAMP4_3_22,False,250,200,swap_proximal,130.0,80.0,22,pre_swap,GCAMP4,9,4
23,3,GCAMP4_3_23,False,250,200,swap_proximal,130.0,80.0,23,pre_swap,GCAMP4,81,4
24,3,GCAMP4_3_24,False,250,200,swap_proximal,130.0,80.0,24,pre_swap,GCAMP4,81,4
25,3,GCAMP4_3_25,False,250,200,swap_proximal,130.0,80.0,25,pre_swap,GCAMP4,63,4
26,3,GCAMP4_3_26,False,250,200,swap_proximal,130.0,80.0,26,pre_swap,GCAMP4,61,4
27,3,GCAMP4_3_27,False,250,200,swap_proximal,130.0,80.0,27,pre_swap,GCAMP4,4,4
28,3,GCAMP4_3_28,False,250,200,swap_proximal,130.0,80.0,28,pre_swap,GCAMP4,6,4
29,3,GCAMP4_3_29,False,250,200,swap_proximal,130.0,80.0,29,pre_swap,GCAMP4,6,4
30,3,GCAMP4_3_30,False,130,80,swap_proximal,250.0,200.0,30,post_swap,GCAMP4,79,6
31,3,GCAMP4_3_31,False,130,80,swap_proximal,250.0,200.0,31,post_swap,GCAMP4,9,9
32,3,GCAMP4_3_32,False,130,80,swap_proximal,250.0,200.0,32,post_swap,GCAMP4,65,1
33,3,GCAMP4_3_33,True,130,80,swap_proximal,250.0,200.0,33,post_swap,GCAMP4,79,6
34,3,GCAMP4_3_34,False,130,80,swap_proximal,250.0,200.0,34,post_swap,GCAMP4,96,6
35,3,GCAMP4_3_35,False,130,80,swap_proximal,250.0,200.0,35,post_swap,GCAMP4,67,8
36,3,GCAMP4_3_36,True,130,80,swap_proximal,250.0,200.0,36,post_swap,GCAMP4,78,10
37,3,GCAMP4_3_37,False,130,80,swap_proximal,250.0,200.0,37,post_swap,GCAMP4,86,10
38,3,GCAMP4_3_38,False,130,80,swap_proximal,250.0,200.0,38,post_swap,GCAMP4,67,1
39,3,GCAMP4_3_39,False,130,80,swap_proximal,250.0,200.0,39,post_swap,GCAMP4,53,8
40,3,GCAMP4_3_40,True,130,80,swap_proximal,250.0,200.0,40,post_swap,GCAMP4,53,1
41,3,GCAMP4_3_41,False,130,80,swap_proximal,250.0,200.0,41,post_swap,GCAMP4,83,9
42,3,GCAMP4_3_42,False,130,80,swap_proximal,250.0,200.0,42,post_swap,GCAMP4,47,1
43,3,GCAMP4_3_43,False,130,80,swap_proximal,250.0,200.0,43,post_swap,GCAMP4,47,8
44,3,GCAMP4_3_44,False,130,80,swap_proximal,250.0,200.0,44,post_swap,GCAMP4,48,8
45,3,GCAMP4_3_45,False,130,80,swap_proximal,250.0,200.0,45,post_swap,GCAMP4,53,1
46,3,GCAMP4_3_46,False,130,80,swap_proximal,250.0,200.0,46,post_swap,GCAMP4,27,5
47,3,GCAMP4_3_47,False,130,80,swap_proximal,250.0,200.0,47,post_swap,GCAMP4,39,7
48,3,GCAMP4_3_48,False,130,80,swap_proximal,250.0,200.0,48,post_swap,GCAMP4,67,8
49,3,GCAMP4_3_49,False,130,80,swap_proximal,250.0,200.0,49,post_swap,GCAMP4,40,9
50,3,GCAMP4_3_50,False,130,80,swap_proximal,250.0,200.0,50,post_swap,GCAMP4,86,10
51,3,GCAMP4_3_51,False,130,80,swap_proximal,250.0,200.0,51,post_swap,GCAMP4,53,10
52,3,GCAMP4_3_52,False,130,80,swap_proximal,250.0,200.0,52,post_swap,GCAMP4,48,8
53,3,GCAMP4_3_53,False,130,80,swap_proximal,250.0,200.0,53,post_swap,GCAMP4,67,10
54,3,GCAMP4_3_54,True,130,80,swap_proximal,250.0,200.0,54,post_swap,GCAMP4,53,10
55,3,GCAMP4_3_55,False,130,80,swap_proximal,250.0,200.0,55,post_swap,GCAMP4,40,7
56,3,GCAMP4_3_56,False,130,80,swap_proximal,250.0,200.0,56,post_swap,GCAMP4,27,9
57,3,GCAMP4_3_57,False,130,80,swap_proximal,250.0,200.0,57,post_swap,GCAMP4,8,3
58,3,GCAMP4_3_58,False,130,80,swap_proximal,250.0,200.0,58,post_swap,GCAMP4,72,7
59,3,GCAMP4_3_59,False,130,80,swap_proximal,250.0,200.0,59,post_swap,GCAMP4,16,3
60,3,GCAMP4_3_60,True,130,80,swap_proximal,250.0,200.0,60,post_swap,GCAMP4,4,1
61,3,GCAMP4_3_61,False,130,80,swap_proximal,250.0,200.0,61,post_swap,GCAMP4,53,1
62,3,GCAMP4_3_62,False,130,80,swap_proximal,250.0,200.0,62,post_swap,GCAMP4,27,3
63,3,GCAMP4_3_63,False,130,80,swap_proximal,250.0,200.0,63,post_swap,GCAMP4,77,3
64,3,GCAMP4_3_64,False,130,80,swap_proximal,250.0,200.0,64,post_swap,GCAMP4,27,3
65,3,GCAMP4_3_65,False,130,80,swap_proximal,250.0,200.0,65,post_swap,GCAMP4,77,9
66,3,GCAMP4_3_66,False,130,80,swap_proximal,250.0,200.0,66,post_swap,GCAMP4,77,3
67,3,GCAMP4_3_67,True,130,80,swap_proximal,250.0,200.0,67,post_swap,GCAMP4,52,9
68,3,GCAMP4_3_68,False,130,80,swap_proximal,250.0,200.0,68,post_swap,GCAMP4,52,9
69,3,GCAMP4_3_69,True,130,80,swap_proximal,250.0,200.0,69,post_swap,GCAMP4,31,5
70,3,GCAMP4_3_70,False,130,80,swap_proximal,250.0,200.0,70,post_swap,GCAMP4,40,3
71,3,GCAMP4_3_71,False,130,80,swap_proximal,250.0,200.0,71,post_swap,GCAMP4,71,7
72,3,GCAMP4_3_72,False,130,80,swap_proximal,250.0,200.0,72,post_swap,GCAMP4,40,7
73,3,GCAMP4_3_73,True,130,80,swap_proximal,250.0,200.0,73,post_swap,GCAMP4,83,5
74,3,GCAMP4_3_74,False,130,80,swap_proximal,250.0,200.0,74,post_swap,GCAMP4,27,3
0,5,GCAMP4_5_0,False,130,80,swap_distal,370.0,320.0,0,pre_swap,GCAMP4,67,1
1,5,GCAMP4_5_1,False,130,80,swap_distal,370.0,320.0,1,pre_swap,GCAMP4,27,3
2,5,GCAMP4_5_2,False,130,80,swap_distal,370.0,320.0,2,pre_swap,GCAMP4,27,3
3,5,GCAMP4_5_3,True,130,80,swap_distal,370.0,320.0,3,pre_swap,GCAMP4,31,5
4,5,GCAMP4_5_4,False,130,80,swap_distal,370.0,320.0,4,pre_swap,GCAMP4,27,3
5,5,GCAMP4_5_5,False,130,80,swap_distal,370.0,320.0,5,pre_swap,GCAMP4,77,3
6,5,GCAMP4_5_6,False,130,80,swap_distal,370.0,320.0,6,pre_swap,GCAMP4,40,7
7,5,GCAMP4_5_7,False,130,80,swap_distal,370.0,320.0,7,pre_swap,GCAMP4,27,3
8,5,GCAMP4_5_8,False,130,80,swap_distal,370.0,320.0,8,pre_swap,GCAMP4,27,3
9,5,GCAMP4_5_9,False,130,80,swap_distal,370.0,320.0,9,pre_swap,GCAMP4,70,3
10,5,GCAMP4_5_10,False,130,80,swap_distal,370.0,320.0,10,pre_swap,GCAMP4,77,3
11,5,GCAMP4_5_11,False,130,80,swap_distal,370.0,320.0,11,pre_swap,GCAMP4,8,3
12,5,GCAMP4_5_12,False,130,80,swap_distal,370.0,320.0,12,pre_swap,GCAMP4,77,3
13,5,GCAMP4_5_13,False,130,80,swap_distal,370.0,320.0,13,pre_swap,GCAMP4,77,3
14,5,GCAMP4_5_14,False,130,80,swap_distal,370.0,320.0,14,pre_swap,GCAMP4,43,3
15,5,GCAMP4_5_15,False,130,80,swap_distal,370.0,320.0,15,pre_swap,GCAMP4,27,3
16,5,GCAMP4_5_16,False,130,80,swap_distal,370.0,320.0,16,pre_swap,GCAMP4,46,3
17,5,GCAMP4_5_17,False,130,80,swap_distal,370.0,320.0,17,pre_swap,GCAMP4,77,3
18,5,GCAMP4_5_18,False,130,80,swap_distal,370.0,320.0,18,pre_swap,GCAMP4,27,3
19,5,GCAMP4_5_19,False,130,80,swap_distal,370.0,320.0,19,pre_swap,GCAMP4,77,3
20,5,GCAMP4_5_20,False,130,80,swap_distal,370.0,320.0,20,pre_swap,GCAMP4,76,3
21,5,GCAMP4_5_21,False,130,80,swap_distal,370.0,320.0,21,pre_swap,GCAMP4,77,3
22,5,GCAMP4_5_22,False,130,80,swap_distal,370.0,320.0,22,pre_swap,GCAMP4,77,3
23,5,GCAMP4_5_23,False,130,80,swap_distal,370.0,320.0,23,pre_swap,GCAMP4,68,3
24,5,GCAMP4_5_24,False,130,80,swap_distal,370.0,320.0,24,pre_swap,GCAMP4,77,3
25,5,GCAMP4_5_25,False,130,80,swap_distal,370.0,320.0,25,pre_swap,GCAMP4,77,3
26,5,GCAMP4_5_26,False,130,80,swap_distal,370.0,320.0,26,pre_swap,GCAMP4,77,3
27,5,GCAMP4_5_27,False,130,80,swap_distal,370.0,320.0,27,pre_swap,GCAMP4,77,3
28,5,GCAMP4_5_28,False,130,80,swap_distal,370.0,320.0,28,pre_swap,GCAMP4,27,3
29,5,GCAMP4_5_29,True,130,80,swap_distal,370.0,320.0,29,pre_swap,GCAMP4,31,9
30,5,GCAMP4_5_30,False,370,320,swap_distal,130.0,80.0,30,post_swap,GCAMP4,31,9
31,5,GCAMP4_5_31,False,370,320,swap_distal,130.0,80.0,31,post_swap,GCAMP4,85,10
32,5,GCAMP4_5_32,True,370,320,swap_distal,130.0,80.0,32,post_swap,GCAMP4,83,9
33,5,GCAMP4_5_33,False,370,320,swap_distal,130.0,80.0,33,post_swap,GCAMP4,31,9
34,5,GCAMP4_5_34,False,370,320,swap_distal,130.0,80.0,34,post_swap,GCAMP4,31,9
35,5,GCAMP4_5_35,False,370,320,swap_distal,130.0,80.0,35,post_swap,GCAMP4,31,6
36,5,GCAMP4_5_36,False,370,320,swap_distal,130.0,80.0,36,post_swap,GCAMP4,72,7
37,5,GCAMP4_5_37,False,370,320,swap_distal,130.0,80.0,37,post_swap,GCAMP4,36,6
38,5,GCAMP4_5_38,True,370,320,swap_distal,130.0,80.0,38,post_swap,GCAMP4,1,6
39,5,GCAMP4_5_39,False,370,320,swap_distal,130.0,80.0,39,post_swap,GCAMP4,64,6
40,5,GCAMP4_5_40,False,370,320,swap_distal,130.0,80.0,40,post_swap,GCAMP4,18,2
41,5,GCAMP4_5_41,True,370,320,swap_distal,130.0,80.0,41,post_swap,GCAMP4,63,0
42,5,GCAMP4_5_42,True,370,320,swap_distal,130.0,80.0,42,post_swap,GCAMP4,48,8
43,5,GCAMP4_5_43,False,370,320,swap_distal,130.0,80.0,43,post_swap,GCAMP4,65,1
44,5,GCAMP4_5_44,False,370,320,swap_distal,130.0,80.0,44,post_swap,GCAMP4,31,10
45,5,GCAMP4_5_45,True,370,320,swap_distal,130.0,80.0,45,post_swap,GCAMP4,78,10
46,5,GCAMP4_5_46,False,370,320,swap_distal,130.0,80.0,46,post_swap,GCAMP4,67,10
47,5,GCAMP4_5_47,False,370,320,swap_distal,130.0,80.0,47,post_swap,GCAMP4,36,1
48,5,GCAMP4_5_48,False,370,320,swap_distal,130.0,80.0,48,post_swap,GCAMP4,-1,7
49,5,GCAMP4_5_49,False,370,320,swap_distal,130.0,80.0,49,post_swap,GCAMP4,65,1
50,5,GCAMP4_5_50,False,370,320,swap_distal,130.0,80.0,50,post_swap,GCAMP4,64,6
51,5,GCAMP4_5_51,True,370,320,swap_distal,130.0,80.0,51,post_swap,GCAMP4,78,6
52,5,GCAMP4_5_52,False,370,320,swap_distal,130.0,80.0,52,post_swap,GCAMP4,53,1
53,5,GCAMP4_5_53,False,370,320,swap_distal,130.0,80.0,53,post_swap,GCAMP4,38,2
54,5,GCAMP4_5_54,False,370,320,swap_distal,130.0,80.0,54,post_swap,GCAMP4,12,3
55,5,GCAMP4_5_55,False,370,320,swap_distal,130.0,80.0,55,post_swap,GCAMP4,36,1
56,5,GCAMP4_5_56,False,370,320,swap_distal,130.0,80.0,56,post_swap,GCAMP4,33,2
57,5,GCAMP4_5_57,False,370,320,swap_distal,130.0,80.0,57,post_swap,GCAMP4,11,3
58,5,GCAMP4_5_58,True,370,320,swap_distal,130.0,80.0,58,post_swap,GCAMP4,5,7
59,5,GCAMP4_5_59,True,370,320,swap_distal,130.0,80.0,59,post_swap,GCAMP4,26,4
60,5,GCAMP4_5_60,False,370,320,swap_distal,130.0,80.0,60,post_swap,GCAMP4,81,2
61,5,GCAMP4_5_61,False,370,320,swap_distal,130.0,80.0,61,post_swap,GCAMP4,4,9
62,5,GCAMP4_5_62,False,370,320,swap_distal,130.0,80.0,62,post_swap,GCAMP4,12,7
63,5,GCAMP4_5_63,False,370,320,swap_distal,130.0,80.0,63,post_swap,GCAMP4,5,2
64,5,GCAMP4_5_64,True,370,320,swap_distal,130.0,80.0,64,post_swap,GCAMP4,-1,0
65,5,GCAMP4_5_65,True,370,320,swap_distal,130.0,80.0,65,post_swap,GCAMP4,73,6
66,5,GCAMP4_5_66,False,370,320,swap_distal,130.0,80.0,66,post_swap,GCAMP4,11,3
67,5,GCAMP4_5_67,True,370,320,swap_distal,130.0,80.0,67,post_swap,GCAMP4,74,2
68,5,GCAMP4_5_68,True,370,320,swap_distal,130.0,80.0,68,post_swap,GCAMP4,12,3
69,5,GCAMP4_5_69,False,370,320,swap_distal,130.0,80.0,69,post_swap,GCAMP4,5,7
70,5,GCAMP4_5_70,False,370,320,swap_distal,130.0,80.0,70,post_swap,GCAMP4,90,0
71,5,GCAMP4_5_71,False,370,320,swap_distal,130.0,80.0,71,post_swap,GCAMP4,95,2
72,5,GCAMP4_5_72,False,370,320,swap_distal,130.0,80.0,72,post_swap,GCAMP4,12,0
73,5,GCAMP4_5_73,False,370,320,swap_distal,130.0,80.0,73,post_swap,GCAMP4,7,2
74,5,GCAMP4_5_74,False,370,320,swap_distal,130.0,80.0,74,post_swap,GCAMP4,75,2
75,5,GCAMP4_5_75,False,370,320,swap_distal,130.0,80.0,75,post_swap,GCAMP4,33,2
76,5,GCAMP4_5_76,False,370,320,swap_distal,130.0,80.0,76,post_swap,GCAMP4,90,2
77,5,GCAMP4_5_77,False,370,320,swap_distal,130.0,80.0,77,post_swap,GCAMP4,12,3
78,5,GCAMP4_5_78,False,370,320,swap_distal,130.0,80.0,78,post_swap,GCAMP4,12,3
79,5,GCAMP4_5_79,False,370,320,swap_distal,130.0,80.0,79,post_swap,GCAMP4,12,3
0,7,GCAMP4_7_0,True,370,320,swap_proximal,250.0,200.0,0,pre_swap,GCAMP4,78,6
1,7,GCAMP4_7_1,False,370,320,swap_proximal,250.0,200.0,1,pre_swap,GCAMP4,65,1
2,7,GCAMP4_7_2,False,370,320,swap_proximal,250.0,200.0,2,pre_swap,GCAMP4,36,1
3,7,GCAMP4_7_3,False,370,320,swap_proximal,250.0,200.0,3,pre_swap,GCAMP4,54,2
4,7,GCAMP4_7_4,False,370,320,swap_proximal,250.0,200.0,4,pre_swap,GCAMP4,7,0
5,7,GCAMP4_7_5,False,370,320,swap_proximal,250.0,200.0,5,pre_swap,GCAMP4,2,2
6,7,GCAMP4_7_6,False,370,320,swap_proximal,250.0,200.0,6,pre_swap,GCAMP4,88,3
7,7,GCAMP4_7_7,False,370,320,swap_proximal,250.0,200.0,7,pre_swap,GCAMP4,-1,0
8,7,GCAMP4_7_8,False,370,320,swap_proximal,250.0,200.0,8,pre_swap,GCAMP4,87,0
9,7,GCAMP4_7_9,False,370,320,swap_proximal,250.0,200.0,9,pre_swap,GCAMP4,7,2
11,7,GCAMP4_7_11,True,370,320,swap_proximal,250.0,200.0,11,pre_swap,GCAMP4,67,10
12,7,GCAMP4_7_12,True,370,320,swap_proximal,250.0,200.0,12,pre_swap,GCAMP4,57,0
13,7,GCAMP4_7_13,False,370,320,swap_proximal,250.0,200.0,13,pre_swap,GCAMP4,25,2
14,7,GCAMP4_7_14,False,370,320,swap_proximal,250.0,200.0,14,pre_swap,GCAMP4,73,3
15,7,GCAMP4_7_15,False,370,320,swap_proximal,250.0,200.0,15,pre_swap,GCAMP4,-1,2
16,7,GCAMP4_7_16,True,370,320,swap_proximal,250.0,200.0,16,pre_swap,GCAMP4,50,0
17,7,GCAMP4_7_17,False,370,320,swap_proximal,250.0,200.0,17,pre_swap,GCAMP4,84,2
18,7,GCAMP4_7_18,False,370,320,swap_proximal,250.0,200.0,18,pre_swap,GCAMP4,42,2
19,7,GCAMP4_7_19,False,370,320,swap_proximal,250.0,200.0,19,pre_swap,GCAMP4,50,0
20,7,GCAMP4_7_20,False,370,320,swap_proximal,250.0,200.0,20,pre_swap,GCAMP4,92,3
21,7,GCAMP4_7_21,False,370,320,swap_proximal,250.0,200.0,21,pre_swap,GCAMP4,19,2
22,7,GCAMP4_7_22,False,370,320,swap_proximal,250.0,200.0,22,pre_swap,GCAMP4,88,2
23,7,GCAMP4_7_23,False,370,320,swap_proximal,250.0,200.0,23,pre_swap,GCAMP4,25,2
24,7,GCAMP4_7_24,False,370,320,swap_proximal,250.0,200.0,24,pre_swap,GCAMP4,87,2
25,7,GCAMP4_7_25,False,370,320,swap_proximal,250.0,200.0,25,pre_swap,GCAMP4,49,2
26,7,GCAMP4_7_26,False,370,320,swap_proximal,250.0,200.0,26,pre_swap,GCAMP4,36,1
27,7,GCAMP4_7_27,True,370,320,swap_proximal,250.0,200.0,27,pre_swap,GCAMP4,57,0
28,7,GCAMP4_7_28,True,370,320,swap_proximal,250.0,200.0,28,pre_swap,GCAMP4,65,6
29,7,GCAMP4_7_29,False,370,320,swap_proximal,250.0,200.0,29,pre_swap,GCAMP4,41,1
30,7,GCAMP4_7_30,False,250,200,swap_proximal,370.0,320.0,30,post_swap,GCAMP4,33,0
31,7,GCAMP4_7_31,False,250,200,swap_proximal,370.0,320.0,31,post_swap,GCAMP4,57,0
32,7,GCAMP4_7_32,False,250,200,swap_proximal,370.0,320.0,32,post_swap,GCAMP4,85,10
33,7,GCAMP4_7_33,False,250,200,swap_proximal,370.0,320.0,33,post_swap,GCAMP4,78,6
34,7,GCAMP4_7_34,False,250,200,swap_proximal,370.0,320.0,34,post_swap,GCAMP4,85,10
36,7,GCAMP4_7_36,True,250,200,swap_proximal,370.0,320.0,36,post_swap,GCAMP4,86,10
37,7,GCAMP4_7_37,False,250,200,swap_proximal,370.0,320.0,37,post_swap,GCAMP4,3,8
38,7,GCAMP4_7_38,False,250,200,swap_proximal,370.0,320.0,38,post_swap,GCAMP4,79,6
39,7,GCAMP4_7_39,True,250,200,swap_proximal,370.0,320.0,39,post_swap,GCAMP4,86,10
40,7,GCAMP4_7_40,True,250,200,swap_proximal,370.0,320.0,40,post_swap,GCAMP4,86,10
41,7,GCAMP4_7_41,False,250,200,swap_proximal,370.0,320.0,41,post_swap,GCAMP4,85,10
42,7,GCAMP4_7_42,False,250,200,swap_proximal,370.0,320.0,42,post_swap,GCAMP4,85,10
43,7,GCAMP4_7_43,False,250,200,swap_proximal,370.0,320.0,43,post_swap,GCAMP4,79,6
44,7,GCAMP4_7_44,False,250,200,swap_proximal,370.0,320.0,44,post_swap,GCAMP4,78,6
45,7,GCAMP4_7_45,False,250,200,swap_proximal,370.0,320.0,45,post_swap,GCAMP4,85,10
46,7,GCAMP4_7_46,False,250,200,swap_proximal,370.0,320.0,46,post_swap,GCAMP4,85,10
47,7,GCAMP4_7_47,False,250,200,swap_proximal,370.0,320.0,47,post_swap,GCAMP4,15,6
48,7,GCAMP4_7_48,False,250,200,swap_proximal,370.0,320.0,48,post_swap,GCAMP4,78,6
49,7,GCAMP4_7_49,True,250,200,swap_proximal,370.0,320.0,49,post_swap,GCAMP4,86,10
56,7,GCAMP4_7_56,False,250,200,swap_proximal,370.0,320.0,56,post_swap,GCAMP4,78,6
57,7,GCAMP4_7_57,False,250,200,swap_proximal,370.0,320.0,57,post_swap,GCAMP4,85,10
58,7,GCAMP4_7_58,False,250,200,swap_proximal,370.0,320.0,58,post_swap,GCAMP4,85,10
59,7,GCAMP4_7_59,False,250,200,swap_proximal,370.0,320.0,59,post_swap,GCAMP4,85,10
60,7,GCAMP4_7_60,False,250,200,swap_proximal,370.0,320.0,60,post_swap,GCAMP4,85,10
61,7,GCAMP4_7_61,False,250,200,swap_proximal,370.0,320.0,61,post_swap,GCAMP4,85,10
62,7,GCAMP4_7_62,False,250,200,swap_proximal,370.0,320.0,62,post_swap,GCAMP4,52,9
63,7,GCAMP4_7_63,False,250,200,swap_proximal,370.0,320.0,63,post_swap,GCAMP4,65,1
64,7,GCAMP4_7_64,False,250,200,swap_proximal,370.0,320.0,64,post_swap,GCAMP4,83,9
66,7,GCAMP4_7_66,False,250,200,swap_proximal,370.0,320.0,66,post_swap,GCAMP4,85,10
67,7,GCAMP4_7_67,False,250,200,swap_proximal,370.0,320.0,67,post_swap,GCAMP4,78,6
68,7,GCAMP4_7_68,False,250,200,swap_proximal,370.0,320.0,68,post_swap,GCAMP4,78,10
69,7,GCAMP4_7_69,False,250,200,swap_proximal,370.0,320.0,69,post_swap,GCAMP4,86,10
70,7,GCAMP4_7_70,False,250,200,swap_proximal,370.0,320.0,70,post_swap,GCAMP4,83,10
71,7,GCAMP4_7_71,False,250,200,swap_proximal,370.0,320.0,71,post_swap,GCAMP4,78,6
72,7,GCAMP4_7_72,False,250,200,swap_proximal,370.0,320.0,72,post_swap,GCAMP4,4,6
73,7,GCAMP4_7_73,False,250,200,swap_proximal,370.0,320.0,73,post_swap,GCAMP4,83,5
74,7,GCAMP4_7_74,False,250,200,swap_proximal,370.0,320.0,74,post_swap,GCAMP4,51,1
75,7,GCAMP4_7_75,False,250,200,swap_proximal,370.0,320.0,75,post_swap,GCAMP4,79,6
76,7,GCAMP4_7_76,False,250,200,swap_proximal,370.0,320.0,76,post_swap,GCAMP4,52,5
77,7,GCAMP4_7_77,False,250,200,swap_proximal,370.0,320.0,77,post_swap,GCAMP4,79,6
78,7,GCAMP4_7_78,False,250,200,swap_proximal,370.0,320.0,78,post_swap,GCAMP4,78,10
79,7,GCAMP4_7_79,False,250,200,swap_proximal,370.0,320.0,79,post_swap,GCAMP4,85,10
0,8,GCAMP4_8_0,False,250,200,swap_distal,370.0,320.0,0,pre_swap,GCAMP4,52,5
1,8,GCAMP4_8_1,False,250,200,swap_distal,370.0,320.0,1,pre_swap,GCAMP4,15,6
2,8,GCAMP4_8_2,False,250,200,swap_distal,370.0,320.0,2,pre_swap,GCAMP4,9,4
3,8,GCAMP4_8_3,False,250,200,swap_distal,370.0,320.0,3,pre_swap,GCAMP4,4,4
4,8,GCAMP4_8_4,False,250,200,swap_distal,370.0,320.0,4,pre_swap,GCAMP4,4,5
5,8,GCAMP4_8_5,False,250,200,swap_distal,370.0,320.0,5,pre_swap,GCAMP4,17,5
6,8,GCAMP4_8_6,True,250,200,swap_distal,370.0,320.0,6,pre_swap,GCAMP4,1,6
7,8,GCAMP4_8_7,False,250,200,swap_distal,370.0,320.0,7,pre_swap,GCAMP4,83,10
8,8,GCAMP4_8_8,False,250,200,swap_distal,370.0,320.0,8,pre_swap,GCAMP4,86,10
9,8,GCAMP4_8_9,False,250,200,swap_distal,370.0,320.0,9,pre_swap,GCAMP4,83,1
10,8,GCAMP4_8_10,False,250,200,swap_distal,370.0,320.0,10,pre_swap,GCAMP4,52,5
11,8,GCAMP4_8_11,False,250,200,swap_distal,370.0,320.0,11,pre_swap,GCAMP4,17,5
12,8,GCAMP4_8_12,False,250,200,swap_distal,370.0,320.0,12,pre_swap,GCAMP4,4,5
13,8,GCAMP4_8_13,False,250,200,swap_distal,370.0,320.0,13,pre_swap,GCAMP4,81,0
14,8,GCAMP4_8_14,False,250,200,swap_distal,370.0,320.0,14,pre_swap,GCAMP4,4,5
15,8,GCAMP4_8_15,False,250,200,swap_distal,370.0,320.0,15,pre_swap,GCAMP4,52,5
16,8,GCAMP4_8_16,True,250,200,swap_distal,370.0,320.0,16,pre_swap,GCAMP4,78,6
17,8,GCAMP4_8_17,False,250,200,swap_distal,370.0,320.0,17,pre_swap,GCAMP4,83,9
18,8,GCAMP4_8_18,True,250,200,swap_distal,370.0,320.0,18,pre_swap,GCAMP4,86,10
19,8,GCAMP4_8_19,False,250,200,swap_distal,370.0,320.0,19,pre_swap,GCAMP4,83,9
20,8,GCAMP4_8_20,False,250,200,swap_distal,370.0,320.0,20,pre_swap,GCAMP4,83,9
21,8,GCAMP4_8_21,True,250,200,swap_distal,370.0,320.0,21,pre_swap,GCAMP4,-1,1
22,8,GCAMP4_8_22,True,250,200,swap_distal,370.0,320.0,22,pre_swap,GCAMP4,53,1
23,8,GCAMP4_8_23,False,250,200,swap_distal,370.0,320.0,23,pre_swap,GCAMP4,83,9
24,8,GCAMP4_8_24,False,250,200,swap_distal,370.0,320.0,24,pre_swap,GCAMP4,52,5
25,8,GCAMP4_8_25,False,250,200,swap_distal,370.0,320.0,25,pre_swap,GCAMP4,81,4
26,8,GCAMP4_8_26,False,250,200,swap_distal,370.0,320.0,26,pre_swap,GCAMP4,4,5
27,8,GCAMP4_8_27,False,250,200,swap_distal,370.0,320.0,27,pre_swap,GCAMP4,52,5
28,8,GCAMP4_8_28,False,250,200,swap_distal,370.0,320.0,28,pre_swap,GCAMP4,78,6
29,8,GCAMP4_8_29,False,250,200,swap_distal,370.0,320.0,29,pre_swap,GCAMP4,85,10
30,8,GCAMP4_8_30,False,370,320,swap_distal,250.0,200.0,30,post_swap,GCAMP4,65,1
31,8,GCAMP4_8_31,False,370,320,swap_distal,250.0,200.0,31,post_swap,GCAMP4,64,1
32,8,GCAMP4_8_32,False,370,320,swap_distal,250.0,200.0,32,post_swap,GCAMP4,65,1
33,8,GCAMP4_8_33,False,370,320,swap_distal,250.0,200.0,33,post_swap,GCAMP4,67,1
34,8,GCAMP4_8_34,False,370,320,swap_distal,250.0,200.0,34,post_swap,GCAMP4,67,1
35,8,GCAMP4_8_35,False,370,320,swap_distal,250.0,200.0,35,post_swap,GCAMP4,65,1
36,8,GCAMP4_8_36,False,370,320,swap_distal,250.0,200.0,36,post_swap,GCAMP4,67,1
37,8,GCAMP4_8_37,False,370,320,swap_distal,250.0,200.0,37,post_swap,GCAMP4,65,1
38,8,GCAMP4_8_38,True,370,320,swap_distal,250.0,200.0,38,post_swap,GCAMP4,86,10
39,8,GCAMP4_8_39,False,370,320,swap_distal,250.0,200.0,39,post_swap,GCAMP4,67,10
40,8,GCAMP4_8_40,False,370,320,swap_distal,250.0,200.0,40,post_swap,GCAMP4,36,1
41,8,GCAMP4_8_41,False,370,320,swap_distal,250.0,200.0,41,post_swap,GCAMP4,94,2
42,8,GCAMP4_8_42,False,370,320,swap_distal,250.0,200.0,42,post_swap,GCAMP4,95,2
43,8,GCAMP4_8_43,False,370,320,swap_distal,250.0,200.0,43,post_swap,GCAMP4,65,1
44,8,GCAMP4_8_44,False,370,320,swap_distal,250.0,200.0,44,post_swap,GCAMP4,65,1
45,8,GCAMP4_8_45,False,370,320,swap_distal,250.0,200.0,45,post_swap,GCAMP4,95,2
46,8,GCAMP4_8_46,False,370,320,swap_distal,250.0,200.0,46,post_swap,GCAMP4,91,2
47,8,GCAMP4_8_47,False,370,320,swap_distal,250.0,200.0,47,post_swap,GCAMP4,41,2
48,8,GCAMP4_8_48,True,370,320,swap_distal,250.0,200.0,48,post_swap,GCAMP4,3,0
49,8,GCAMP4_8_49,False,370,320,swap_distal,250.0,200.0,49,post_swap,GCAMP4,65,1
50,8,GCAMP4_8_50,False,370,320,swap_distal,250.0,200.0,50,post_swap,GCAMP4,65,1
51,8,GCAMP4_8_51,False,370,320,swap_distal,250.0,200.0,51,post_swap,GCAMP4,2,2
52,8,GCAMP4_8_52,False,370,320,swap_distal,250.0,200.0,52,post_swap,GCAMP4,67,10
53,8,GCAMP4_8_53,False,370,320,swap_distal,250.0,200.0,53,post_swap,GCAMP4,67,1
54,8,GCAMP4_8_54,False,370,320,swap_distal,250.0,200.0,54,post_swap,GCAMP4,90,2
55,8,GCAMP4_8_55,False,370,320,swap_distal,250.0,200.0,55,post_swap,GCAMP4,21,2
56,8,GCAMP4_8_56,False,370,320,swap_distal,250.0,200.0,56,post_swap,GCAMP4,95,2
57,8,GCAMP4_8_57,False,370,320,swap_distal,250.0,200.0,57,post_swap,GCAMP4,24,2
58,8,GCAMP4_8_58,False,370,320,swap_distal,250.0,200.0,58,post_swap,GCAMP4,94,2
59,8,GCAMP4_8_59,False,370,320,swap_distal,250.0,200.0,59,post_swap,GCAMP4,65,1
60,8,GCAMP4_8_60,False,370,320,swap_distal,250.0,200.0,60,post_swap,GCAMP4,19,2
61,8,GCAMP4_8_61,False,370,320,swap_distal,250.0,200.0,61,post_swap,GCAMP4,98,2
62,8,GCAMP4_8_62,False,370,320,swap_distal,250.0,200.0,62,post_swap,GCAMP4,1,2
63,8,GCAMP4_8_63,False,370,320,swap_distal,250.0,200.0,63,post_swap,GCAMP4,36,1
64,8,GCAMP4_8_64,False,370,320,swap_distal,250.0,200.0,64,post_swap,GCAMP4,-1,0
65,8,GCAMP4_8_65,False,370,320,swap_distal,250.0,200.0,65,post_swap,GCAMP4,41,2
66,8,GCAMP4_8_66,False,370,320,swap_distal,250.0,200.0,66,post_swap,GCAMP4,91,2
67,8,GCAMP4_8_67,True,370,320,swap_distal,250.0,200.0,67,post_swap,GCAMP4,3,0
68,8,GCAMP4_8_68,False,370,320,swap_distal,250.0,200.0,68,post_swap,GCAMP4,36,1
69,8,GCAMP4_8_69,False,370,320,swap_distal,250.0,200.0,69,post_swap,GCAMP4,41,2
70,8,GCAMP4_8_70,False,370,320,swap_distal,250.0,200.0,70,post_swap,GCAMP4,7,2
71,8,GCAMP4_8_71,True,370,320,swap_distal,250.0,200.0,71,post_swap,GCAMP4,57,0
72,8,GCAMP4_8_72,True,370,320,swap_distal,250.0,200.0,72,post_swap,GCAMP4,79,6
73,8,GCAMP4_8_73,False,370,320,swap_distal,250.0,200.0,73,post_swap,GCAMP4,41,2
74,8,GCAMP4_8_74,False,370,320,swap_distal,250.0,200.0,74,post_swap,GCAMP4,25,2
75,8,GCAMP4_8_75,False,370,320,swap_distal,250.0,200.0,75,post_swap,GCAMP4,2,2
76,8,GCAMP4_8_76,False,370,320,swap_distal,250.0,200.0,76,post_swap,GCAMP4,12,3
77,8,GCAMP4_8_77,False,370,320,swap_distal,250.0,200.0,77,post_swap,GCAMP4,9,6
78,8,GCAMP4_8_78,False,370,320,swap_distal,250.0,200.0,78,post_swap,GCAMP4,95,0
79,8,GCAMP4_8_79,False,370,320,swap_distal,250.0,200.0,79,post_swap,GCAMP4,12,0
0,10,GCAMP4_10_0,False,370,320,swap_proximal,130.0,80.0,0,pre_swap,GCAMP4,86,10
1,10,GCAMP4_10_1,False,370,320,swap_proximal,130.0,80.0,1,pre_swap,GCAMP4,36,1
2,10,GCAMP4_10_2,False,370,320,swap_proximal,130.0,80.0,2,pre_swap,GCAMP4,21,2
3,10,GCAMP4_10_3,False,370,320,swap_proximal,130.0,80.0,3,pre_swap,GCAMP4,95,2
4,10,GCAMP4_10_4,False,370,320,swap_proximal,130.0,80.0,4,pre_swap,GCAMP4,2,2
5,10,GCAMP4_10_5,False,370,320,swap_proximal,130.0,80.0,5,pre_swap,GCAMP4,96,6
6,10,GCAMP4_10_6,False,370,320,swap_proximal,130.0,80.0,6,pre_swap,GCAMP4,90,2
7,10,GCAMP4_10_7,False,370,320,swap_proximal,130.0,80.0,7,pre_swap,GCAMP4,41,2
8,10,GCAMP4_10_8,True,370,320,swap_proximal,130.0,80.0,8,pre_swap,GCAMP4,10,0
9,10,GCAMP4_10_9,False,370,320,swap_proximal,130.0,80.0,9,pre_swap,GCAMP4,1,2
10,10,GCAMP4_10_10,False,370,320,swap_proximal,130.0,80.0,10,pre_swap,GCAMP4,99,2
11,10,GCAMP4_10_11,False,370,320,swap_proximal,130.0,80.0,11,pre_swap,GCAMP4,21,2
12,10,GCAMP4_10_12,False,370,320,swap_proximal,130.0,80.0,12,pre_swap,GCAMP4,21,2
13,10,GCAMP4_10_13,True,370,320,swap_proximal,130.0,80.0,13,pre_swap,GCAMP4,10,0
14,10,GCAMP4_10_14,False,370,320,swap_proximal,130.0,80.0,14,pre_swap,GCAMP4,65,1
15,10,GCAMP4_10_15,False,370,320,swap_proximal,130.0,80.0,15,pre_swap,GCAMP4,36,1
16,10,GCAMP4_10_16,False,370,320,swap_proximal,130.0,80.0,16,pre_swap,GCAMP4,98,2
17,10,GCAMP4_10_17,False,370,320,swap_proximal,130.0,80.0,17,pre_swap,GCAMP4,-1,2
18,10,GCAMP4_10_18,False,370,320,swap_proximal,130.0,80.0,18,pre_swap,GCAMP4,99,2
19,10,GCAMP4_10_19,False,370,320,swap_proximal,130.0,80.0,19,pre_swap,GCAMP4,99,2
20,10,GCAMP4_10_20,False,370,320,swap_proximal,130.0,80.0,20,pre_swap,GCAMP4,99,2
21,10,GCAMP4_10_21,False,370,320,swap_proximal,130.0,80.0,21,pre_swap,GCAMP4,90,2
22,10,GCAMP4_10_22,True,370,320,swap_proximal,130.0,80.0,22,pre_swap,GCAMP4,29,0
23,10,GCAMP4_10_23,False,370,320,swap_proximal,130.0,80.0,23,pre_swap,GCAMP4,36,1
24,10,GCAMP4_10_24,False,370,320,swap_proximal,130.0,80.0,24,pre_swap,GCAMP4,90,2
25,10,GCAMP4_10_25,False,370,320,swap_proximal,130.0,80.0,25,pre_swap,GCAMP4,-1,6
26,10,GCAMP4_10_26,False,370,320,swap_proximal,130.0,80.0,26,pre_swap,GCAMP4,65,6
27,10,GCAMP4_10_27,False,370,320,swap_proximal,130.0,80.0,27,pre_swap,GCAMP4,65,6
28,10,GCAMP4_10_28,False,370,320,swap_proximal,130.0,80.0,28,pre_swap,GCAMP4,90,2
29,10,GCAMP4_10_29,False,370,320,swap_proximal,130.0,80.0,29,pre_swap,GCAMP4,36,6
30,10,GCAMP4_10_30,True,130,80,swap_proximal,370.0,320.0,30,post_swap,GCAMP4,22,0
31,10,GCAMP4_10_31,False,130,80,swap_proximal,370.0,320.0,31,post_swap,GCAMP4,48,8
32,10,GCAMP4_10_32,False,130,80,swap_proximal,370.0,320.0,32,post_swap,GCAMP4,48,8
33,10,GCAMP4_10_33,False,130,80,swap_proximal,370.0,320.0,33,post_swap,GCAMP4,72,7
34,10,GCAMP4_10_34,True,130,80,swap_proximal,370.0,320.0,34,post_swap,GCAMP4,86,10
35,10,GCAMP4_10_35,True,130,80,swap_proximal,370.0,320.0,35,post_swap,GCAMP4,86,10
36,10,GCAMP4_10_36,False,130,80,swap_proximal,370.0,320.0,36,post_swap,GCAMP4,48,6
37,10,GCAMP4_10_37,False,130,80,swap_proximal,370.0,320.0,37,post_swap,GCAMP4,48,8
38,10,GCAMP4_10_38,False,130,80,swap_proximal,370.0,320.0,38,post_swap,GCAMP4,48,8
39,10,GCAMP4_10_39,False,130,80,swap_proximal,370.0,320.0,39,post_swap,GCAMP4,86,10
40,10,GCAMP4_10_40,False,130,80,swap_proximal,370.0,320.0,40,post_swap,GCAMP4,86,10
41,10,GCAMP4_10_41,False,130,80,swap_proximal,370.0,320.0,41,post_swap,GCAMP4,48,8
42,10,GCAMP4_10_42,False,130,80,swap_proximal,370.0,320.0,42,post_swap,GCAMP4,86,10
43,10,GCAMP4_10_43,False,130,80,swap_proximal,370.0,320.0,43,post_swap,GCAMP4,48,8
44,10,GCAMP4_10_44,False,130,80,swap_proximal,370.0,320.0,44,post_swap,GCAMP4,48,8
45,10,GCAMP4_10_45,False,130,80,swap_proximal,370.0,320.0,45,post_swap,GCAMP4,86,10
46,10,GCAMP4_10_46,False,130,80,swap_proximal,370.0,320.0,46,post_swap,GCAMP4,86,10
47,10,GCAMP4_10_47,True,130,80,swap_proximal,370.0,320.0,47,post_swap,GCAMP4,86,10
48,10,GCAMP4_10_48,False,130,80,swap_proximal,370.0,320.0,48,post_swap,GCAMP4,86,10
49,10,GCAMP4_10_49,False,130,80,swap_proximal,370.0,320.0,49,post_swap,GCAMP4,48,8
50,10,GCAMP4_10_50,False,130,80,swap_proximal,370.0,320.0,50,post_swap,GCAMP4,48,8
51,10,GCAMP4_10_51,True,130,80,swap_proximal,370.0,320.0,51,post_swap,GCAMP4,86,10
52,10,GCAMP4_10_52,True,130,80,swap_proximal,370.0,320.0,52,post_swap,GCAMP4,86,10
53,10,GCAMP4_10_53,False,130,80,swap_proximal,370.0,320.0,53,post_swap,GCAMP4,48,8
54,10,GCAMP4_10_54,False,130,80,swap_proximal,370.0,320.0,54,post_swap,GCAMP4,48,8
55,10,GCAMP4_10_55,False,130,80,swap_proximal,370.0,320.0,55,post_swap,GCAMP4,48,8
56,10,GCAMP4_10_56,False,130,80,swap_proximal,370.0,320.0,56,post_swap,GCAMP4,86,10
57,10,GCAMP4_10_57,False,130,80,swap_proximal,370.0,320.0,57,post_swap,GCAMP4,86,10
58,10,GCAMP4_10_58,True,130,80,swap_proximal,370.0,320.0,58,post_swap,GCAMP4,86,10
59,10,GCAMP4_10_59,False,130,80,swap_proximal,370.0,320.0,59,post_swap,GCAMP4,86,10
60,10,GCAMP4_10_60,False,130,80,swap_proximal,370.0,320.0,60,post_swap,GCAMP4,48,8
61,10,GCAMP4_10_61,False,130,80,swap_proximal,370.0,320.0,61,post_swap,GCAMP4,48,8
63,10,GCAMP4_10_63,True,130,80,swap_proximal,370.0,320.0,63,post_swap,GCAMP4,86,10
64,10,GCAMP4_10_64,False,130,80,swap_proximal,370.0,320.0,64,post_swap,GCAMP4,48,8
65,10,GCAMP4_10_65,False,130,80,swap_proximal,370.0,320.0,65,post_swap,GCAMP4,48,8
66,10,GCAMP4_10_66,False,130,80,swap_proximal,370.0,320.0,66,post_swap,GCAMP4,48,8
67,10,GCAMP4_10_67,False,130,80,swap_proximal,370.0,320.0,67,post_swap,GCAMP4,78,6
68,10,GCAMP4_10_68,True,130,80,swap_proximal,370.0,320.0,68,post_swap,GCAMP4,86,10
69,10,GCAMP4_10_69,False,130,80,swap_proximal,370.0,320.0,69,post_swap,GCAMP4,48,8
70,10,GCAMP4_10_70,False,130,80,swap_proximal,370.0,320.0,70,post_swap,GCAMP4,48,8
71,10,GCAMP4_10_71,False,130,80,swap_proximal,370.0,320.0,71,post_swap,GCAMP4,48,6
72,10,GCAMP4_10_72,False,130,80,swap_proximal,370.0,320.0,72,post_swap,GCAMP4,48,8
73,10,GCAMP4_10_73,True,130,80,swap_proximal,370.0,320.0,73,post_swap,GCAMP4,86,10
74,10,GCAMP4_10_74,True,130,80,swap_proximal,370.0,320.0,74,post_swap,GCAMP4,86,10
75,10,GCAMP4_10_75,False,130,80,swap_proximal,370.0,320.0,75,post_swap,GCAMP4,86,10
76,10,GCAMP4_10_76,False,130,80,swap_proximal,370.0,320.0,76,post_swap,GCAMP4,48,8
77,10,GCAMP4_10_77,False,130,80,swap_proximal,370.0,320.0,77,post_swap,GCAMP4,67,10
78,10,GCAMP4_10_78,False,130,80,swap_proximal,370.0,320.0,78,post_swap,GCAMP4,48,8
79,10,GCAMP4_10_79,False,130,80,swap_proximal,370.0,320.0,79,post_swap,GCAMP4,48,8
0,12,GCAMP4_12_0,False,130,80,swap_distal,250.0,200.0,0,pre_swap,GCAMP4,47,8
1,12,GCAMP4_12_1,False,130,80,swap_distal,250.0,200.0,1,pre_swap,GCAMP4,27,3
2,12,GCAMP4_12_2,False,130,80,swap_distal,250.0,200.0,2,pre_swap,GCAMP4,39,3
3,12,GCAMP4_12_3,False,130,80,swap_distal,250.0,200.0,3,pre_swap,GCAMP4,27,3
4,12,GCAMP4_12_4,True,130,80,swap_distal,250.0,200.0,4,pre_swap,GCAMP4,53,1
5,12,GCAMP4_12_5,False,130,80,swap_distal,250.0,200.0,5,pre_swap,GCAMP4,40,3
6,12,GCAMP4_12_6,True,130,80,swap_distal,250.0,200.0,6,pre_swap,GCAMP4,31,5
7,12,GCAMP4_12_7,False,130,80,swap_distal,250.0,200.0,7,pre_swap,GCAMP4,43,3
8,12,GCAMP4_12_8,False,130,80,swap_distal,250.0,200.0,8,pre_swap,GCAMP4,48,6
9,12,GCAMP4_12_9,False,130,80,swap_distal,250.0,200.0,9,pre_swap,GCAMP4,72,7
10,12,GCAMP4_12_10,False,130,80,swap_distal,250.0,200.0,10,pre_swap,GCAMP4,40,7
11,12,GCAMP4_12_11,False,130,80,swap_distal,250.0,200.0,11,pre_swap,GCAMP4,72,7
12,12,GCAMP4_12_12,False,130,80,swap_distal,250.0,200.0,12,pre_swap,GCAMP4,86,10
13,12,GCAMP4_12_13,False,130,80,swap_distal,250.0,200.0,13,pre_swap,GCAMP4,39,3
14,12,GCAMP4_12_14,True,130,80,swap_distal,250.0,200.0,14,pre_swap,GCAMP4,31,5
15,12,GCAMP4_12_15,False,130,80,swap_distal,250.0,200.0,15,pre_swap,GCAMP4,39,3
16,12,GCAMP4_12_16,True,130,80,swap_distal,250.0,200.0,16,pre_swap,GCAMP4,31,5
17,12,GCAMP4_12_17,False,130,80,swap_distal,250.0,200.0,17,pre_swap,GCAMP4,27,3
18,12,GCAMP4_12_18,False,130,80,swap_distal,250.0,200.0,18,pre_swap,GCAMP4,68,3
19,12,GCAMP4_12_19,False,130,80,swap_distal,250.0,200.0,19,pre_swap,GCAMP4,8,3
20,12,GCAMP4_12_20,False,130,80,swap_distal,250.0,200.0,20,pre_swap,GCAMP4,46,3
21,12,GCAMP4_12_21,False,130,80,swap_distal,250.0,200.0,21,pre_swap,GCAMP4,48,8
22,12,GCAMP4_12_22,False,130,80,swap_distal,250.0,200.0,22,pre_swap,GCAMP4,27,7
23,12,GCAMP4_12_23,False,130,80,swap_distal,250.0,200.0,23,pre_swap,GCAMP4,47,1
24,12,GCAMP4_12_24,False,130,80,swap_distal,250.0,200.0,24,pre_swap,GCAMP4,39,3
25,12,GCAMP4_12_25,False,130,80,swap_distal,250.0,200.0,25,pre_swap,GCAMP4,44,3
26,12,GCAMP4_12_26,False,130,80,swap_distal,250.0,200.0,26,pre_swap,GCAMP4,20,3
27,12,GCAMP4_12_27,False,130,80,swap_distal,250.0,200.0,27,pre_swap,GCAMP4,44,3
28,12,GCAMP4_12_28,False,130,80,swap_distal,250.0,200.0,28,pre_swap,GCAMP4,44,3
29,12,GCAMP4_12_29,False,130,80,swap_distal,250.0,200.0,29,pre_swap,GCAMP4,27,3
30,12,GCAMP4_12_30,False,250,200,swap_distal,130.0,80.0,30,post_swap,GCAMP4,82,9
31,12,GCAMP4_12_31,False,250,200,swap_distal,130.0,80.0,31,post_swap,GCAMP4,83,5
32,12,GCAMP4_12_32,False,250,200,swap_distal,130.0,80.0,32,post_swap,GCAMP4,86,10
33,12,GCAMP4_12_33,False,250,200,swap_distal,130.0,80.0,33,post_swap,GCAMP4,85,10
34,12,GCAMP4_12_34,False,250,200,swap_distal,130.0,80.0,34,post_swap,GCAMP4,52,9
35,12,GCAMP4_12_35,False,250,200,swap_distal,130.0,80.0,35,post_swap,GCAMP4,82,5
36,12,GCAMP4_12_36,False,250,200,swap_distal,130.0,80.0,36,post_swap,GCAMP4,52,5
37,12,GCAMP4_12_37,False,250,200,swap_distal,130.0,80.0,37,post_swap,GCAMP4,52,5
38,12,GCAMP4_12_38,False,250,200,swap_distal,130.0,80.0,38,post_swap,GCAMP4,82,5
39,12,GCAMP4_12_39,True,250,200,swap_distal,130.0,80.0,39,post_swap,GCAMP4,86,10
40,12,GCAMP4_12_40,False,250,200,swap_distal,130.0,80.0,40,post_swap,GCAMP4,52,10
41,12,GCAMP4_12_41,False,250,200,swap_distal,130.0,80.0,41,post_swap,GCAMP4,52,5
42,12,GCAMP4_12_42,False,250,200,swap_distal,130.0,80.0,42,post_swap,GCAMP4,85,9
43,12,GCAMP4_12_43,True,250,200,swap_distal,130.0,80.0,43,post_swap,GCAMP4,86,10
44,12,GCAMP4_12_44,False,250,200,swap_distal,130.0,80.0,44,post_swap,GCAMP4,83,5
45,12,GCAMP4_12_45,False,250,200,swap_distal,130.0,80.0,45,post_swap,GCAMP4,83,5
46,12,GCAMP4_12_46,True,250,200,swap_distal,130.0,80.0,46,post_swap,GCAMP4,36,6
47,12,GCAMP4_12_47,False,250,200,swap_distal,130.0,80.0,47,post_swap,GCAMP4,51,5
48,12,GCAMP4_12_48,True,250,200,swap_distal,130.0,80.0,48,post_swap,GCAMP4,36,6
49,12,GCAMP4_12_49,True,250,200,swap_distal,130.0,80.0,49,post_swap,GCAMP4,86,10
50,12,GCAMP4_12_50,False,250,200,swap_distal,130.0,80.0,50,post_swap,GCAMP4,52,5
51,12,GCAMP4_12_51,False,250,200,swap_distal,130.0,80.0,51,post_swap,GCAMP4,55,2
52,12,GCAMP4_12_52,False,250,200,swap_distal,130.0,80.0,52,post_swap,GCAMP4,4,5
53,12,GCAMP4_12_53,False,250,200,swap_distal,130.0,80.0,53,post_swap,GCAMP4,9,4
54,12,GCAMP4_12_54,False,250,200,swap_distal,130.0,80.0,54,post_swap,GCAMP4,18,4
55,12,GCAMP4_12_55,False,250,200,swap_distal,130.0,80.0,55,post_swap,GCAMP4,52,5
56,12,GCAMP4_12_56,False,250,200,swap_distal,130.0,80.0,56,post_swap,GCAMP4,51,5
57,12,GCAMP4_12_57,False,250,200,swap_distal,130.0,80.0,57,post_swap,GCAMP4,82,9
58,12,GCAMP4_12_58,False,250,200,swap_distal,130.0,80.0,58,post_swap,GCAMP4,83,9
59,12,GCAMP4_12_59,False,250,200,swap_distal,130.0,80.0,59,post_swap,GCAMP4,52,5
60,12,GCAMP4_12_60,False,250,200,swap_distal,130.0,80.0,60,post_swap,GCAMP4,51,5
61,12,GCAMP4_12_61,False,250,200,swap_distal,130.0,80.0,61,post_swap,GCAMP4,83,9
62,12,GCAMP4_12_62,False,250,200,swap_distal,130.0,80.0,62,post_swap,GCAMP4,52,5
63,12,GCAMP4_12_63,False,250,200,swap_distal,130.0,80.0,63,post_swap,GCAMP4,51,5
64,12,GCAMP4_12_64,False,250,200,swap_distal,130.0,80.0,64,post_swap,GCAMP4,51,5
65,12,GCAMP4_12_65,False,250,200,swap_distal,130.0,80.0,65,post_swap,GCAMP4,52,5
66,12,GCAMP4_12_66,False,250,200,swap_distal,130.0,80.0,66,post_swap,GCAMP4,51,5
67,12,GCAMP4_12_67,False,250,200,swap_distal,130.0,80.0,67,post_swap,GCAMP4,17,5
68,12,GCAMP4_12_68,False,250,200,swap_distal,130.0,80.0,68,post_swap,GCAMP4,33,8
69,12,GCAMP4_12_69,False,250,200,swap_distal,130.0,80.0,69,post_swap,GCAMP4,4,5
70,12,GCAMP4_12_70,False,250,200,swap_distal,130.0,80.0,70,post_swap,GCAMP4,51,5
71,12,GCAMP4_12_71,False,250,200,swap_distal,130.0,80.0,71,post_swap,GCAMP4,4,5
72,12,GCAMP4_12_72,False,250,200,swap_distal,130.0,80.0,72,post_swap,GCAMP4,52,5
73,12,GCAMP4_12_73,False,250,200,swap_distal,130.0,80.0,73,post_swap,GCAMP4,4,5
74,12,GCAMP4_12_74,False,250,200,swap_distal,130.0,80.0,74,post_swap,GCAMP4,9,4
75,12,GCAMP4_12_75,False,250,200,swap_distal,130.0,80.0,75,post_swap,GCAMP4,4,4
76,12,GCAMP4_12_76,False,250,200,swap_distal,130.0,80.0,76,post_swap,GCAMP4,79,6
77,12,GCAMP4_12_77,False,250,200,swap_distal,130.0,80.0,77,post_swap,GCAMP4,52,1
78,12,GCAMP4_12_78,False,250,200,swap_distal,130.0,80.0,78,post_swap,GCAMP4,51,5
79,12,GCAMP4_12_79,False,250,200,swap_distal,130.0,80.0,79,post_swap,GCAMP4,51,5
0,14,GCAMP4_14_0,False,250,200,swap_distal,370.0,320.0,0,pre_swap,GCAMP4,82,5
1,14,GCAMP4_14_1,True,250,200,swap_distal,370.0,320.0,1,pre_swap,GCAMP4,79,6
2,14,GCAMP4_14_2,False,250,200,swap_distal,370.0,320.0,2,pre_swap,GCAMP4,83,9
3,14,GCAMP4_14_3,False,250,200,swap_distal,370.0,320.0,3,pre_swap,GCAMP4,85,9
4,14,GCAMP4_14_4,False,250,200,swap_distal,370.0,320.0,4,pre_swap,GCAMP4,6,4
5,14,GCAMP4_14_5,False,250,200,swap_distal,370.0,320.0,5,pre_swap,GCAMP4,79,6
6,14,GCAMP4_14_6,False,250,200,swap_distal,370.0,320.0,6,pre_swap,GCAMP4,82,10
7,14,GCAMP4_14_7,False,250,200,swap_distal,370.0,320.0,7,pre_swap,GCAMP4,79,6
8,14,GCAMP4_14_8,False,250,200,swap_distal,370.0,320.0,8,pre_swap,GCAMP4,86,10
9,14,GCAMP4_14_9,False,250,200,swap_distal,370.0,320.0,9,pre_swap,GCAMP4,-1,10
10,14,GCAMP4_14_10,False,250,200,swap_distal,370.0,320.0,10,pre_swap,GCAMP4,83,5
11,14,GCAMP4_14_11,False,250,200,swap_distal,370.0,320.0,11,pre_swap,GCAMP4,52,9
13,14,GCAMP4_14_13,False,250,200,swap_distal,370.0,320.0,13,pre_swap,GCAMP4,85,10
14,14,GCAMP4_14_14,False,250,200,swap_distal,370.0,320.0,14,pre_swap,GCAMP4,53,1
15,14,GCAMP4_14_15,False,250,200,swap_distal,370.0,320.0,15,pre_swap,GCAMP4,82,10
16,14,GCAMP4_14_16,False,250,200,swap_distal,370.0,320.0,16,pre_swap,GCAMP4,79,6
17,14,GCAMP4_14_17,False,250,200,swap_distal,370.0,320.0,17,pre_swap,GCAMP4,4,4
18,14,GCAMP4_14_18,True,250,200,swap_distal,370.0,320.0,18,pre_swap,GCAMP4,78,6
25,14,GCAMP4_14_25,True,250,200,swap_distal,370.0,320.0,25,pre_swap,GCAMP4,79,6
26,14,GCAMP4_14_26,False,250,200,swap_distal,370.0,320.0,26,pre_swap,GCAMP4,83,5
30,14,GCAMP4_14_30,False,370,320,swap_distal,250.0,200.0,30,post_swap,GCAMP4,60,6
32,14,GCAMP4_14_32,True,370,320,swap_distal,250.0,200.0,32,post_swap,GCAMP4,78,6
33,14,GCAMP4_14_33,False,370,320,swap_distal,250.0,200.0,33,post_swap,GCAMP4,67,10
35,14,GCAMP4_14_35,False,370,320,swap_distal,250.0,200.0,35,post_swap,GCAMP4,1,2
36,14,GCAMP4_14_36,True,370,320,swap_distal,250.0,200.0,36,post_swap,GCAMP4,78,6
43,14,GCAMP4_14_43,False,370,320,swap_distal,250.0,200.0,43,post_swap,GCAMP4,41,1
44,14,GCAMP4_14_44,False,370,320,swap_distal,250.0,200.0,44,post_swap,GCAMP4,98,0
48,14,GCAMP4_14_48,False,370,320,swap_distal,250.0,200.0,48,post_swap,GCAMP4,25,2
49,14,GCAMP4_14_49,True,370,320,swap_distal,250.0,200.0,49,post_swap,GCAMP4,3,0
50,14,GCAMP4_14_50,False,370,320,swap_distal,250.0,200.0,50,post_swap,GCAMP4,67,10
54,14,GCAMP4_14_54,False,370,320,swap_distal,250.0,200.0,54,post_swap,GCAMP4,37,2
55,14,GCAMP4_14_55,False,370,320,swap_distal,250.0,200.0,55,post_swap,GCAMP4,97,0
56,14,GCAMP4_14_56,False,370,320,swap_distal,250.0,200.0,56,post_swap,GCAMP4,41,6
57,14,GCAMP4_14_57,False,370,320,swap_distal,250.0,200.0,57,post_swap,GCAMP4,19,2
62,14,GCAMP4_14_62,False,370,320,swap_distal,250.0,200.0,62,post_swap,GCAMP4,67,10
63,14,GCAMP4_14_63,False,370,320,swap_distal,250.0,200.0,63,post_swap,GCAMP4,87,0
64,14,GCAMP4_14_64,True,370,320,swap_distal,250.0,200.0,64,post_swap,GCAMP4,86,10
67,14,GCAMP4_14_67,True,370,320,swap_distal,250.0,200.0,67,post_swap,GCAMP4,86,10
68,14,GCAMP4_14_68,False,370,320,swap_distal,250.0,200.0,68,post_swap,GCAMP4,-1,0
69,14,GCAMP4_14_69,False,370,320,swap_distal,250.0,200.0,69,post_swap,GCAMP4,-1,0
70,14,GCAMP4_14_70,False,370,320,swap_distal,250.0,200.0,70,post_swap,GCAMP4,36,1
71,14,GCAMP4_14_71,False,370,320,swap_distal,250.0,200.0,71,post_swap,GCAMP4,91,1
72,14,GCAMP4_14_72,False,370,320,swap_distal,250.0,200.0,72,post_swap,GCAMP4,90,2
73,14,GCAMP4_14_73,False,370,320,swap_distal,250.0,200.0,73,post_swap,GCAMP4,2,2
74,14,GCAMP4_14_74,False,370,320,swap_distal,250.0,200.0,74,post_swap,GCAMP4,42,2
0,3,GCAMP7_3_0,False,130,80,swap_distal,370.0,320.0,0,pre_swap,GCAMP7,48,8
1,3,GCAMP7_3_1,False,130,80,swap_distal,370.0,320.0,1,pre_swap,GCAMP7,72,7
2,3,GCAMP7_3_2,False,130,80,swap_distal,370.0,320.0,2,pre_swap,GCAMP7,40,3
3,3,GCAMP7_3_3,False,130,80,swap_distal,370.0,320.0,3,pre_swap,GCAMP7,40,3
4,3,GCAMP7_3_4,False,130,80,swap_distal,370.0,320.0,4,pre_swap,GCAMP7,40,3
5,3,GCAMP7_3_5,False,130,80,swap_distal,370.0,320.0,5,pre_swap,GCAMP7,40,7
6,3,GCAMP7_3_6,False,130,80,swap_distal,370.0,320.0,6,pre_swap,GCAMP7,40,9
7,3,GCAMP7_3_7,False,130,80,swap_distal,370.0,320.0,7,pre_swap,GCAMP7,40,7
8,3,GCAMP7_3_8,False,130,80,swap_distal,370.0,320.0,8,pre_swap,GCAMP7,40,7
9,3,GCAMP7_3_9,False,130,80,swap_distal,370.0,320.0,9,pre_swap,GCAMP7,40,7
10,3,GCAMP7_3_10,False,130,80,swap_distal,370.0,320.0,10,pre_swap,GCAMP7,40,7
11,3,GCAMP7_3_11,False,130,80,swap_distal,370.0,320.0,11,pre_swap,GCAMP7,40,7
12,3,GCAMP7_3_12,False,130,80,swap_distal,370.0,320.0,12,pre_swap,GCAMP7,40,3
13,3,GCAMP7_3_13,False,130,80,swap_distal,370.0,320.0,13,pre_swap,GCAMP7,39,3
14,3,GCAMP7_3_14,True,130,80,swap_distal,370.0,320.0,14,pre_swap,GCAMP7,83,9
15,3,GCAMP7_3_15,True,130,80,swap_distal,370.0,320.0,15,pre_swap,GCAMP7,40,9
16,3,GCAMP7_3_16,False,130,80,swap_distal,370.0,320.0,16,pre_swap,GCAMP7,40,7
17,3,GCAMP7_3_17,True,130,80,swap_distal,370.0,320.0,17,pre_swap,GCAMP7,83,9
18,3,GCAMP7_3_18,True,130,80,swap_distal,370.0,320.0,18,pre_swap,GCAMP7,83,9
19,3,GCAMP7_3_19,False,130,80,swap_distal,370.0,320.0,19,pre_swap,GCAMP7,40,3
20,3,GCAMP7_3_20,False,130,80,swap_distal,370.0,320.0,20,pre_swap,GCAMP7,27,3
21,3,GCAMP7_3_21,False,130,80,swap_distal,370.0,320.0,21,pre_swap,GCAMP7,27,3
22,3,GCAMP7_3_22,False,130,80,swap_distal,370.0,320.0,22,pre_swap,GCAMP7,27,3
23,3,GCAMP7_3_23,False,130,80,swap_distal,370.0,320.0,23,pre_swap,GCAMP7,39,3
24,3,GCAMP7_3_24,False,130,80,swap_distal,370.0,320.0,24,pre_swap,GCAMP7,39,3
25,3,GCAMP7_3_25,True,130,80,swap_distal,370.0,320.0,25,pre_swap,GCAMP7,31,5
26,3,GCAMP7_3_26,True,130,80,swap_distal,370.0,320.0,26,pre_swap,GCAMP7,31,9
27,3,GCAMP7_3_27,False,130,80,swap_distal,370.0,320.0,27,pre_swap,GCAMP7,40,7
28,3,GCAMP7_3_28,False,130,80,swap_distal,370.0,320.0,28,pre_swap,GCAMP7,40,7
29,3,GCAMP7_3_29,False,130,80,swap_distal,370.0,320.0,29,pre_swap,GCAMP7,72,7
30,3,GCAMP7_3_30,True,370,320,swap_distal,130.0,80.0,30,post_swap,GCAMP7,83,5
31,3,GCAMP7_3_31,True,370,320,swap_distal,130.0,80.0,31,post_swap,GCAMP7,83,9
32,3,GCAMP7_3_32,False,370,320,swap_distal,130.0,80.0,32,post_swap,GCAMP7,72,8
33,3,GCAMP7_3_33,False,370,320,swap_distal,130.0,80.0,33,post_swap,GCAMP7,72,9
34,3,GCAMP7_3_34,False,370,320,swap_distal,130.0,80.0,34,post_swap,GCAMP7,67,10
35,3,GCAMP7_3_35,False,370,320,swap_distal,130.0,80.0,35,post_swap,GCAMP7,67,10
36,3,GCAMP7_3_36,False,370,320,swap_distal,130.0,80.0,36,post_swap,GCAMP7,67,10
37,3,GCAMP7_3_37,False,370,320,swap_distal,130.0,80.0,37,post_swap,GCAMP7,67,10
38,3,GCAMP7_3_38,True,370,320,swap_distal,130.0,80.0,38,post_swap,GCAMP7,86,10
39,3,GCAMP7_3_39,True,370,320,swap_distal,130.0,80.0,39,post_swap,GCAMP7,86,10
40,3,GCAMP7_3_40,False,370,320,swap_distal,130.0,80.0,40,post_swap,GCAMP7,67,10
41,3,GCAMP7_3_41,False,370,320,swap_distal,130.0,80.0,41,post_swap,GCAMP7,67,10
42,3,GCAMP7_3_42,False,370,320,swap_distal,130.0,80.0,42,post_swap,GCAMP7,67,1
43,3,GCAMP7_3_43,False,370,320,swap_distal,130.0,80.0,43,post_swap,GCAMP7,67,1
44,3,GCAMP7_3_44,False,370,320,swap_distal,130.0,80.0,44,post_swap,GCAMP7,67,10
45,3,GCAMP7_3_45,False,370,320,swap_distal,130.0,80.0,45,post_swap,GCAMP7,67,10
46,3,GCAMP7_3_46,True,370,320,swap_distal,130.0,80.0,46,post_swap,GCAMP7,86,10
47,3,GCAMP7_3_47,False,370,320,swap_distal,130.0,80.0,47,post_swap,GCAMP7,67,10
48,3,GCAMP7_3_48,False,370,320,swap_distal,130.0,80.0,48,post_swap,GCAMP7,67,10
49,3,GCAMP7_3_49,False,370,320,swap_distal,130.0,80.0,49,post_swap,GCAMP7,67,1
50,3,GCAMP7_3_50,False,370,320,swap_distal,130.0,80.0,50,post_swap,GCAMP7,67,1
51,3,GCAMP7_3_51,False,370,320,swap_distal,130.0,80.0,51,post_swap,GCAMP7,65,1
52,3,GCAMP7_3_52,False,370,320,swap_distal,130.0,80.0,52,post_swap,GCAMP7,65,1
53,3,GCAMP7_3_53,False,370,320,swap_distal,130.0,80.0,53,post_swap,GCAMP7,67,1
54,3,GCAMP7_3_54,False,370,320,swap_distal,130.0,80.0,54,post_swap,GCAMP7,67,1
55,3,GCAMP7_3_55,False,370,320,swap_distal,130.0,80.0,55,post_swap,GCAMP7,86,10
56,3,GCAMP7_3_56,False,370,320,swap_distal,130.0,80.0,56,post_swap,GCAMP7,67,1
57,3,GCAMP7_3_57,True,370,320,swap_distal,130.0,80.0,57,post_swap,GCAMP7,78,10
58,3,GCAMP7_3_58,True,370,320,swap_distal,130.0,80.0,58,post_swap,GCAMP7,78,10
59,3,GCAMP7_3_59,False,370,320,swap_distal,130.0,80.0,59,post_swap,GCAMP7,65,1
60,3,GCAMP7_3_60,False,370,320,swap_distal,130.0,80.0,60,post_swap,GCAMP7,64,1
61,3,GCAMP7_3_61,False,370,320,swap_distal,130.0,80.0,61,post_swap,GCAMP7,64,1
62,3,GCAMP7_3_62,False,370,320,swap_distal,130.0,80.0,62,post_swap,GCAMP7,36,1
63,3,GCAMP7_3_63,False,370,320,swap_distal,130.0,80.0,63,post_swap,GCAMP7,36,1
64,3,GCAMP7_3_64,False,370,320,swap_distal,130.0,80.0,64,post_swap,GCAMP7,36,1
65,3,GCAMP7_3_65,False,370,320,swap_distal,130.0,80.0,65,post_swap,GCAMP7,64,1
66,3,GCAMP7_3_66,False,370,320,swap_distal,130.0,80.0,66,post_swap,GCAMP7,-1,2
67,3,GCAMP7_3_67,False,370,320,swap_distal,130.0,80.0,67,post_swap,GCAMP7,36,1
68,3,GCAMP7_3_68,False,370,320,swap_distal,130.0,80.0,68,post_swap,GCAMP7,65,1
69,3,GCAMP7_3_69,False,370,320,swap_distal,130.0,80.0,69,post_swap,GCAMP7,36,1
70,3,GCAMP7_3_70,False,370,320,swap_distal,130.0,80.0,70,post_swap,GCAMP7,36,1
71,3,GCAMP7_3_71,False,370,320,swap_distal,130.0,80.0,71,post_swap,GCAMP7,41,1
72,3,GCAMP7_3_72,False,370,320,swap_distal,130.0,80.0,72,post_swap,GCAMP7,67,10
73,3,GCAMP7_3_73,False,370,320,swap_distal,130.0,80.0,73,post_swap,GCAMP7,65,1
74,3,GCAMP7_3_74,False,370,320,swap_distal,130.0,80.0,74,post_swap,GCAMP7,65,1
75,3,GCAMP7_3_75,False,370,320,swap_distal,130.0,80.0,75,post_swap,GCAMP7,36,1
76,3,GCAMP7_3_76,False,370,320,swap_distal,130.0,80.0,76,post_swap,GCAMP7,36,1
77,3,GCAMP7_3_77,False,370,320,swap_distal,130.0,80.0,77,post_swap,GCAMP7,90,2
78,3,GCAMP7_3_78,False,370,320,swap_distal,130.0,80.0,78,post_swap,GCAMP7,64,1
79,3,GCAMP7_3_79,False,370,320,swap_distal,130.0,80.0,79,post_swap,GCAMP7,65,1
80,3,GCAMP7_3_80,False,370,320,swap_distal,130.0,80.0,80,post_swap,GCAMP7,1,2
81,3,GCAMP7_3_81,False,370,320,swap_distal,130.0,80.0,81,post_swap,GCAMP7,90,2
82,3,GCAMP7_3_82,False,370,320,swap_distal,130.0,80.0,82,post_swap,GCAMP7,90,2
83,3,GCAMP7_3_83,False,370,320,swap_distal,130.0,80.0,83,post_swap,GCAMP7,74,3
84,3,GCAMP7_3_84,False,370,320,swap_distal,130.0,80.0,84,post_swap,GCAMP7,98,2
85,3,GCAMP7_3_85,False,370,320,swap_distal,130.0,80.0,85,post_swap,GCAMP7,37,2
86,3,GCAMP7_3_86,False,370,320,swap_distal,130.0,80.0,86,post_swap,GCAMP7,2,2
87,3,GCAMP7_3_87,True,370,320,swap_distal,130.0,80.0,87,post_swap,GCAMP7,79,6
88,3,GCAMP7_3_88,False,370,320,swap_distal,130.0,80.0,88,post_swap,GCAMP7,67,10
89,3,GCAMP7_3_89,False,370,320,swap_distal,130.0,80.0,89,post_swap,GCAMP7,99,2
90,3,GCAMP7_3_90,False,370,320,swap_distal,130.0,80.0,90,post_swap,GCAMP7,21,2
91,3,GCAMP7_3_91,False,370,320,swap_distal,130.0,80.0,91,post_swap,GCAMP7,36,1
92,3,GCAMP7_3_92,False,370,320,swap_distal,130.0,80.0,92,post_swap,GCAMP7,41,2
93,3,GCAMP7_3_93,False,370,320,swap_distal,130.0,80.0,93,post_swap,GCAMP7,41,2
94,3,GCAMP7_3_94,True,370,320,swap_distal,130.0,80.0,94,post_swap,GCAMP7,3,0
95,3,GCAMP7_3_95,True,370,320,swap_distal,130.0,80.0,95,post_swap,GCAMP7,78,6
96,3,GCAMP7_3_96,False,370,320,swap_distal,130.0,80.0,96,post_swap,GCAMP7,65,1
97,3,GCAMP7_3_97,False,370,320,swap_distal,130.0,80.0,97,post_swap,GCAMP7,1,2
98,3,GCAMP7_3_98,False,370,320,swap_distal,130.0,80.0,98,post_swap,GCAMP7,88,2
99,3,GCAMP7_3_99,False,370,320,swap_distal,130.0,80.0,99,post_swap,GCAMP7,-1,2
0,5,GCAMP7_5_0,False,370,320,swap_proximal,250.0,200.0,0,pre_swap,GCAMP7,67,10
1,5,GCAMP7_5_1,False,370,320,swap_proximal,250.0,200.0,1,pre_swap,GCAMP7,36,1
2,5,GCAMP7_5_2,False,370,320,swap_proximal,250.0,200.0,2,pre_swap,GCAMP7,36,1
3,5,GCAMP7_5_3,False,370,320,swap_proximal,250.0,200.0,3,pre_swap,GCAMP7,65,1
4,5,GCAMP7_5_4,False,370,320,swap_proximal,250.0,200.0,4,pre_swap,GCAMP7,65,1
5,5,GCAMP7_5_5,False,370,320,swap_proximal,250.0,200.0,5,pre_swap,GCAMP7,65,1
6,5,GCAMP7_5_6,False,370,320,swap_proximal,250.0,200.0,6,pre_swap,GCAMP7,24,2
7,5,GCAMP7_5_7,False,370,320,swap_proximal,250.0,200.0,7,pre_swap,GCAMP7,2,2
8,5,GCAMP7_5_8,False,370,320,swap_proximal,250.0,200.0,8,pre_swap,GCAMP7,65,1
9,5,GCAMP7_5_9,False,370,320,swap_proximal,250.0,200.0,9,pre_swap,GCAMP7,36,1
10,5,GCAMP7_5_10,False,370,320,swap_proximal,250.0,200.0,10,pre_swap,GCAMP7,65,1
11,5,GCAMP7_5_11,False,370,320,swap_proximal,250.0,200.0,11,pre_swap,GCAMP7,97,2
12,5,GCAMP7_5_12,False,370,320,swap_proximal,250.0,200.0,12,pre_swap,GCAMP7,95,2
13,5,GCAMP7_5_13,True,370,320,swap_proximal,250.0,200.0,13,pre_swap,GCAMP7,15,6
14,5,GCAMP7_5_14,False,370,320,swap_proximal,250.0,200.0,14,pre_swap,GCAMP7,67,1
15,5,GCAMP7_5_15,False,370,320,swap_proximal,250.0,200.0,15,pre_swap,GCAMP7,65,1
16,5,GCAMP7_5_16,False,370,320,swap_proximal,250.0,200.0,16,pre_swap,GCAMP7,64,1
17,5,GCAMP7_5_17,False,370,320,swap_proximal,250.0,200.0,17,pre_swap,GCAMP7,41,2
18,5,GCAMP7_5_18,False,370,320,swap_proximal,250.0,200.0,18,pre_swap,GCAMP7,21,2
19,5,GCAMP7_5_19,False,370,320,swap_proximal,250.0,200.0,19,pre_swap,GCAMP7,65,1
20,5,GCAMP7_5_20,True,370,320,swap_proximal,250.0,200.0,20,pre_swap,GCAMP7,79,6
21,5,GCAMP7_5_21,False,370,320,swap_proximal,250.0,200.0,21,pre_swap,GCAMP7,21,2
22,5,GCAMP7_5_22,False,370,320,swap_proximal,250.0,200.0,22,pre_swap,GCAMP7,73,2
23,5,GCAMP7_5_23,False,370,320,swap_proximal,250.0,200.0,23,pre_swap,GCAMP7,65,1
24,5,GCAMP7_5_24,False,370,320,swap_proximal,250.0,200.0,24,pre_swap,GCAMP7,64,1
25,5,GCAMP7_5_25,False,370,320,swap_proximal,250.0,200.0,25,pre_swap,GCAMP7,1,2
26,5,GCAMP7_5_26,False,370,320,swap_proximal,250.0,200.0,26,pre_swap,GCAMP7,96,2
27,5,GCAMP7_5_27,False,370,320,swap_proximal,250.0,200.0,27,pre_swap,GCAMP7,91,2
28,5,GCAMP7_5_28,False,370,320,swap_proximal,250.0,200.0,28,pre_swap,GCAMP7,-1,2
29,5,GCAMP7_5_29,False,370,320,swap_proximal,250.0,200.0,29,pre_swap,GCAMP7,36,1
30,5,GCAMP7_5_30,False,250,200,swap_proximal,370.0,320.0,30,post_swap,GCAMP7,78,6
31,5,GCAMP7_5_31,False,250,200,swap_proximal,370.0,320.0,31,post_swap,GCAMP7,85,10
32,5,GCAMP7_5_32,False,250,200,swap_proximal,370.0,320.0,32,post_swap,GCAMP7,78,10
33,5,GCAMP7_5_33,False,250,200,swap_proximal,370.0,320.0,33,post_swap,GCAMP7,86,10
34,5,GCAMP7_5_34,False,250,200,swap_proximal,370.0,320.0,34,post_swap,GCAMP7,79,6
35,5,GCAMP7_5_35,False,250,200,swap_proximal,370.0,320.0,35,post_swap,GCAMP7,78,6
36,5,GCAMP7_5_36,False,250,200,swap_proximal,370.0,320.0,36,post_swap,GCAMP7,86,10
37,5,GCAMP7_5_37,False,250,200,swap_proximal,370.0,320.0,37,post_swap,GCAMP7,79,6
38,5,GCAMP7_5_38,False,250,200,swap_proximal,370.0,320.0,38,post_swap,GCAMP7,85,10
39,5,GCAMP7_5_39,False,250,200,swap_proximal,370.0,320.0,39,post_swap,GCAMP7,52,10
40,5,GCAMP7_5_40,True,250,200,swap_proximal,370.0,320.0,40,post_swap,GCAMP7,60,6
41,5,GCAMP7_5_41,False,250,200,swap_proximal,370.0,320.0,41,post_swap,GCAMP7,85,10
42,5,GCAMP7_5_42,False,250,200,swap_proximal,370.0,320.0,42,post_swap,GCAMP7,52,5
43,5,GCAMP7_5_43,True,250,200,swap_proximal,370.0,320.0,43,post_swap,GCAMP7,79,6
44,5,GCAMP7_5_44,False,250,200,swap_proximal,370.0,320.0,44,post_swap,GCAMP7,85,10
45,5,GCAMP7_5_45,False,250,200,swap_proximal,370.0,320.0,45,post_swap,GCAMP7,9,4
46,5,GCAMP7_5_46,False,250,200,swap_proximal,370.0,320.0,46,post_swap,GCAMP7,52,5
47,5,GCAMP7_5_47,False,250,200,swap_proximal,370.0,320.0,47,post_swap,GCAMP7,60,6
48,5,GCAMP7_5_48,False,250,200,swap_proximal,370.0,320.0,48,post_swap,GCAMP7,52,5
49,5,GCAMP7_5_49,False,250,200,swap_proximal,370.0,320.0,49,post_swap,GCAMP7,-1,6
50,5,GCAMP7_5_50,False,250,200,swap_proximal,370.0,320.0,50,post_swap,GCAMP7,85,10
51,5,GCAMP7_5_51,False,250,200,swap_proximal,370.0,320.0,51,post_swap,GCAMP7,85,10
52,5,GCAMP7_5_52,False,250,200,swap_proximal,370.0,320.0,52,post_swap,GCAMP7,83,10
53,5,GCAMP7_5_53,False,250,200,swap_proximal,370.0,320.0,53,post_swap,GCAMP7,86,10
54,5,GCAMP7_5_54,False,250,200,swap_proximal,370.0,320.0,54,post_swap,GCAMP7,85,10
55,5,GCAMP7_5_55,False,250,200,swap_proximal,370.0,320.0,55,post_swap,GCAMP7,85,10
56,5,GCAMP7_5_56,False,250,200,swap_proximal,370.0,320.0,56,post_swap,GCAMP7,86,10
57,5,GCAMP7_5_57,True,250,200,swap_proximal,370.0,320.0,57,post_swap,GCAMP7,86,10
58,5,GCAMP7_5_58,False,250,200,swap_proximal,370.0,320.0,58,post_swap,GCAMP7,85,10
59,5,GCAMP7_5_59,True,250,200,swap_proximal,370.0,320.0,59,post_swap,GCAMP7,78,10
60,5,GCAMP7_5_60,False,250,200,swap_proximal,370.0,320.0,60,post_swap,GCAMP7,85,10
61,5,GCAMP7_5_61,False,250,200,swap_proximal,370.0,320.0,61,post_swap,GCAMP7,85,10
62,5,GCAMP7_5_62,True,250,200,swap_proximal,370.0,320.0,62,post_swap,GCAMP7,86,10
63,5,GCAMP7_5_63,False,250,200,swap_proximal,370.0,320.0,63,post_swap,GCAMP7,52,5
64,5,GCAMP7_5_64,False,250,200,swap_proximal,370.0,320.0,64,post_swap,GCAMP7,52,5
65,5,GCAMP7_5_65,False,250,200,swap_proximal,370.0,320.0,65,post_swap,GCAMP7,4,1
66,5,GCAMP7_5_66,False,250,200,swap_proximal,370.0,320.0,66,post_swap,GCAMP7,-1,6
67,5,GCAMP7_5_67,False,250,200,swap_proximal,370.0,320.0,67,post_swap,GCAMP7,52,5
68,5,GCAMP7_5_68,False,250,200,swap_proximal,370.0,320.0,68,post_swap,GCAMP7,53,10
69,5,GCAMP7_5_69,False,250,200,swap_proximal,370.0,320.0,69,post_swap,GCAMP7,78,6
70,5,GCAMP7_5_70,False,250,200,swap_proximal,370.0,320.0,70,post_swap,GCAMP7,85,10
71,5,GCAMP7_5_71,False,250,200,swap_proximal,370.0,320.0,71,post_swap,GCAMP7,83,5
72,5,GCAMP7_5_72,True,250,200,swap_proximal,370.0,320.0,72,post_swap,GCAMP7,78,10
73,5,GCAMP7_5_73,False,250,200,swap_proximal,370.0,320.0,73,post_swap,GCAMP7,85,10
74,5,GCAMP7_5_74,False,250,200,swap_proximal,370.0,320.0,74,post_swap,GCAMP7,78,10
75,5,GCAMP7_5_75,False,250,200,swap_proximal,370.0,320.0,75,post_swap,GCAMP7,83,5
76,5,GCAMP7_5_76,False,250,200,swap_proximal,370.0,320.0,76,post_swap,GCAMP7,83,10
77,5,GCAMP7_5_77,True,250,200,swap_proximal,370.0,320.0,77,post_swap,GCAMP7,86,10
78,5,GCAMP7_5_78,True,250,200,swap_proximal,370.0,320.0,78,post_swap,GCAMP7,86,10
79,5,GCAMP7_5_79,False,250,200,swap_proximal,370.0,320.0,79,post_swap,GCAMP7,83,10
0,7,GCAMP7_7_0,True,250,200,swap_proximal,130.0,80.0,0,pre_swap,GCAMP7,86,10
1,7,GCAMP7_7_1,False,250,200,swap_proximal,130.0,80.0,1,pre_swap,GCAMP7,17,5
2,7,GCAMP7_7_2,False,250,200,swap_proximal,130.0,80.0,2,pre_swap,GCAMP7,52,5
3,7,GCAMP7_7_3,False,250,200,swap_proximal,130.0,80.0,3,pre_swap,GCAMP7,52,5
4,7,GCAMP7_7_4,False,250,200,swap_proximal,130.0,80.0,4,pre_swap,GCAMP7,83,9
5,7,GCAMP7_7_5,False,250,200,swap_proximal,130.0,80.0,5,pre_swap,GCAMP7,51,5
6,7,GCAMP7_7_6,False,250,200,swap_proximal,130.0,80.0,6,pre_swap,GCAMP7,83,5
7,7,GCAMP7_7_7,False,250,200,swap_proximal,130.0,80.0,7,pre_swap,GCAMP7,51,5
8,7,GCAMP7_7_8,False,250,200,swap_proximal,130.0,80.0,8,pre_swap,GCAMP7,52,5
9,7,GCAMP7_7_9,False,250,200,swap_proximal,130.0,80.0,9,pre_swap,GCAMP7,82,5
10,7,GCAMP7_7_10,False,250,200,swap_proximal,130.0,80.0,10,pre_swap,GCAMP7,83,9
11,7,GCAMP7_7_11,False,250,200,swap_proximal,130.0,80.0,11,pre_swap,GCAMP7,17,5
12,7,GCAMP7_7_12,False,250,200,swap_proximal,130.0,80.0,12,pre_swap,GCAMP7,52,5
13,7,GCAMP7_7_13,False,250,200,swap_proximal,130.0,80.0,13,pre_swap,GCAMP7,4,5
14,7,GCAMP7_7_14,False,250,200,swap_proximal,130.0,80.0,14,pre_swap,GCAMP7,83,5
15,7,GCAMP7_7_15,False,250,200,swap_proximal,130.0,80.0,15,pre_swap,GCAMP7,17,5
16,7,GCAMP7_7_16,False,250,200,swap_proximal,130.0,80.0,16,pre_swap,GCAMP7,52,5
17,7,GCAMP7_7_17,False,250,200,swap_proximal,130.0,80.0,17,pre_swap,GCAMP7,82,5
18,7,GCAMP7_7_18,False,250,200,swap_proximal,130.0,80.0,18,pre_swap,GCAMP7,52,5
19,7,GCAMP7_7_19,True,250,200,swap_proximal,130.0,80.0,19,pre_swap,GCAMP7,86,10
20,7,GCAMP7_7_20,False,250,200,swap_proximal,130.0,80.0,20,pre_swap,GCAMP7,53,1
21,7,GCAMP7_7_21,False,250,200,swap_proximal,130.0,80.0,21,pre_swap,GCAMP7,83,9
22,7,GCAMP7_7_22,True,250,200,swap_proximal,130.0,80.0,22,pre_swap,GCAMP7,78,6
23,7,GCAMP7_7_23,True,250,200,swap_proximal,130.0,80.0,23,pre_swap,GCAMP7,78,6
24,7,GCAMP7_7_24,False,250,200,swap_proximal,130.0,80.0,24,pre_swap,GCAMP7,52,5
25,7,GCAMP7_7_25,True,250,200,swap_proximal,130.0,80.0,25,pre_swap,GCAMP7,78,6
26,7,GCAMP7_7_26,False,250,200,swap_proximal,130.0,80.0,26,pre_swap,GCAMP7,4,4
27,7,GCAMP7_7_27,False,250,200,swap_proximal,130.0,80.0,27,pre_swap,GCAMP7,52,5
28,7,GCAMP7_7_28,False,250,200,swap_proximal,130.0,80.0,28,pre_swap,GCAMP7,52,5
29,7,GCAMP7_7_29,False,250,200,swap_proximal,130.0,80.0,29,pre_swap,GCAMP7,52,5
30,7,GCAMP7_7_30,False,130,80,swap_proximal,250.0,200.0,30,post_swap,GCAMP7,79,6
31,7,GCAMP7_7_31,False,130,80,swap_proximal,250.0,200.0,31,post_swap,GCAMP7,48,8
32,7,GCAMP7_7_32,False,130,80,swap_proximal,250.0,200.0,32,post_swap,GCAMP7,48,8
33,7,GCAMP7_7_33,False,130,80,swap_proximal,250.0,200.0,33,post_swap,GCAMP7,40,7
34,7,GCAMP7_7_34,False,130,80,swap_proximal,250.0,200.0,34,post_swap,GCAMP7,72,7
35,7,GCAMP7_7_35,False,130,80,swap_proximal,250.0,200.0,35,post_swap,GCAMP7,39,7
36,7,GCAMP7_7_36,False,130,80,swap_proximal,250.0,200.0,36,post_swap,GCAMP7,72,8
37,7,GCAMP7_7_37,False,130,80,swap_proximal,250.0,200.0,37,post_swap,GCAMP7,48,8
38,7,GCAMP7_7_38,False,130,80,swap_proximal,250.0,200.0,38,post_swap,GCAMP7,48,8
39,7,GCAMP7_7_39,False,130,80,swap_proximal,250.0,200.0,39,post_swap,GCAMP7,48,8
40,7,GCAMP7_7_40,False,130,80,swap_proximal,250.0,200.0,40,post_swap,GCAMP7,48,8
41,7,GCAMP7_7_41,False,130,80,swap_proximal,250.0,200.0,41,post_swap,GCAMP7,86,10
42,7,GCAMP7_7_42,False,130,80,swap_proximal,250.0,200.0,42,post_swap,GCAMP7,48,8
43,7,GCAMP7_7_43,False,130,80,swap_proximal,250.0,200.0,43,post_swap,GCAMP7,86,10
44,7,GCAMP7_7_44,False,130,80,swap_proximal,250.0,200.0,44,post_swap,GCAMP7,86,10
45,7,GCAMP7_7_45,False,130,80,swap_proximal,250.0,200.0,45,post_swap,GCAMP7,48,10
46,7,GCAMP7_7_46,False,130,80,swap_proximal,250.0,200.0,46,post_swap,GCAMP7,48,8
47,7,GCAMP7_7_47,False,130,80,swap_proximal,250.0,200.0,47,post_swap,GCAMP7,48,8
48,7,GCAMP7_7_48,False,130,80,swap_proximal,250.0,200.0,48,post_swap,GCAMP7,48,8
49,7,GCAMP7_7_49,False,130,80,swap_proximal,250.0,200.0,49,post_swap,GCAMP7,48,8
50,7,GCAMP7_7_50,False,130,80,swap_proximal,250.0,200.0,50,post_swap,GCAMP7,71,8
51,7,GCAMP7_7_51,True,130,80,swap_proximal,250.0,200.0,51,post_swap,GCAMP7,67,10
52,7,GCAMP7_7_52,False,130,80,swap_proximal,250.0,200.0,52,post_swap,GCAMP7,48,8
53,7,GCAMP7_7_53,True,130,80,swap_proximal,250.0,200.0,53,post_swap,GCAMP7,53,10
54,7,GCAMP7_7_54,False,130,80,swap_proximal,250.0,200.0,54,post_swap,GCAMP7,48,8
55,7,GCAMP7_7_55,False,130,80,swap_proximal,250.0,200.0,55,post_swap,GCAMP7,40,8
56,7,GCAMP7_7_56,False,130,80,swap_proximal,250.0,200.0,56,post_swap,GCAMP7,48,8
57,7,GCAMP7_7_57,False,130,80,swap_proximal,250.0,200.0,57,post_swap,GCAMP7,72,8
58,7,GCAMP7_7_58,False,130,80,swap_proximal,250.0,200.0,58,post_swap,GCAMP7,40,7
59,7,GCAMP7_7_59,False,130,80,swap_proximal,250.0,200.0,59,post_swap,GCAMP7,40,9
60,7,GCAMP7_7_60,False,130,80,swap_proximal,250.0,200.0,60,post_swap,GCAMP7,48,8
61,7,GCAMP7_7_61,False,130,80,swap_proximal,250.0,200.0,61,post_swap,GCAMP7,47,8
62,7,GCAMP7_7_62,True,130,80,swap_proximal,250.0,200.0,62,post_swap,GCAMP7,83,9
63,7,GCAMP7_7_63,True,130,80,swap_proximal,250.0,200.0,63,post_swap,GCAMP7,53,10
64,7,GCAMP7_7_64,True,130,80,swap_proximal,250.0,200.0,64,post_swap,GCAMP7,83,9
65,7,GCAMP7_7_65,False,130,80,swap_proximal,250.0,200.0,65,post_swap,GCAMP7,72,8
66,7,GCAMP7_7_66,False,130,80,swap_proximal,250.0,200.0,66,post_swap,GCAMP7,48,8
67,7,GCAMP7_7_67,False,130,80,swap_proximal,250.0,200.0,67,post_swap,GCAMP7,72,7
68,7,GCAMP7_7_68,True,130,80,swap_proximal,250.0,200.0,68,post_swap,GCAMP7,83,9
69,7,GCAMP7_7_69,False,130,80,swap_proximal,250.0,200.0,69,post_swap,GCAMP7,40,8
70,7,GCAMP7_7_70,False,130,80,swap_proximal,250.0,200.0,70,post_swap,GCAMP7,72,7
71,7,GCAMP7_7_71,False,130,80,swap_proximal,250.0,200.0,71,post_swap,GCAMP7,48,8
72,7,GCAMP7_7_72,False,130,80,swap_proximal,250.0,200.0,72,post_swap,GCAMP7,71,7
73,7,GCAMP7_7_73,False,130,80,swap_proximal,250.0,200.0,73,post_swap,GCAMP7,40,7
74,7,GCAMP7_7_74,True,130,80,swap_proximal,250.0,200.0,74,post_swap,GCAMP7,67,10
75,7,GCAMP7_7_75,False,130,80,swap_proximal,250.0,200.0,75,post_swap,GCAMP7,71,7
76,7,GCAMP7_7_76,False,130,80,swap_proximal,250.0,200.0,76,post_swap,GCAMP7,-1,8
77,7,GCAMP7_7_77,False,130,80,swap_proximal,250.0,200.0,77,post_swap,GCAMP7,40,9
78,7,GCAMP7_7_78,False,130,80,swap_proximal,250.0,200.0,78,post_swap,GCAMP7,40,9
79,7,GCAMP7_7_79,False,130,80,swap_proximal,250.0,200.0,79,post_swap,GCAMP7,40,9
80,7,GCAMP7_7_80,False,130,80,swap_proximal,250.0,200.0,80,post_swap,GCAMP7,48,8
81,7,GCAMP7_7_81,False,130,80,swap_proximal,250.0,200.0,81,post_swap,GCAMP7,47,8
82,7,GCAMP7_7_82,False,130,80,swap_proximal,250.0,200.0,82,post_swap,GCAMP7,48,10
83,7,GCAMP7_7_83,False,130,80,swap_proximal,250.0,200.0,83,post_swap,GCAMP7,86,10
84,7,GCAMP7_7_84,True,130,80,swap_proximal,250.0,200.0,84,post_swap,GCAMP7,86,10
85,7,GCAMP7_7_85,False,130,80,swap_proximal,250.0,200.0,85,post_swap,GCAMP7,48,8
86,7,GCAMP7_7_86,False,130,80,swap_proximal,250.0,200.0,86,post_swap,GCAMP7,47,8
87,7,GCAMP7_7_87,False,130,80,swap_proximal,250.0,200.0,87,post_swap,GCAMP7,48,8
88,7,GCAMP7_7_88,False,130,80,swap_proximal,250.0,200.0,88,post_swap,GCAMP7,47,10
89,7,GCAMP7_7_89,False,130,80,swap_proximal,250.0,200.0,89,post_swap,GCAMP7,-1,8
90,7,GCAMP7_7_90,False,130,80,swap_proximal,250.0,200.0,90,post_swap,GCAMP7,40,7
91,7,GCAMP7_7_91,False,130,80,swap_proximal,250.0,200.0,91,post_swap,GCAMP7,72,8
92,7,GCAMP7_7_92,False,130,80,swap_proximal,250.0,200.0,92,post_swap,GCAMP7,72,8
93,7,GCAMP7_7_93,True,130,80,swap_proximal,250.0,200.0,93,post_swap,GCAMP7,53,9
94,7,GCAMP7_7_94,False,130,80,swap_proximal,250.0,200.0,94,post_swap,GCAMP7,40,7
95,7,GCAMP7_7_95,False,130,80,swap_proximal,250.0,200.0,95,post_swap,GCAMP7,72,7
96,7,GCAMP7_7_96,False,130,80,swap_proximal,250.0,200.0,96,post_swap,GCAMP7,40,7
97,7,GCAMP7_7_97,False,130,80,swap_proximal,250.0,200.0,97,post_swap,GCAMP7,39,3
98,7,GCAMP7_7_98,False,130,80,swap_proximal,250.0,200.0,98,post_swap,GCAMP7,40,7
99,7,GCAMP7_7_99,False,130,80,swap_proximal,250.0,200.0,99,post_swap,GCAMP7,40,9
0,8,GCAMP7_8_0,False,130,80,swap_distal,250.0,200.0,0,pre_swap,GCAMP7,83,5
1,8,GCAMP7_8_1,False,130,80,swap_distal,250.0,200.0,1,pre_swap,GCAMP7,40,7
2,8,GCAMP7_8_2,False,130,80,swap_distal,250.0,200.0,2,pre_swap,GCAMP7,39,3
3,8,GCAMP7_8_3,False,130,80,swap_distal,250.0,200.0,3,pre_swap,GCAMP7,40,7
4,8,GCAMP7_8_4,False,130,80,swap_distal,250.0,200.0,4,pre_swap,GCAMP7,27,3
5,8,GCAMP7_8_5,False,130,80,swap_distal,250.0,200.0,5,pre_swap,GCAMP7,40,7
6,8,GCAMP7_8_6,False,130,80,swap_distal,250.0,200.0,6,pre_swap,GCAMP7,40,7
7,8,GCAMP7_8_7,False,130,80,swap_distal,250.0,200.0,7,pre_swap,GCAMP7,40,7
8,8,GCAMP7_8_8,False,130,80,swap_distal,250.0,200.0,8,pre_swap,GCAMP7,40,7
9,8,GCAMP7_8_9,True,130,80,swap_distal,250.0,200.0,9,pre_swap,GCAMP7,53,10
10,8,GCAMP7_8_10,False,130,80,swap_distal,250.0,200.0,10,pre_swap,GCAMP7,48,8
11,8,GCAMP7_8_11,False,130,80,swap_distal,250.0,200.0,11,pre_swap,GCAMP7,40,3
12,8,GCAMP7_8_12,False,130,80,swap_distal,250.0,200.0,12,pre_swap,GCAMP7,40,7
13,8,GCAMP7_8_13,False,130,80,swap_distal,250.0,200.0,13,pre_swap,GCAMP7,40,7
14,8,GCAMP7_8_14,False,130,80,swap_distal,250.0,200.0,14,pre_swap,GCAMP7,40,9
15,8,GCAMP7_8_15,False,130,80,swap_distal,250.0,200.0,15,pre_swap,GCAMP7,40,7
16,8,GCAMP7_8_16,False,130,80,swap_distal,250.0,200.0,16,pre_swap,GCAMP7,40,8
17,8,GCAMP7_8_17,False,130,80,swap_distal,250.0,200.0,17,pre_swap,GCAMP7,40,7
18,8,GCAMP7_8_18,False,130,80,swap_distal,250.0,200.0,18,pre_swap,GCAMP7,31,9
19,8,GCAMP7_8_19,False,130,80,swap_distal,250.0,200.0,19,pre_swap,GCAMP7,40,9
20,8,GCAMP7_8_20,True,130,80,swap_distal,250.0,200.0,20,pre_swap,GCAMP7,53,9
21,8,GCAMP7_8_21,False,130,80,swap_distal,250.0,200.0,21,pre_swap,GCAMP7,71,7
22,8,GCAMP7_8_22,False,130,80,swap_distal,250.0,200.0,22,pre_swap,GCAMP7,40,7
23,8,GCAMP7_8_23,False,130,80,swap_distal,250.0,200.0,23,pre_swap,GCAMP7,72,8
24,8,GCAMP7_8_24,False,130,80,swap_distal,250.0,200.0,24,pre_swap,GCAMP7,86,10
25,8,GCAMP7_8_25,False,130,80,swap_distal,250.0,200.0,25,pre_swap,GCAMP7,40,7
26,8,GCAMP7_8_26,False,130,80,swap_distal,250.0,200.0,26,pre_swap,GCAMP7,40,9
27,8,GCAMP7_8_27,False,130,80,swap_distal,250.0,200.0,27,pre_swap,GCAMP7,40,7
28,8,GCAMP7_8_28,False,130,80,swap_distal,250.0,200.0,28,pre_swap,GCAMP7,40,8
29,8,GCAMP7_8_29,False,130,80,swap_distal,250.0,200.0,29,pre_swap,GCAMP7,40,7
30,8,GCAMP7_8_30,False,250,200,swap_distal,130.0,80.0,30,post_swap,GCAMP7,85,10
31,8,GCAMP7_8_31,False,250,200,swap_distal,130.0,80.0,31,post_swap,GCAMP7,83,9
32,8,GCAMP7_8_32,False,250,200,swap_distal,130.0,80.0,32,post_swap,GCAMP7,83,9
33,8,GCAMP7_8_33,False,250,200,swap_distal,130.0,80.0,33,post_swap,GCAMP7,83,5
34,8,GCAMP7_8_34,False,250,200,swap_distal,130.0,80.0,34,post_swap,GCAMP7,83,9
35,8,GCAMP7_8_35,False,250,200,swap_distal,130.0,80.0,35,post_swap,GCAMP7,83,9
36,8,GCAMP7_8_36,False,250,200,swap_distal,130.0,80.0,36,post_swap,GCAMP7,83,5
37,8,GCAMP7_8_37,False,250,200,swap_distal,130.0,80.0,37,post_swap,GCAMP7,83,9
38,8,GCAMP7_8_38,False,250,200,swap_distal,130.0,80.0,38,post_swap,GCAMP7,52,5
39,8,GCAMP7_8_39,False,250,200,swap_distal,130.0,80.0,39,post_swap,GCAMP7,83,5
40,8,GCAMP7_8_40,True,250,200,swap_distal,130.0,80.0,40,post_swap,GCAMP7,67,10
41,8,GCAMP7_8_41,False,250,200,swap_distal,130.0,80.0,41,post_swap,GCAMP7,83,5
42,8,GCAMP7_8_42,False,250,200,swap_distal,130.0,80.0,42,post_swap,GCAMP7,83,9
43,8,GCAMP7_8_43,False,250,200,swap_distal,130.0,80.0,43,post_swap,GCAMP7,83,5
44,8,GCAMP7_8_44,False,250,200,swap_distal,130.0,80.0,44,post_swap,GCAMP7,82,5
45,8,GCAMP7_8_45,False,250,200,swap_distal,130.0,80.0,45,post_swap,GCAMP7,52,5
46,8,GCAMP7_8_46,False,250,200,swap_distal,130.0,80.0,46,post_swap,GCAMP7,82,5
47,8,GCAMP7_8_47,False,250,200,swap_distal,130.0,80.0,47,post_swap,GCAMP7,4,5
48,8,GCAMP7_8_48,False,250,200,swap_distal,130.0,80.0,48,post_swap,GCAMP7,52,5
49,8,GCAMP7_8_49,False,250,200,swap_distal,130.0,80.0,49,post_swap,GCAMP7,52,5
50,8,GCAMP7_8_50,False,250,200,swap_distal,130.0,80.0,50,post_swap,GCAMP7,52,5
51,8,GCAMP7_8_51,False,250,200,swap_distal,130.0,80.0,51,post_swap,GCAMP7,52,5
52,8,GCAMP7_8_52,False,250,200,swap_distal,130.0,80.0,52,post_swap,GCAMP7,17,5
53,8,GCAMP7_8_53,False,250,200,swap_distal,130.0,80.0,53,post_swap,GCAMP7,52,5
54,8,GCAMP7_8_54,False,250,200,swap_distal,130.0,80.0,54,post_swap,GCAMP7,17,5
55,8,GCAMP7_8_55,False,250,200,swap_distal,130.0,80.0,55,post_swap,GCAMP7,83,9
56,8,GCAMP7_8_56,False,250,200,swap_distal,130.0,80.0,56,post_swap,GCAMP7,82,5
57,8,GCAMP7_8_57,False,250,200,swap_distal,130.0,80.0,57,post_swap,GCAMP7,82,5
58,8,GCAMP7_8_58,False,250,200,swap_distal,130.0,80.0,58,post_swap,GCAMP7,82,5
59,8,GCAMP7_8_59,False,250,200,swap_distal,130.0,80.0,59,post_swap,GCAMP7,83,5
60,8,GCAMP7_8_60,False,250,200,swap_distal,130.0,80.0,60,post_swap,GCAMP7,51,5
61,8,GCAMP7_8_61,False,250,200,swap_distal,130.0,80.0,61,post_swap,GCAMP7,83,9
62,8,GCAMP7_8_62,False,250,200,swap_distal,130.0,80.0,62,post_swap,GCAMP7,51,5
63,8,GCAMP7_8_63,False,250,200,swap_distal,130.0,80.0,63,post_swap,GCAMP7,51,5
64,8,GCAMP7_8_64,True,250,200,swap_distal,130.0,80.0,64,post_swap,GCAMP7,86,10
65,8,GCAMP7_8_65,False,250,200,swap_distal,130.0,80.0,65,post_swap,GCAMP7,52,5
66,8,GCAMP7_8_66,False,250,200,swap_distal,130.0,80.0,66,post_swap,GCAMP7,51,5
67,8,GCAMP7_8_67,False,250,200,swap_distal,130.0,80.0,67,post_swap,GCAMP7,83,9
68,8,GCAMP7_8_68,False,250,200,swap_distal,130.0,80.0,68,post_swap,GCAMP7,17,5
69,8,GCAMP7_8_69,False,250,200,swap_distal,130.0,80.0,69,post_swap,GCAMP7,52,5
70,8,GCAMP7_8_70,False,250,200,swap_distal,130.0,80.0,70,post_swap,GCAMP7,52,5
71,8,GCAMP7_8_71,False,250,200,swap_distal,130.0,80.0,71,post_swap,GCAMP7,52,5
72,8,GCAMP7_8_72,False,250,200,swap_distal,130.0,80.0,72,post_swap,GCAMP7,52,5
73,8,GCAMP7_8_73,False,250,200,swap_distal,130.0,80.0,73,post_swap,GCAMP7,52,5
74,8,GCAMP7_8_74,True,250,200,swap_distal,130.0,80.0,74,post_swap,GCAMP7,65,6
75,8,GCAMP7_8_75,False,250,200,swap_distal,130.0,80.0,75,post_swap,GCAMP7,52,5
76,8,GCAMP7_8_76,False,250,200,swap_distal,130.0,80.0,76,post_swap,GCAMP7,4,5
77,8,GCAMP7_8_77,False,250,200,swap_distal,130.0,80.0,77,post_swap,GCAMP7,52,5
78,8,GCAMP7_8_78,False,250,200,swap_distal,130.0,80.0,78,post_swap,GCAMP7,52,5
79,8,GCAMP7_8_79,False,250,200,swap_distal,130.0,80.0,79,post_swap,GCAMP7,4,5
80,8,GCAMP7_8_80,False,250,200,swap_distal,130.0,80.0,80,post_swap,GCAMP7,82,5
81,8,GCAMP7_8_81,False,250,200,swap_distal,130.0,80.0,81,post_swap,GCAMP7,4,4
82,8,GCAMP7_8_82,False,250,200,swap_distal,130.0,80.0,82,post_swap,GCAMP7,17,5
83,8,GCAMP7_8_83,False,250,200,swap_distal,130.0,80.0,83,post_swap,GCAMP7,4,5
84,8,GCAMP7_8_84,False,250,200,swap_distal,130.0,80.0,84,post_swap,GCAMP7,17,5
85,8,GCAMP7_8_85,False,250,200,swap_distal,130.0,80.0,85,post_swap,GCAMP7,52,5
86,8,GCAMP7_8_86,False,250,200,swap_distal,130.0,80.0,86,post_swap,GCAMP7,52,5
87,8,GCAMP7_8_87,False,250,200,swap_distal,130.0,80.0,87,post_swap,GCAMP7,17,5
88,8,GCAMP7_8_88,True,250,200,swap_distal,130.0,80.0,88,post_swap,GCAMP7,65,1
89,8,GCAMP7_8_89,False,250,200,swap_distal,130.0,80.0,89,post_swap,GCAMP7,52,5
90,8,GCAMP7_8_90,True,250,200,swap_distal,130.0,80.0,90,post_swap,GCAMP7,65,1
91,8,GCAMP7_8_91,False,250,200,swap_distal,130.0,80.0,91,post_swap,GCAMP7,52,5
92,8,GCAMP7_8_92,False,250,200,swap_distal,130.0,80.0,92,post_swap,GCAMP7,4,1
93,8,GCAMP7_8_93,False,250,200,swap_distal,130.0,80.0,93,post_swap,GCAMP7,9,1
94,8,GCAMP7_8_94,False,250,200,swap_distal,130.0,80.0,94,post_swap,GCAMP7,52,5
95,8,GCAMP7_8_95,False,250,200,swap_distal,130.0,80.0,95,post_swap,GCAMP7,4,5
96,8,GCAMP7_8_96,False,250,200,swap_distal,130.0,80.0,96,post_swap,GCAMP7,51,9
98,8,GCAMP7_8_98,False,250,200,swap_distal,130.0,80.0,98,post_swap,GCAMP7,83,9
99,8,GCAMP7_8_99,False,250,200,swap_distal,130.0,80.0,99,post_swap,GCAMP7,83,5
0,10,GCAMP7_10_0,False,250,200,swap_distal,370.0,320.0,0,pre_swap,GCAMP7,78,10
1,10,GCAMP7_10_1,False,250,200,swap_distal,370.0,320.0,1,pre_swap,GCAMP7,4,5
2,10,GCAMP7_10_2,False,250,200,swap_distal,370.0,320.0,2,pre_swap,GCAMP7,17,5
3,10,GCAMP7_10_3,False,250,200,swap_distal,370.0,320.0,3,pre_swap,GCAMP7,4,5
4,10,GCAMP7_10_4,False,250,200,swap_distal,370.0,320.0,4,pre_swap,GCAMP7,17,5
5,10,GCAMP7_10_5,False,250,200,swap_distal,370.0,320.0,5,pre_swap,GCAMP7,51,5
6,10,GCAMP7_10_6,False,250,200,swap_distal,370.0,320.0,6,pre_swap,GCAMP7,52,5
7,10,GCAMP7_10_7,False,250,200,swap_distal,370.0,320.0,7,pre_swap,GCAMP7,83,5
8,10,GCAMP7_10_8,False,250,200,swap_distal,370.0,320.0,8,pre_swap,GCAMP7,6,4
9,10,GCAMP7_10_9,False,250,200,swap_distal,370.0,320.0,9,pre_swap,GCAMP7,52,5
10,10,GCAMP7_10_10,False,250,200,swap_distal,370.0,320.0,10,pre_swap,GCAMP7,4,5
11,10,GCAMP7_10_11,False,250,200,swap_distal,370.0,320.0,11,pre_swap,GCAMP7,51,5
12,10,GCAMP7_10_12,False,250,200,swap_distal,370.0,320.0,12,pre_swap,GCAMP7,51,5
13,10,GCAMP7_10_13,True,250,200,swap_distal,370.0,320.0,13,pre_swap,GCAMP7,65,1
14,10,GCAMP7_10_14,True,250,200,swap_distal,370.0,320.0,14,pre_swap,GCAMP7,65,1
15,10,GCAMP7_10_15,False,250,200,swap_distal,370.0,320.0,15,pre_swap,GCAMP7,52,5
16,10,GCAMP7_10_16,True,250,200,swap_distal,370.0,320.0,16,pre_swap,GCAMP7,53,1
17,10,GCAMP7_10_17,False,250,200,swap_distal,370.0,320.0,17,pre_swap,GCAMP7,82,5
18,10,GCAMP7_10_18,False,250,200,swap_distal,370.0,320.0,18,pre_swap,GCAMP7,52,5
19,10,GCAMP7_10_19,False,250,200,swap_distal,370.0,320.0,19,pre_swap,GCAMP7,52,5
20,10,GCAMP7_10_20,False,250,200,swap_distal,370.0,320.0,20,pre_swap,GCAMP7,4,5
21,10,GCAMP7_10_21,False,250,200,swap_distal,370.0,320.0,21,pre_swap,GCAMP7,51,5
22,10,GCAMP7_10_22,True,250,200,swap_distal,370.0,320.0,22,pre_swap,GCAMP7,53,1
23,10,GCAMP7_10_23,False,250,200,swap_distal,370.0,320.0,23,pre_swap,GCAMP7,52,5
24,10,GCAMP7_10_24,False,250,200,swap_distal,370.0,320.0,24,pre_swap,GCAMP7,82,5
25,10,GCAMP7_10_25,True,250,200,swap_distal,370.0,320.0,25,pre_swap,GCAMP7,64,1
26,10,GCAMP7_10_26,False,250,200,swap_distal,370.0,320.0,26,pre_swap,GCAMP7,52,5
27,10,GCAMP7_10_27,False,250,200,swap_distal,370.0,320.0,27,pre_swap,GCAMP7,52,5
28,10,GCAMP7_10_28,True,250,200,swap_distal,370.0,320.0,28,pre_swap,GCAMP7,36,6
29,10,GCAMP7_10_29,True,250,200,swap_distal,370.0,320.0,29,pre_swap,GCAMP7,53,1
30,10,GCAMP7_10_30,False,370,320,swap_distal,250.0,200.0,30,post_swap,GCAMP7,36,1
31,10,GCAMP7_10_31,False,370,320,swap_distal,250.0,200.0,31,post_swap,GCAMP7,41,1
32,10,GCAMP7_10_32,True,370,320,swap_distal,250.0,200.0,32,post_swap,GCAMP7,79,6
33,10,GCAMP7_10_33,False,370,320,swap_distal,250.0,200.0,33,post_swap,GCAMP7,64,1
34,10,GCAMP7_10_34,False,370,320,swap_distal,250.0,200.0,34,post_swap,GCAMP7,94,2
35,10,GCAMP7_10_35,False,370,320,swap_distal,250.0,200.0,35,post_swap,GCAMP7,21,2
36,10,GCAMP7_10_36,False,370,320,swap_distal,250.0,200.0,36,post_swap,GCAMP7,1,2
37,10,GCAMP7_10_37,True,370,320,swap_distal,250.0,200.0,37,post_swap,GCAMP7,10,0
38,10,GCAMP7_10_38,True,370,320,swap_distal,250.0,200.0,38,post_swap,GCAMP7,78,6
39,10,GCAMP7_10_39,False,370,320,swap_distal,250.0,200.0,39,post_swap,GCAMP7,21,1
40,10,GCAMP7_10_40,False,370,320,swap_distal,250.0,200.0,40,post_swap,GCAMP7,1,2
41,10,GCAMP7_10_41,False,370,320,swap_distal,250.0,200.0,41,post_swap,GCAMP7,41,1
42,10,GCAMP7_10_42,False,370,320,swap_distal,250.0,200.0,42,post_swap,GCAMP7,1,2
43,10,GCAMP7_10_43,True,370,320,swap_distal,250.0,200.0,43,post_swap,GCAMP7,78,6
44,10,GCAMP7_10_44,False,370,320,swap_distal,250.0,200.0,44,post_swap,GCAMP7,64,1
45,10,GCAMP7_10_45,False,370,320,swap_distal,250.0,200.0,45,post_swap,GCAMP7,19,2
46,10,GCAMP7_10_46,False,370,320,swap_distal,250.0,200.0,46,post_swap,GCAMP7,41,1
47,10,GCAMP7_10_47,False,370,320,swap_distal,250.0,200.0,47,post_swap,GCAMP7,97,0
48,10,GCAMP7_10_48,False,370,320,swap_distal,250.0,200.0,48,post_swap,GCAMP7,36,1
49,10,GCAMP7_10_49,False,370,320,swap_distal,250.0,200.0,49,post_swap,GCAMP7,19,2
50,10,GCAMP7_10_50,False,370,320,swap_distal,250.0,200.0,50,post_swap,GCAMP7,41,1
51,10,GCAMP7_10_51,False,370,320,swap_distal,250.0,200.0,51,post_swap,GCAMP7,25,2
52,10,GCAMP7_10_52,True,370,320,swap_distal,250.0,200.0,52,post_swap,GCAMP7,10,0
53,10,GCAMP7_10_53,True,370,320,swap_distal,250.0,200.0,53,post_swap,GCAMP7,29,0
54,10,GCAMP7_10_54,False,370,320,swap_distal,250.0,200.0,54,post_swap,GCAMP7,19,2
55,10,GCAMP7_10_55,False,370,320,swap_distal,250.0,200.0,55,post_swap,GCAMP7,91,2
56,10,GCAMP7_10_56,False,370,320,swap_distal,250.0,200.0,56,post_swap,GCAMP7,41,1
57,10,GCAMP7_10_57,False,370,320,swap_distal,250.0,200.0,57,post_swap,GCAMP7,1,2
58,10,GCAMP7_10_58,True,370,320,swap_distal,250.0,200.0,58,post_swap,GCAMP7,10,0
59,10,GCAMP7_10_59,False,370,320,swap_distal,250.0,200.0,59,post_swap,GCAMP7,-1,2
60,10,GCAMP7_10_60,False,370,320,swap_distal,250.0,200.0,60,post_swap,GCAMP7,94,2
61,10,GCAMP7_10_61,False,370,320,swap_distal,250.0,200.0,61,post_swap,GCAMP7,94,2
62,10,GCAMP7_10_62,False,370,320,swap_distal,250.0,200.0,62,post_swap,GCAMP7,95,2
63,10,GCAMP7_10_63,False,370,320,swap_distal,250.0,200.0,63,post_swap,GCAMP7,94,2
64,10,GCAMP7_10_64,False,370,320,swap_distal,250.0,200.0,64,post_swap,GCAMP7,95,2
65,10,GCAMP7_10_65,False,370,320,swap_distal,250.0,200.0,65,post_swap,GCAMP7,19,2
66,10,GCAMP7_10_66,False,370,320,swap_distal,250.0,200.0,66,post_swap,GCAMP7,97,2
67,10,GCAMP7_10_67,False,370,320,swap_distal,250.0,200.0,67,post_swap,GCAMP7,21,2
68,10,GCAMP7_10_68,False,370,320,swap_distal,250.0,200.0,68,post_swap,GCAMP7,97,2
69,10,GCAMP7_10_69,False,370,320,swap_distal,250.0,200.0,69,post_swap,GCAMP7,19,2
70,10,GCAMP7_10_70,False,370,320,swap_distal,250.0,200.0,70,post_swap,GCAMP7,19,2
71,10,GCAMP7_10_71,False,370,320,swap_distal,250.0,200.0,71,post_swap,GCAMP7,36,1
72,10,GCAMP7_10_72,False,370,320,swap_distal,250.0,200.0,72,post_swap,GCAMP7,21,2
73,10,GCAMP7_10_73,False,370,320,swap_distal,250.0,200.0,73,post_swap,GCAMP7,97,2
74,10,GCAMP7_10_74,True,370,320,swap_distal,250.0,200.0,74,post_swap,GCAMP7,79,6
75,10,GCAMP7_10_75,False,370,320,swap_distal,250.0,200.0,75,post_swap,GCAMP7,65,1
76,10,GCAMP7_10_76,False,370,320,swap_distal,250.0,200.0,76,post_swap,GCAMP7,90,2
77,10,GCAMP7_10_77,True,370,320,swap_distal,250.0,200.0,77,post_swap,GCAMP7,78,6
78,10,GCAMP7_10_78,False,370,320,swap_distal,250.0,200.0,78,post_swap,GCAMP7,36,1
79,10,GCAMP7_10_79,False,370,320,swap_distal,250.0,200.0,79,post_swap,GCAMP7,91,2
0,12,GCAMP7_12_0,False,370,320,swap_proximal,130.0,80.0,0,pre_swap,GCAMP7,67,1
1,12,GCAMP7_12_1,False,370,320,swap_proximal,130.0,80.0,1,pre_swap,GCAMP7,65,1
2,12,GCAMP7_12_2,False,370,320,swap_proximal,130.0,80.0,2,pre_swap,GCAMP7,90,2
3,12,GCAMP7_12_3,False,370,320,swap_proximal,130.0,80.0,3,pre_swap,GCAMP7,19,2
4,12,GCAMP7_12_4,False,370,320,swap_proximal,130.0,80.0,4,pre_swap,GCAMP7,-1,2
5,12,GCAMP7_12_5,True,370,320,swap_proximal,130.0,80.0,5,pre_swap,GCAMP7,3,0
6,12,GCAMP7_12_6,True,370,320,swap_proximal,130.0,80.0,6,pre_swap,GCAMP7,10,0
7,12,GCAMP7_12_7,False,370,320,swap_proximal,130.0,80.0,7,pre_swap,GCAMP7,67,10
8,12,GCAMP7_12_8,False,370,320,swap_proximal,130.0,80.0,8,pre_swap,GCAMP7,41,1
9,12,GCAMP7_12_9,False,370,320,swap_proximal,130.0,80.0,9,pre_swap,GCAMP7,25,2
10,12,GCAMP7_12_10,False,370,320,swap_proximal,130.0,80.0,10,pre_swap,GCAMP7,1,2
11,12,GCAMP7_12_11,False,370,320,swap_proximal,130.0,80.0,11,pre_swap,GCAMP7,7,2
12,12,GCAMP7_12_12,False,370,320,swap_proximal,130.0,80.0,12,pre_swap,GCAMP7,94,2
13,12,GCAMP7_12_13,False,370,320,swap_proximal,130.0,80.0,13,pre_swap,GCAMP7,97,2
14,12,GCAMP7_12_14,False,370,320,swap_proximal,130.0,80.0,14,pre_swap,GCAMP7,91,2
15,12,GCAMP7_12_15,False,370,320,swap_proximal,130.0,80.0,15,pre_swap,GCAMP7,91,2
16,12,GCAMP7_12_16,False,370,320,swap_proximal,130.0,80.0,16,pre_swap,GCAMP7,41,1
17,12,GCAMP7_12_17,False,370,320,swap_proximal,130.0,80.0,17,pre_swap,GCAMP7,7,2
18,12,GCAMP7_12_18,False,370,320,swap_proximal,130.0,80.0,18,pre_swap,GCAMP7,25,2
19,12,GCAMP7_12_19,False,370,320,swap_proximal,130.0,80.0,19,pre_swap,GCAMP7,7,2
20,12,GCAMP7_12_20,False,370,320,swap_proximal,130.0,80.0,20,pre_swap,GCAMP7,2,2
21,12,GCAMP7_12_21,False,370,320,swap_proximal,130.0,80.0,21,pre_swap,GCAMP7,41,1
22,12,GCAMP7_12_22,False,370,320,swap_proximal,130.0,80.0,22,pre_swap,GCAMP7,7,2
23,12,GCAMP7_12_23,False,370,320,swap_proximal,130.0,80.0,23,pre_swap,GCAMP7,91,2
24,12,GCAMP7_12_24,False,370,320,swap_proximal,130.0,80.0,24,pre_swap,GCAMP7,1,2
25,12,GCAMP7_12_25,False,370,320,swap_proximal,130.0,80.0,25,pre_swap,GCAMP7,96,2
26,12,GCAMP7_12_26,False,370,320,swap_proximal,130.0,80.0,26,pre_swap,GCAMP7,64,1
27,12,GCAMP7_12_27,False,370,320,swap_proximal,130.0,80.0,27,pre_swap,GCAMP7,25,0
28,12,GCAMP7_12_28,False,370,320,swap_proximal,130.0,80.0,28,pre_swap,GCAMP7,-1,6
29,12,GCAMP7_12_29,False,370,320,swap_proximal,130.0,80.0,29,pre_swap,GCAMP7,94,2
30,12,GCAMP7_12_30,True,130,80,swap_proximal,370.0,320.0,30,post_swap,GCAMP7,78,6
31,12,GCAMP7_12_31,True,130,80,swap_proximal,370.0,320.0,31,post_swap,GCAMP7,10,0
32,12,GCAMP7_12_32,False,130,80,swap_proximal,370.0,320.0,32,post_swap,GCAMP7,57,6
33,12,GCAMP7_12_33,False,130,80,swap_proximal,370.0,320.0,33,post_swap,GCAMP7,72,8
34,12,GCAMP7_12_34,False,130,80,swap_proximal,370.0,320.0,34,post_swap,GCAMP7,40,7
35,12,GCAMP7_12_35,True,130,80,swap_proximal,370.0,320.0,35,post_swap,GCAMP7,86,10
36,12,GCAMP7_12_36,False,130,80,swap_proximal,370.0,320.0,36,post_swap,GCAMP7,57,6
37,12,GCAMP7_12_37,True,130,80,swap_proximal,370.0,320.0,37,post_swap,GCAMP7,86,10
38,12,GCAMP7_12_38,True,130,80,swap_proximal,370.0,320.0,38,post_swap,GCAMP7,67,10
39,12,GCAMP7_12_39,False,130,80,swap_proximal,370.0,320.0,39,post_swap,GCAMP7,72,8
40,12,GCAMP7_12_40,False,130,80,swap_proximal,370.0,320.0,40,post_swap,GCAMP7,48,8
41,12,GCAMP7_12_41,False,130,80,swap_proximal,370.0,320.0,41,post_swap,GCAMP7,48,8
42,12,GCAMP7_12_42,False,130,80,swap_proximal,370.0,320.0,42,post_swap,GCAMP7,48,8
43,12,GCAMP7_12_43,False,130,80,swap_proximal,370.0,320.0,43,post_swap,GCAMP7,48,8
44,12,GCAMP7_12_44,False,130,80,swap_proximal,370.0,320.0,44,post_swap,GCAMP7,48,8
45,12,GCAMP7_12_45,False,130,80,swap_proximal,370.0,320.0,45,post_swap,GCAMP7,40,8
46,12,GCAMP7_12_46,True,130,80,swap_proximal,370.0,320.0,46,post_swap,GCAMP7,86,10
47,12,GCAMP7_12_47,False,130,80,swap_proximal,370.0,320.0,47,post_swap,GCAMP7,48,8
48,12,GCAMP7_12_48,False,130,80,swap_proximal,370.0,320.0,48,post_swap,GCAMP7,72,8
49,12,GCAMP7_12_49,True,130,80,swap_proximal,370.0,320.0,49,post_swap,GCAMP7,86,10
50,12,GCAMP7_12_50,False,130,80,swap_proximal,370.0,320.0,50,post_swap,GCAMP7,48,8
51,12,GCAMP7_12_51,False,130,80,swap_proximal,370.0,320.0,51,post_swap,GCAMP7,48,8
52,12,GCAMP7_12_52,False,130,80,swap_proximal,370.0,320.0,52,post_swap,GCAMP7,48,8
53,12,GCAMP7_12_53,False,130,80,swap_proximal,370.0,320.0,53,post_swap,GCAMP7,48,8
54,12,GCAMP7_12_54,False,130,80,swap_proximal,370.0,320.0,54,post_swap,GCAMP7,48,8
55,12,GCAMP7_12_55,False,130,80,swap_proximal,370.0,320.0,55,post_swap,GCAMP7,48,8
56,12,GCAMP7_12_56,False,130,80,swap_proximal,370.0,320.0,56,post_swap,GCAMP7,48,8
57,12,GCAMP7_12_57,True,130,80,swap_proximal,370.0,320.0,57,post_swap,GCAMP7,86,10
58,12,GCAMP7_12_58,True,130,80,swap_proximal,370.0,320.0,58,post_swap,GCAMP7,86,10
59,12,GCAMP7_12_59,False,130,80,swap_proximal,370.0,320.0,59,post_swap,GCAMP7,48,8
60,12,GCAMP7_12_60,True,130,80,swap_proximal,370.0,320.0,60,post_swap,GCAMP7,86,10
61,12,GCAMP7_12_61,False,130,80,swap_proximal,370.0,320.0,61,post_swap,GCAMP7,48,8
62,12,GCAMP7_12_62,True,130,80,swap_proximal,370.0,320.0,62,post_swap,GCAMP7,86,10
63,12,GCAMP7_12_63,True,130,80,swap_proximal,370.0,320.0,63,post_swap,GCAMP7,67,10
64,12,GCAMP7_12_64,False,130,80,swap_proximal,370.0,320.0,64,post_swap,GCAMP7,48,8
65,12,GCAMP7_12_65,False,130,80,swap_proximal,370.0,320.0,65,post_swap,GCAMP7,72,7
66,12,GCAMP7_12_66,False,130,80,swap_proximal,370.0,320.0,66,post_swap,GCAMP7,48,8
67,12,GCAMP7_12_67,False,130,80,swap_proximal,370.0,320.0,67,post_swap,GCAMP7,48,8
68,12,GCAMP7_12_68,False,130,80,swap_proximal,370.0,320.0,68,post_swap,GCAMP7,48,8
69,12,GCAMP7_12_69,False,130,80,swap_proximal,370.0,320.0,69,post_swap,GCAMP7,47,8
70,12,GCAMP7_12_70,False,130,80,swap_proximal,370.0,320.0,70,post_swap,GCAMP7,72,8
71,12,GCAMP7_12_71,False,130,80,swap_proximal,370.0,320.0,71,post_swap,GCAMP7,48,8
72,12,GCAMP7_12_72,False,130,80,swap_proximal,370.0,320.0,72,post_swap,GCAMP7,48,8
73,12,GCAMP7_12_73,False,130,80,swap_proximal,370.0,320.0,73,post_swap,GCAMP7,48,8
74,12,GCAMP7_12_74,False,130,80,swap_proximal,370.0,320.0,74,post_swap,GCAMP7,72,8
75,12,GCAMP7_12_75,False,130,80,swap_proximal,370.0,320.0,75,post_swap,GCAMP7,72,8
76,12,GCAMP7_12_76,False,130,80,swap_proximal,370.0,320.0,76,post_swap,GCAMP7,48,8
77,12,GCAMP7_12_77,False,130,80,swap_proximal,370.0,320.0,77,post_swap,GCAMP7,72,7
78,12,GCAMP7_12_78,False,130,80,swap_proximal,370.0,320.0,78,post_swap,GCAMP7,40,7
79,12,GCAMP7_12_79,False,130,80,swap_proximal,370.0,320.0,79,post_swap,GCAMP7,72,7
80,12,GCAMP7_12_80,False,130,80,swap_proximal,370.0,320.0,80,post_swap,GCAMP7,72,7
81,12,GCAMP7_12_81,False,130,80,swap_proximal,370.0,320.0,81,post_swap,GCAMP7,72,7
82,12,GCAMP7_12_82,True,130,80,swap_proximal,370.0,320.0,82,post_swap,GCAMP7,86,10
83,12,GCAMP7_12_83,True,130,80,swap_proximal,370.0,320.0,83,post_swap,GCAMP7,83,9
84,12,GCAMP7_12_84,False,130,80,swap_proximal,370.0,320.0,84,post_swap,GCAMP7,72,7
85,12,GCAMP7_12_85,False,130,80,swap_proximal,370.0,320.0,85,post_swap,GCAMP7,72,7
86,12,GCAMP7_12_86,False,130,80,swap_proximal,370.0,320.0,86,post_swap,GCAMP7,40,7
87,12,GCAMP7_12_87,False,130,80,swap_proximal,370.0,320.0,87,post_swap,GCAMP7,40,7
88,12,GCAMP7_12_88,False,130,80,swap_proximal,370.0,320.0,88,post_swap,GCAMP7,40,7
89,12,GCAMP7_12_89,False,130,80,swap_proximal,370.0,320.0,89,post_swap,GCAMP7,86,10
90,12,GCAMP7_12_90,False,130,80,swap_proximal,370.0,320.0,90,post_swap,GCAMP7,72,7
91,12,GCAMP7_12_91,False,130,80,swap_proximal,370.0,320.0,91,post_swap,GCAMP7,40,7
92,12,GCAMP7_12_92,False,130,80,swap_proximal,370.0,320.0,92,post_swap,GCAMP7,40,7
93,12,GCAMP7_12_93,False,130,80,swap_proximal,370.0,320.0,93,post_swap,GCAMP7,48,8
94,12,GCAMP7_12_94,False,130,80,swap_proximal,370.0,320.0,94,post_swap,GCAMP7,72,7
95,12,GCAMP7_12_95,False,130,80,swap_proximal,370.0,320.0,95,post_swap,GCAMP7,48,8
96,12,GCAMP7_12_96,False,130,80,swap_proximal,370.0,320.0,96,post_swap,GCAMP7,71,7
97,12,GCAMP7_12_97,True,130,80,swap_proximal,370.0,320.0,97,post_swap,GCAMP7,83,9
98,12,GCAMP7_12_98,False,130,80,swap_proximal,370.0,320.0,98,post_swap,GCAMP7,71,8
99,12,GCAMP7_12_99,False,130,80,swap_proximal,370.0,320.0,99,post_swap,GCAMP7,72,7
0,14,GCAMP7_14_0,True,130,80,swap_distal,250.0,200.0,0,pre_swap,GCAMP7,67,1
1,14,GCAMP7_14_1,False,130,80,swap_distal,250.0,200.0,1,pre_swap,GCAMP7,71,7
2,14,GCAMP7_14_2,False,130,80,swap_distal,250.0,200.0,2,pre_swap,GCAMP7,40,7
3,14,GCAMP7_14_3,False,130,80,swap_distal,250.0,200.0,3,pre_swap,GCAMP7,40,7
4,14,GCAMP7_14_4,False,130,80,swap_distal,250.0,200.0,4,pre_swap,GCAMP7,40,7
5,14,GCAMP7_14_5,False,130,80,swap_distal,250.0,200.0,5,pre_swap,GCAMP7,27,3
6,14,GCAMP7_14_6,False,130,80,swap_distal,250.0,200.0,6,pre_swap,GCAMP7,40,7
7,14,GCAMP7_14_7,False,130,80,swap_distal,250.0,200.0,7,pre_swap,GCAMP7,39,3
8,14,GCAMP7_14_8,False,130,80,swap_distal,250.0,200.0,8,pre_swap,GCAMP7,39,3
9,14,GCAMP7_14_9,False,130,80,swap_distal,250.0,200.0,9,pre_swap,GCAMP7,40,3
10,14,GCAMP7_14_10,False,130,80,swap_distal,250.0,200.0,10,pre_swap,GCAMP7,40,7
11,14,GCAMP7_14_11,True,130,80,swap_distal,250.0,200.0,11,pre_swap,GCAMP7,83,9
12,14,GCAMP7_14_12,False,130,80,swap_distal,250.0,200.0,12,pre_swap,GCAMP7,40,7
13,14,GCAMP7_14_13,False,130,80,swap_distal,250.0,200.0,13,pre_swap,GCAMP7,40,7
14,14,GCAMP7_14_14,False,130,80,swap_distal,250.0,200.0,14,pre_swap,GCAMP7,40,7
15,14,GCAMP7_14_15,False,130,80,swap_distal,250.0,200.0,15,pre_swap,GCAMP7,40,7
16,14,GCAMP7_14_16,False,130,80,swap_distal,250.0,200.0,16,pre_swap,GCAMP7,39,3
17,14,GCAMP7_14_17,False,130,80,swap_distal,250.0,200.0,17,pre_swap,GCAMP7,27,3
18,14,GCAMP7_14_18,False,130,80,swap_distal,250.0,200.0,18,pre_swap,GCAMP7,40,3
19,14,GCAMP7_14_19,False,130,80,swap_distal,250.0,200.0,19,pre_swap,GCAMP7,40,3
20,14,GCAMP7_14_20,False,130,80,swap_distal,250.0,200.0,20,pre_swap,GCAMP7,27,3
21,14,GCAMP7_14_21,False,130,80,swap_distal,250.0,200.0,21,pre_swap,GCAMP7,44,3
22,14,GCAMP7_14_22,True,130,80,swap_distal,250.0,200.0,22,pre_swap,GCAMP7,40,9
23,14,GCAMP7_14_23,False,130,80,swap_distal,250.0,200.0,23,pre_swap,GCAMP7,40,3
24,14,GCAMP7_14_24,False,130,80,swap_distal,250.0,200.0,24,pre_swap,GCAMP7,39,3
25,14,GCAMP7_14_25,True,130,80,swap_distal,250.0,200.0,25,pre_swap,GCAMP7,31,5
26,14,GCAMP7_14_26,False,130,80,swap_distal,250.0,200.0,26,pre_swap,GCAMP7,40,7
27,14,GCAMP7_14_27,False,130,80,swap_distal,250.0,200.0,27,pre_swap,GCAMP7,40,3
28,14,GCAMP7_14_28,False,130,80,swap_distal,250.0,200.0,28,pre_swap,GCAMP7,40,3
29,14,GCAMP7_14_29,False,130,80,swap_distal,250.0,200.0,29,pre_swap,GCAMP7,34,3
30,14,GCAMP7_14_30,False,250,200,swap_distal,130.0,80.0,30,post_swap,GCAMP7,53,1
31,14,GCAMP7_14_31,False,250,200,swap_distal,130.0,80.0,31,post_swap,GCAMP7,53,1
32,14,GCAMP7_14_32,False,250,200,swap_distal,130.0,80.0,32,post_swap,GCAMP7,82,5
33,14,GCAMP7_14_33,False,250,200,swap_distal,130.0,80.0,33,post_swap,GCAMP7,52,5
34,14,GCAMP7_14_34,False,250,200,swap_distal,130.0,80.0,34,post_swap,GCAMP7,83,5
35,14,GCAMP7_14_35,False,250,200,swap_distal,130.0,80.0,35,post_swap,GCAMP7,83,5
36,14,GCAMP7_14_36,False,250,200,swap_distal,130.0,80.0,36,post_swap,GCAMP7,82,5
37,14,GCAMP7_14_37,False,250,200,swap_distal,130.0,80.0,37,post_swap,GCAMP7,83,9
38,14,GCAMP7_14_38,False,250,200,swap_distal,130.0,80.0,38,post_swap,GCAMP7,53,1
39,14,GCAMP7_14_39,False,250,200,swap_distal,130.0,80.0,39,post_swap,GCAMP7,83,1
40,14,GCAMP7_14_40,False,250,200,swap_distal,130.0,80.0,40,post_swap,GCAMP7,67,10
41,14,GCAMP7_14_41,False,250,200,swap_distal,130.0,80.0,41,post_swap,GCAMP7,85,10
42,14,GCAMP7_14_42,False,250,200,swap_distal,130.0,80.0,42,post_swap,GCAMP7,67,1
43,14,GCAMP7_14_43,False,250,200,swap_distal,130.0,80.0,43,post_swap,GCAMP7,52,1
44,14,GCAMP7_14_44,True,250,200,swap_distal,130.0,80.0,44,post_swap,GCAMP7,78,10
45,14,GCAMP7_14_45,False,250,200,swap_distal,130.0,80.0,45,post_swap,GCAMP7,52,5
46,14,GCAMP7_14_46,False,250,200,swap_distal,130.0,80.0,46,post_swap,GCAMP7,83,5
47,14,GCAMP7_14_47,False,250,200,swap_distal,130.0,80.0,47,post_swap,GCAMP7,17,5
48,14,GCAMP7_14_48,False,250,200,swap_distal,130.0,80.0,48,post_swap,GCAMP7,4,4
49,14,GCAMP7_14_49,False,250,200,swap_distal,130.0,80.0,49,post_swap,GCAMP7,52,5
50,14,GCAMP7_14_50,False,250,200,swap_distal,130.0,80.0,50,post_swap,GCAMP7,4,5
51,14,GCAMP7_14_51,False,250,200,swap_distal,130.0,80.0,51,post_swap,GCAMP7,4,4
52,14,GCAMP7_14_52,False,250,200,swap_distal,130.0,80.0,52,post_swap,GCAMP7,4,4
53,14,GCAMP7_14_53,False,250,200,swap_distal,130.0,80.0,53,post_swap,GCAMP7,51,5
54,14,GCAMP7_14_54,False,250,200,swap_distal,130.0,80.0,54,post_swap,GCAMP7,4,4
55,14,GCAMP7_14_55,False,250,200,swap_distal,130.0,80.0,55,post_swap,GCAMP7,14,4
56,14,GCAMP7_14_56,True,250,200,swap_distal,130.0,80.0,56,post_swap,GCAMP7,78,6
57,14,GCAMP7_14_57,False,250,200,swap_distal,130.0,80.0,57,post_swap,GCAMP7,81,4
58,14,GCAMP7_14_58,False,250,200,swap_distal,130.0,80.0,58,post_swap,GCAMP7,4,9
59,14,GCAMP7_14_59,False,250,200,swap_distal,130.0,80.0,59,post_swap,GCAMP7,4,5
60,14,GCAMP7_14_60,False,250,200,swap_distal,130.0,80.0,60,post_swap,GCAMP7,6,4
61,14,GCAMP7_14_61,False,250,200,swap_distal,130.0,80.0,61,post_swap,GCAMP7,-1,6
62,14,GCAMP7_14_62,False,250,200,swap_distal,130.0,80.0,62,post_swap,GCAMP7,82,5
63,14,GCAMP7_14_63,True,250,200,swap_distal,130.0,80.0,63,post_swap,GCAMP7,-1,0
64,14,GCAMP7_14_64,False,250,200,swap_distal,130.0,80.0,64,post_swap,GCAMP7,4,4
65,14,GCAMP7_14_65,False,250,200,swap_distal,130.0,80.0,65,post_swap,GCAMP7,52,5
66,14,GCAMP7_14_66,False,250,200,swap_distal,130.0,80.0,66,post_swap,GCAMP7,-1,6
67,14,GCAMP7_14_67,False,250,200,swap_distal,130.0,80.0,67,post_swap,GCAMP7,82,5
68,14,GCAMP7_14_68,False,250,200,swap_distal,130.0,80.0,68,post_swap,GCAMP7,52,5
69,14,GCAMP7_14_69,False,250,200,swap_distal,130.0,80.0,69,post_swap,GCAMP7,4,5
70,14,GCAMP7_14_70,True,250,200,swap_distal,130.0,80.0,70,post_swap,GCAMP7,3,0
71,14,GCAMP7_14_71,True,250,200,swap_distal,130.0,80.0,71,post_swap,GCAMP7,79,6
72,14,GCAMP7_14_72,False,250,200,swap_distal,130.0,80.0,72,post_swap,GCAMP7,4,5
73,14,GCAMP7_14_73,False,250,200,swap_distal,130.0,80.0,73,post_swap,GCAMP7,51,5
74,14,GCAMP7_14_74,True,250,200,swap_distal,130.0,80.0,74,post_swap,GCAMP7,79,6
75,14,GCAMP7_14_75,True,250,200,swap_distal,130.0,80.0,75,post_swap,GCAMP7,10,0
76,14,GCAMP7_14_76,False,250,200,swap_distal,130.0,80.0,76,post_swap,GCAMP7,32,2
77,14,GCAMP7_14_77,False,250,200,swap_distal,130.0,80.0,77,post_swap,GCAMP7,52,5
78,14,GCAMP7_14_78,False,250,200,swap_distal,130.0,80.0,78,post_swap,GCAMP7,17,9
79,14,GCAMP7_14_79,False,250,200,swap_distal,130.0,80.0,79,post_swap,GCAMP7,4,4
80,14,GCAMP7_14_80,False,250,200,swap_distal,130.0,80.0,80,post_swap,GCAMP7,4,4
81,14,GCAMP7_14_81,False,250,200,swap_distal,130.0,80.0,81,post_swap,GCAMP7,9,4
82,14,GCAMP7_14_82,False,250,200,swap_distal,130.0,80.0,82,post_swap,GCAMP7,51,5
83,14,GCAMP7_14_83,False,250,200,swap_distal,130.0,80.0,83,post_swap,GCAMP7,32,4
84,14,GCAMP7_14_84,False,250,200,swap_distal,130.0,80.0,84,post_swap,GCAMP7,82,5
85,14,GCAMP7_14_85,False,250,200,swap_distal,130.0,80.0,85,post_swap,GCAMP7,83,5
86,14,GCAMP7_14_86,False,250,200,swap_distal,130.0,80.0,86,post_swap,GCAMP7,83,5
87,14,GCAMP7_14_87,False,250,200,swap_distal,130.0,80.0,87,post_swap,GCAMP7,52,5
88,14,GCAMP7_14_88,False,250,200,swap_distal,130.0,80.0,88,post_swap,GCAMP7,17,5
89,14,GCAMP7_14_89,False,250,200,swap_distal,130.0,80.0,89,post_swap,GCAMP7,17,5
90,14,GCAMP7_14_90,False,250,200,swap_distal,130.0,80.0,90,post_swap,GCAMP7,52,5
91,14,GCAMP7_14_91,False,250,200,swap_distal,130.0,80.0,91,post_swap,GCAMP7,4,5
92,14,GCAMP7_14_92,True,250,200,swap_distal,130.0,80.0,92,post_swap,GCAMP7,79,6
93,14,GCAMP7_14_93,False,250,200,swap_distal,130.0,80.0,93,post_swap,GCAMP7,4,5
94,14,GCAMP7_14_94,True,250,200,swap_distal,130.0,80.0,94,post_swap,GCAMP7,15,6
95,14,GCAMP7_14_95,False,250,200,swap_distal,130.0,80.0,95,post_swap,GCAMP7,52,5
96,14,GCAMP7_14_96,False,250,200,swap_distal,130.0,80.0,96,post_swap,GCAMP7,52,5
97,14,GCAMP7_14_97,False,250,200,swap_distal,130.0,80.0,97,post_swap,GCAMP7,9,4
98,14,GCAMP7_14_98,True,250,200,swap_distal,130.0,80.0,98,post_swap,GCAMP7,86,10
99,14,GCAMP7_14_99,False,250,200,swap_distal,130.0,80.0,99,post_swap,GCAMP7,82,5
